-- --------------------------------------------------------
-- Servidor:                     127.0.0.1
-- Versão do servidor:           10.4.22-MariaDB - mariadb.org binary distribution
-- OS do Servidor:               Win64
-- HeidiSQL Versão:              11.3.0.6295
-- --------------------------------------------------------

/*!40101 SET @OLD_CHARACTER_SET_CLIENT=@@CHARACTER_SET_CLIENT */;
/*!40101 SET NAMES utf8 */;
/*!50503 SET NAMES utf8mb4 */;
/*!40014 SET @OLD_FOREIGN_KEY_CHECKS=@@FOREIGN_KEY_CHECKS, FOREIGN_KEY_CHECKS=0 */;
/*!40101 SET @OLD_SQL_MODE=@@SQL_MODE, SQL_MODE='NO_AUTO_VALUE_ON_ZERO' */;
/*!40111 SET @OLD_SQL_NOTES=@@SQL_NOTES, SQL_NOTES=0 */;


-- Copiando estrutura do banco de dados para diario_new
DROP DATABASE IF EXISTS `diario_new`;
CREATE DATABASE IF NOT EXISTS `diario_new` /*!40100 DEFAULT CHARACTER SET latin1 COLLATE latin1_general_cs */;
USE `diario_new`;

-- Copiando estrutura para tabela diario_new.aluno
DROP TABLE IF EXISTS `aluno`;
CREATE TABLE IF NOT EXISTS `aluno` (
  `mat_aluno` int(50) NOT NULL,
  `nome_aluno` varchar(50) DEFAULT NULL,
  PRIMARY KEY (`mat_aluno`)
) ENGINE=InnoDB DEFAULT CHARSET=utf8mb4;

-- Copiando dados para a tabela diario_new.aluno: ~241 rows (aproximadamente)
/*!40000 ALTER TABLE `aluno` DISABLE KEYS */;
REPLACE INTO `aluno` (`mat_aluno`, `nome_aluno`) VALUES
	(101934087, 'Luiz Miguel Cardoso'),
	(110677401, 'Renan Azevedo'),
	(116497709, 'Marcelo Melo'),
	(116948282, 'Guilherme da Cunha'),
	(117187087, 'Benício Alves'),
	(117577685, 'Maria Sophia Cardoso'),
	(126281742, 'Stephany da Costa'),
	(152472717, 'Lavínia Costa'),
	(154495233, 'Mirella Aragão'),
	(155407313, 'Vinicius Fernandes'),
	(161032341, 'Gabriela Aragão'),
	(172002549, 'Isabella Rocha'),
	(176635126, 'André Almeida'),
	(176642555, 'Vitor Ribeiro'),
	(178422343, 'Ana Sophia da Costa'),
	(181165067, 'Gustavo Gomes'),
	(184158591, 'Catarina Campos'),
	(189278813, 'Maria Clara Peixoto'),
	(189780053, 'Yasmin da Rosa'),
	(190057349, 'Ana Júlia Pires'),
	(194059759, 'Davi Lucas Moraes'),
	(194255123, 'Mariana Teixeira'),
	(194309631, 'Cauê Gonçalves'),
	(195430765, 'Yasmin Vieira'),
	(195722975, 'Luiz Felipe Campos'),
	(196614499, 'Beatriz Castro'),
	(197519747, 'Breno da Paz'),
	(203678439, 'Nicolas Campos'),
	(204041304, 'Ana Clara Costa'),
	(209850113, 'Emanuelly Nascimento'),
	(213003015, 'Augusto Lopes'),
	(216651344, 'Gabriela Ferreira'),
	(224928372, 'Enzo da Mata'),
	(230956782, 'Luiza da Mata'),
	(231709819, 'Alice Gonçalves'),
	(234541909, 'Noah Azevedo'),
	(234796262, 'Gabriela Moraes'),
	(237200339, 'Gabriela Rezende'),
	(240158606, 'Isabel Cunha'),
	(246369695, 'Ana Clara Fernandes'),
	(250263657, 'Matheus Jesus'),
	(251975122, 'Sabrina Campos'),
	(252733541, 'Gabriela Costa'),
	(264354363, 'Rafaela Alves'),
	(274577775, 'Emanuelly Martins'),
	(276348068, 'Guilherme Rezende'),
	(278311906, 'Raul Santos'),
	(282310701, 'João Vitor Ribeiro'),
	(282584783, 'Lavínia Nogueira'),
	(284631444, 'Davi Luiz Sales'),
	(284833191, 'Yago Fernandes'),
	(285423208, 'Manuela Ribeiro'),
	(291031778, 'Sabrina Araújo'),
	(291475634, 'Camila Ramos'),
	(295388097, 'João Miguel Fogaça'),
	(295440991, 'Cecília Pereira'),
	(300905432, 'Alexia Souza'),
	(304145127, 'Benício Gomes'),
	(306658297, 'Yago Oliveira'),
	(316433430, 'Marina Martins'),
	(316555751, 'Augusto Duarte'),
	(321049496, 'Ana Luiza da Mata'),
	(337487349, 'Cauê Porto'),
	(340406327, 'João Lucas Moraes'),
	(344184862, 'Vitória Cunha'),
	(348731031, 'Nathan Barbosa'),
	(350547892, 'Olivia Pires'),
	(352549313, 'Pedro da Costa'),
	(354081664, 'Maria Julia Gomes'),
	(356459008, 'Milena Santos'),
	(359720312, 'Manuela Pires'),
	(360603123, 'Francisco Araújo'),
	(361162101, 'Levi Caldeira'),
	(368196653, 'Letícia Barbosa'),
	(370709428, 'Emanuelly Azevedo'),
	(370723835, 'Antônio Campos'),
	(379289781, 'Vinicius Mendes'),
	(383386194, 'Larissa Carvalho'),
	(383693957, 'Vicente Pinto'),
	(384363549, 'Esther Porto'),
	(397695956, 'Pedro Fogaça'),
	(398365326, 'Alexia Freitas'),
	(400921630, 'Ana Vitória Barbosa'),
	(403345033, 'Alícia Moreira'),
	(409772293, 'Igor Dias'),
	(409864326, 'Kamilly da Luz'),
	(415169544, 'João Gabriel Mendes'),
	(421150212, 'João Vitor da Rosa'),
	(422580329, 'Arthur Cardoso'),
	(427838157, 'Cecília Viana'),
	(428704165, 'Mariane Silva'),
	(432204877, 'Isabelly Nogueira'),
	(434258494, 'Yasmin Cavalcanti'),
	(434296921, 'Daniela Lopes'),
	(434518036, 'Sophia da Rocha'),
	(438275897, 'Lívia Araújo'),
	(448109446, 'Helena Novaes'),
	(456811054, 'Kaique Farias'),
	(473107403, 'Ana Luiza Alves'),
	(474721732, 'Felipe Cardoso'),
	(480644832, 'Marcela Peixoto'),
	(481642946, 'Maria Cecília Porto'),
	(482530458, 'Henrique Novaes'),
	(482786161, 'Juan Carvalho'),
	(482871634, 'Breno Barros'),
	(485114581, 'Yasmin Barbosa'),
	(488509023, 'Vicente Rodrigues'),
	(489687644, 'Ana Clara Aragão'),
	(492380083, 'Lucca Fogaça'),
	(500899243, 'Mariana Rodrigues'),
	(501802420, 'Eduarda da Mata'),
	(508865705, 'Heitor Novaes'),
	(531692576, 'Nina Castro'),
	(534602237, 'Thales Rezende'),
	(536746862, 'Beatriz Pires'),
	(550442059, 'Enzo Gabriel Viana'),
	(555797311, 'Diego Ferreira'),
	(560370382, 'Raquel Gomes'),
	(560692288, 'Pedro Henrique Rocha'),
	(564447922, 'João Rodrigues'),
	(566431482, 'Enzo Moraes'),
	(567354393, 'Alícia Correia'),
	(569923216, 'Renan da Costa'),
	(585215620, 'Fernando Correia'),
	(589896943, 'Esther Lopes'),
	(591476684, 'Nicolas Fernandes'),
	(595715823, 'Enzo Gabriel da Cruz'),
	(602678878, 'Arthur das Neves'),
	(605893177, 'Davi Luiz Martins'),
	(617868471, 'Danilo Gomes'),
	(619923591, 'Stella da Cruz'),
	(626062445, 'Nicole Carvalho'),
	(631271869, 'Júlia da Costa'),
	(633981816, 'Valentina da Costa'),
	(635616925, 'Bruna Ferreira'),
	(635826424, 'Calebe Freitas'),
	(638829408, 'Manuela Teixeira'),
	(654583411, 'Lucas Costa'),
	(655784454, 'Isabel Viana'),
	(656351056, 'Alexandre Novaes'),
	(658680424, 'Marina Farias'),
	(664533432, 'Heitor Pires'),
	(664939132, 'Enzo da Costa'),
	(665887147, 'Maria Eduarda Fernandes'),
	(670272020, 'Luigi da Cunha'),
	(673356076, 'Esther da Cruz'),
	(674021444, 'Otávio Santos'),
	(674067405, 'Alexia Barbosa'),
	(682547600, 'Alícia Gomes'),
	(684950734, 'Gustavo Farias'),
	(688450060, 'Caroline Cunha'),
	(689375635, 'Maria Luiza Nogueira'),
	(699982446, 'Theo Viana'),
	(703525159, 'Maria Eduarda Pires '),
	(703567418, 'Marcelo Pereira'),
	(708025950, 'Leandro da Cruz'),
	(721611716, 'João Vitor Oliveira'),
	(725516706, 'Ana Júlia Costa'),
	(728160698, 'Samuel Viana'),
	(732198389, 'João Miguel da Costa'),
	(740850663, 'Augusto Moreira'),
	(746506927, 'Carlos Henrique Mendes'),
	(751016682, 'Joaquim Cardoso'),
	(758819937, 'Brenda Carvalho'),
	(760283377, 'Lorena Rezende'),
	(762894197, 'Pedro Costela'),
	(763341140, 'Lavínia Ferreira'),
	(766324472, 'Vitor Fernandes'),
	(769618054, 'Enzo Souza'),
	(771068016, 'Isadora Barros'),
	(771429142, 'Matheus Peixoto'),
	(772485031, 'Luiza da Rosa'),
	(772528173, 'Juliana Rodrigues'),
	(780857949, 'Enzo Gabriel Cavalcanti'),
	(782851960, 'Heitor Campos'),
	(783655446, 'Ana Lívia da Rocha'),
	(785348327, 'Sofia Farias'),
	(785900323, 'Paulo Rocha'),
	(789789080, 'Julia Melo'),
	(789862135, 'Emanuella Nunes'),
	(791105207, 'Fernando Freitas'),
	(804453603, 'Marina Cardoso'),
	(804684968, 'Juan Moreira'),
	(805670171, 'Marcela da Rocha'),
	(807235669, 'Ana Beatriz Barros'),
	(809189040, 'Maria Sales'),
	(812163252, 'Maria Clara Nunes'),
	(815544475, 'Juliana Sales'),
	(820451791, 'Vicente Jesus '),
	(825363841, 'Luiz Gustavo Monteiro'),
	(829381292, 'Igor Monteiro'),
	(831241672, 'Valentina das Neves'),
	(832534762, 'Davi Lucca Peixoto'),
	(833355044, 'Maitê Monteiro'),
	(839146084, 'João Pedro Santos'),
	(846705380, 'Olivia Silva'),
	(848557439, 'Eduarda das Neves'),
	(850199217, 'Sabrina Azevedo'),
	(851482700, 'Otávio Costa'),
	(851871949, 'Miguel Nogueira'),
	(852169390, 'Caroline Jesus'),
	(854492529, 'Noah Moreira'),
	(863617304, 'Yago Vieira'),
	(864603037, 'Gabrielly Santos'),
	(867038429, 'Catarina Gonçalves'),
	(867285242, 'Renan Azevedo'),
	(867717516, 'Guilherme Correia'),
	(869706870, 'Laura Pires'),
	(873104864, ' Juliana Barbosa'),
	(874834743, 'Luigi Costela'),
	(875024790, 'Alice Almeida'),
	(879421695, 'Nicole Correia'),
	(880063697, 'Vitor Gabriel Silva'),
	(888472133, 'Camila da Cruz'),
	(898187581, 'Carlos Eduardo Pereira'),
	(903795950, 'Isabella Cavalcanti'),
	(904115887, 'Vitor Gabriel da Conceição'),
	(909533042, 'Ana Beatriz Pires'),
	(910091365, 'Melissa Nogueira'),
	(910617851, 'Marina Aragão'),
	(912254661, 'Luiz Miguel Pinto'),
	(916016890, 'Cauã Ribeiro'),
	(919747203, 'Leonardo Dias'),
	(920524113, 'Catarina Costa'),
	(930555206, 'Isadora Cardoso'),
	(931094546, 'Ana Luiza Santos'),
	(936132151, 'Bryan da Costa'),
	(948205736, 'Marina Costela'),
	(949446583, 'Bruno da Cruz'),
	(950980937, 'João Gabriel Cunha'),
	(951288120, 'Sophia Jesus'),
	(953347146, 'Melissa Moraes'),
	(957725605, 'Arthur Teixeira'),
	(966320919, 'Raquel Fogaça'),
	(966514843, 'Maria Vitória Viana'),
	(972182568, 'Beatriz Alves'),
	(984661722, 'João Gabriel Santos'),
	(989251085, 'Alexia Correia'),
	(997686718, 'Gabrielly Porto'),
	(999193491, 'Nicole Costela');
/*!40000 ALTER TABLE `aluno` ENABLE KEYS */;

-- Copiando estrutura para tabela diario_new.ano_letivo
DROP TABLE IF EXISTS `ano_letivo`;
CREATE TABLE IF NOT EXISTS `ano_letivo` (
  `id_ano` int(11) NOT NULL AUTO_INCREMENT,
  `nome_ano` varchar(50) DEFAULT NULL,
  `data_inicio` date DEFAULT NULL,
  `data_fim` date DEFAULT NULL,
  `observacao` varchar(200) DEFAULT NULL,
  `status` int(11) DEFAULT NULL,
  PRIMARY KEY (`id_ano`)
) ENGINE=InnoDB AUTO_INCREMENT=3 DEFAULT CHARSET=utf8mb4;

-- Copiando dados para a tabela diario_new.ano_letivo: ~2 rows (aproximadamente)
/*!40000 ALTER TABLE `ano_letivo` DISABLE KEYS */;
REPLACE INTO `ano_letivo` (`id_ano`, `nome_ano`, `data_inicio`, `data_fim`, `observacao`, `status`) VALUES
	(1, 'Ano Letivo 2021', '2021-02-01', '2021-12-20', 'Normal', 0),
	(2, 'Ano Letivo 2022', '2022-02-01', '2022-12-20', 'Normal (Volta total da Pandemia)', 1);
/*!40000 ALTER TABLE `ano_letivo` ENABLE KEYS */;

-- Copiando estrutura para procedure diario_new.apgcod
DROP PROCEDURE IF EXISTS `apgcod`;
DELIMITER //
CREATE PROCEDURE `apgcod`()
BEGIN
       DELETE FROM rec_conta WHERE data_rec < DATE_ADD(CURRENT_TIMESTAMP(), INTERVAL -6 HOUR);
     END//
DELIMITER ;

-- Copiando estrutura para tabela diario_new.aula
DROP TABLE IF EXISTS `aula`;
CREATE TABLE IF NOT EXISTS `aula` (
  `id_aula` int(11) NOT NULL AUTO_INCREMENT,
  `id_ministra` int(11) DEFAULT NULL,
  `trimestre` int(11) DEFAULT NULL,
  `aula_prev` int(11) DEFAULT NULL,
  `aula_min` int(11) DEFAULT NULL,
  PRIMARY KEY (`id_aula`),
  KEY `id_ministra` (`id_ministra`),
  CONSTRAINT `aula_ibfk_2` FOREIGN KEY (`id_ministra`) REFERENCES `ministra` (`id_ministra`)
) ENGINE=InnoDB AUTO_INCREMENT=7 DEFAULT CHARSET=utf8mb4;

-- Copiando dados para a tabela diario_new.aula: ~5 rows (aproximadamente)
/*!40000 ALTER TABLE `aula` DISABLE KEYS */;
REPLACE INTO `aula` (`id_aula`, `id_ministra`, `trimestre`, `aula_prev`, `aula_min`) VALUES
	(2, 12, 1, 12, 27),
	(3, 12, 2, 12, 18),
	(4, 12, 3, 12, 9),
	(5, 15, 3, 12, 2),
	(6, 20, 1, 4, 2);
/*!40000 ALTER TABLE `aula` ENABLE KEYS */;

-- Copiando estrutura para tabela diario_new.avaliacao
DROP TABLE IF EXISTS `avaliacao`;
CREATE TABLE IF NOT EXISTS `avaliacao` (
  `id_aval` int(11) NOT NULL AUTO_INCREMENT,
  `id_ministra` int(11) DEFAULT NULL,
  `nota_max` float DEFAULT NULL,
  `desc_aval` varchar(50) DEFAULT NULL,
  `tipo_aval` varchar(50) DEFAULT NULL,
  `trimestre` varchar(50) DEFAULT NULL,
  `recuperacao` int(11) DEFAULT NULL,
  PRIMARY KEY (`id_aval`),
  KEY `id_ministra` (`id_ministra`),
  CONSTRAINT `avaliacao_ibfk_1` FOREIGN KEY (`id_ministra`) REFERENCES `ministra` (`id_ministra`) ON DELETE CASCADE ON UPDATE CASCADE
) ENGINE=InnoDB AUTO_INCREMENT=22 DEFAULT CHARSET=utf8mb4;

-- Copiando dados para a tabela diario_new.avaliacao: ~14 rows (aproximadamente)
/*!40000 ALTER TABLE `avaliacao` DISABLE KEYS */;
REPLACE INTO `avaliacao` (`id_aval`, `id_ministra`, `nota_max`, `desc_aval`, `tipo_aval`, `trimestre`, `recuperacao`) VALUES
	(5, 12, 5, 'Teste - Iluminismo e Revolução Francesa', 'Teste', '1', 0),
	(6, 12, 10, 'Revolução Industrial', 'Prova', '1', 0),
	(7, 12, 10, 'Taylorismo', 'Prova', '2', 0),
	(8, 12, 10, 'Fordismo ', 'Prova', '2', 0),
	(9, 12, 10, 'Toyotismo', 'Teste', '3', 0),
	(10, 12, 8, 'Teoria Geral do Estado', 'Prova', '3', 0),
	(11, 12, 2, 'TESTE', '2', '1', 0),
	(12, 12, 2, 'TESTE', '2', '1', 0),
	(13, 12, 2, 'TESTE', '2', '1', 0),
	(14, 13, 12, 'TESTE', 'ORAL', '2', 0),
	(15, 14, 2, 'TESTE', 'ORAL', '1', 0),
	(16, 12, 10, 'teste', 'teste', '1', 0),
	(19, 14, 5, 'teste 2', 'Oral-B', '2', 0),
	(21, 12, 10, 'teste 2', 'teste', '1', 0);
/*!40000 ALTER TABLE `avaliacao` ENABLE KEYS */;

-- Copiando estrutura para tabela diario_new.avaliado
DROP TABLE IF EXISTS `avaliado`;
CREATE TABLE IF NOT EXISTS `avaliado` (
  `id_avaliado` int(11) NOT NULL AUTO_INCREMENT,
  `id_mat` int(11) DEFAULT NULL,
  `id_aval` int(11) DEFAULT NULL,
  `nota_avaliado` float DEFAULT NULL,
  `data_avaliado` date DEFAULT NULL,
  PRIMARY KEY (`id_avaliado`),
  KEY `id_aval` (`id_aval`),
  KEY `id_mat` (`id_mat`),
  CONSTRAINT `avaliado_ibfk_1` FOREIGN KEY (`id_aval`) REFERENCES `avaliacao` (`id_aval`) ON DELETE CASCADE ON UPDATE CASCADE,
  CONSTRAINT `avaliado_ibfk_2` FOREIGN KEY (`id_mat`) REFERENCES `matriculado` (`id_mat`) ON DELETE CASCADE ON UPDATE CASCADE
) ENGINE=InnoDB AUTO_INCREMENT=241 DEFAULT CHARSET=utf8mb4;

-- Copiando dados para a tabela diario_new.avaliado: ~200 rows (aproximadamente)
/*!40000 ALTER TABLE `avaliado` DISABLE KEYS */;
REPLACE INTO `avaliado` (`id_avaliado`, `id_mat`, `id_aval`, `nota_avaliado`, `data_avaliado`) VALUES
	(1, 27699, 5, 5.5, '2022-03-25'),
	(2, 27720, 5, 4.1, '2022-03-25'),
	(3, 27741, 5, 8, '2022-03-25'),
	(4, 27762, 5, 3, '2022-03-25'),
	(5, 27783, 5, 2, '2022-03-25'),
	(6, 27804, 5, 5, '2022-03-25'),
	(7, 27825, 5, 2, '2022-03-25'),
	(8, 27846, 5, 1, '2022-03-25'),
	(9, 27867, 5, 1, '2022-03-25'),
	(10, 27888, 5, 5, '2022-03-25'),
	(11, 27909, 5, 5, '2022-03-25'),
	(12, 27930, 5, 4, '2022-03-25'),
	(13, 27951, 5, 3, '2022-03-25'),
	(14, 27972, 5, 4, '2022-03-25'),
	(15, 27993, 5, 3, '2022-03-25'),
	(16, 28014, 5, 2, '2022-03-25'),
	(17, 28035, 5, 2, '2022-03-25'),
	(18, 28056, 5, 3, '2022-03-25'),
	(19, 28077, 5, 4, '2022-03-25'),
	(20, 28098, 5, 2, '2022-03-25'),
	(21, 28119, 5, 4, '2022-03-25'),
	(22, 28140, 5, 1, '2022-03-25'),
	(23, 28161, 5, 1, '2022-03-25'),
	(24, 28182, 5, 3, '2022-03-25'),
	(25, 28203, 5, 3, '2022-03-25'),
	(26, 28224, 5, 2, '2022-03-25'),
	(27, 28245, 5, 5, '2022-03-25'),
	(28, 28266, 5, 3, '2022-03-25'),
	(29, 28287, 5, 5, '2022-03-25'),
	(30, 28308, 5, 3, '2022-03-25'),
	(31, 27699, 6, 8, '2022-03-28'),
	(32, 27720, 6, 6, '2022-03-28'),
	(33, 27741, 6, 7, '2022-03-28'),
	(34, 27762, 6, 5, '2022-03-28'),
	(35, 27783, 6, 7, '2022-03-28'),
	(36, 27804, 6, 8, '2022-03-28'),
	(37, 27825, 6, 9, '2022-03-28'),
	(38, 27846, 6, 10, '2022-03-28'),
	(39, 27867, 6, 5, '2022-03-28'),
	(40, 27888, 6, 3, '2022-03-28'),
	(41, 27909, 6, 6, '2022-03-28'),
	(42, 27930, 6, 7, '2022-03-28'),
	(43, 27951, 6, 8, '2022-03-28'),
	(44, 27972, 6, 6, '2022-03-28'),
	(45, 27993, 6, 7, '2022-03-28'),
	(46, 28014, 6, 8, '2022-03-28'),
	(47, 28035, 6, 9, '2022-03-28'),
	(48, 28056, 6, 10, '2022-03-28'),
	(49, 28077, 6, 7, '2022-03-28'),
	(50, 28098, 6, 6, '2022-03-28'),
	(51, 28119, 6, 7, '2022-03-28'),
	(52, 28140, 6, 7, '2022-03-28'),
	(53, 28161, 6, 6, '2022-03-28'),
	(54, 28182, 6, 5.5, '2022-03-28'),
	(55, 28203, 6, 6, '2022-03-28'),
	(56, 28224, 6, 8, '2022-03-28'),
	(57, 28245, 6, 9, '2022-03-28'),
	(58, 28266, 6, 9, '2022-03-28'),
	(59, 28287, 6, 7, '2022-03-28'),
	(60, 28308, 6, 7, '2022-03-28'),
	(61, 27699, 7, 8, '2022-05-18'),
	(62, 27720, 7, 7, '2022-05-18'),
	(63, 27741, 7, 8, '2022-05-18'),
	(64, 27762, 7, 5, '2022-05-18'),
	(65, 27783, 7, 6, '2022-05-18'),
	(66, 27804, 7, 7, '2022-05-18'),
	(67, 27825, 7, 7, '2022-05-18'),
	(68, 27846, 7, 6, '2022-05-18'),
	(69, 27867, 7, 6, '2022-05-18'),
	(70, 27888, 7, 6, '2022-05-18'),
	(71, 27909, 7, 6, '2022-05-18'),
	(72, 27930, 7, 7, '2022-05-18'),
	(73, 27951, 7, 8, '2022-05-18'),
	(74, 27972, 7, 8, '2022-05-18'),
	(75, 27993, 7, 9, '2022-05-18'),
	(76, 28014, 7, 6, '2022-05-18'),
	(77, 28035, 7, 6, '2022-05-18'),
	(78, 28056, 7, 6, '2022-05-18'),
	(79, 28077, 7, 6, '2022-05-18'),
	(80, 28098, 7, 6, '2022-05-18'),
	(81, 28119, 7, 6, '2022-05-18'),
	(82, 28140, 7, 6, '2022-05-18'),
	(83, 28161, 7, 6, '2022-05-18'),
	(84, 28182, 7, 7, '2022-05-18'),
	(85, 28203, 7, 7, '2022-05-18'),
	(86, 28224, 7, 6, '2022-05-18'),
	(87, 28245, 7, 8, '2022-05-18'),
	(88, 28266, 7, 8, '2022-05-18'),
	(89, 28287, 7, 9, '2022-05-18'),
	(90, 28308, 7, 7, '2022-05-18'),
	(91, 27699, 8, 7, '2022-06-17'),
	(92, 27720, 8, 7, '2022-06-17'),
	(93, 27741, 8, 8, '2022-06-17'),
	(94, 27762, 8, 8, '2022-06-17'),
	(95, 27783, 8, 7, '2022-06-17'),
	(96, 27804, 8, 6, '2022-06-17'),
	(97, 27825, 8, 7, '2022-06-17'),
	(98, 27846, 8, 6, '2022-06-17'),
	(99, 27867, 8, 6, '2022-06-17'),
	(100, 27888, 8, 7, '2022-06-17'),
	(101, 27909, 8, 8, '2022-06-17'),
	(102, 27930, 8, 9, '2022-06-17'),
	(103, 27951, 8, 9, '2022-06-17'),
	(104, 27972, 8, 9, '2022-06-17'),
	(105, 27993, 8, 7, '2022-06-17'),
	(106, 28014, 8, 7, '2022-06-17'),
	(107, 28035, 8, 7, '2022-06-17'),
	(108, 28056, 8, 6, '2022-06-17'),
	(109, 28077, 8, 5, '2022-06-17'),
	(110, 28098, 8, 7, '2022-06-17'),
	(111, 28119, 8, 7, '2022-06-17'),
	(112, 28140, 8, 6, '2022-06-17'),
	(113, 28161, 8, 6, '2022-06-17'),
	(114, 28182, 8, 7, '2022-06-17'),
	(115, 28203, 8, 7, '2022-06-17'),
	(116, 28224, 8, 7, '2022-06-17'),
	(117, 28245, 8, 8, '2022-06-17'),
	(118, 28266, 8, 9, '2022-06-17'),
	(119, 28287, 8, 6, '2022-06-17'),
	(120, 28308, 8, 8, '2022-06-17'),
	(151, 33162, 19, 1, '2022-12-01'),
	(152, 33181, 19, 5.5, '2022-12-01'),
	(153, 33200, 19, 6.6, '2022-12-01'),
	(154, 33219, 19, 0, '2022-12-01'),
	(155, 33238, 19, 0, '2022-12-01'),
	(156, 33257, 19, 0, '2022-12-01'),
	(157, 33276, 19, 0, '2022-12-01'),
	(158, 33295, 19, 0, '2022-12-01'),
	(159, 33314, 19, 0, '2022-12-01'),
	(160, 33333, 19, 0, '2022-12-01'),
	(161, 33352, 19, 0, '2022-12-01'),
	(162, 33371, 19, 0, '2022-12-01'),
	(163, 30029, 19, 0, '2022-12-01'),
	(164, 33409, 19, 0, '2022-12-01'),
	(165, 33428, 19, 0, '2022-12-01'),
	(166, 33447, 19, 0, '2022-12-01'),
	(167, 33466, 19, 0, '2022-12-01'),
	(168, 33485, 19, 0, '2022-12-01'),
	(169, 33504, 19, 0, '2022-12-01'),
	(170, 33523, 19, 0, '2022-12-01'),
	(171, 33542, 19, 0, '2022-12-01'),
	(172, 33561, 19, 0, '2022-12-01'),
	(173, 33580, 19, 0, '2022-12-01'),
	(174, 33599, 19, 0, '2022-12-01'),
	(175, 33618, 19, 0, '2022-12-01'),
	(176, 33637, 19, 0, '2022-12-01'),
	(177, 33656, 19, 0, '2022-12-01'),
	(178, 33675, 19, 0, '2022-12-01'),
	(179, 33694, 19, 0, '2022-12-01'),
	(180, 33713, 19, 0, '2022-12-01'),
	(181, 33162, 19, 0, '2022-12-02'),
	(182, 33181, 19, 0, '2022-12-02'),
	(183, 33200, 19, 0, '2022-12-02'),
	(184, 33219, 19, 0, '2022-12-02'),
	(185, 33238, 19, 0, '2022-12-02'),
	(186, 33257, 19, 0, '2022-12-02'),
	(187, 33276, 19, 0, '2022-12-02'),
	(188, 33295, 19, 0, '2022-12-02'),
	(189, 33314, 19, 0, '2022-12-02'),
	(190, 33333, 19, 0, '2022-12-02'),
	(191, 33352, 19, 0, '2022-12-02'),
	(192, 33371, 19, 0, '2022-12-02'),
	(193, 30029, 19, 0, '2022-12-02'),
	(194, 33409, 19, 0, '2022-12-02'),
	(195, 33428, 19, 0, '2022-12-02'),
	(196, 33447, 19, 0, '2022-12-02'),
	(197, 33466, 19, 0, '2022-12-02'),
	(198, 33485, 19, 0, '2022-12-02'),
	(199, 33504, 19, 0, '2022-12-02'),
	(200, 33523, 19, 0, '2022-12-02'),
	(201, 33542, 19, 0, '2022-12-02'),
	(202, 33561, 19, 0, '2022-12-02'),
	(203, 33580, 19, 0, '2022-12-02'),
	(204, 33599, 19, 0, '2022-12-02'),
	(205, 33618, 19, 0, '2022-12-02'),
	(206, 33637, 19, 0, '2022-12-02'),
	(207, 33656, 19, 0, '2022-12-02'),
	(208, 33675, 19, 0, '2022-12-02'),
	(209, 33694, 19, 0, '2022-12-02'),
	(210, 33713, 19, 0, '2022-12-02'),
	(211, 27699, 21, 6, '2022-11-25'),
	(212, 27720, 21, 10, '2022-11-25'),
	(213, 27741, 21, 0, '2022-11-25'),
	(214, 27762, 21, 9, '2022-11-25'),
	(215, 27783, 21, 0, '2022-11-25'),
	(216, 27804, 21, 0, '2022-11-25'),
	(217, 27825, 21, 0, '2022-11-25'),
	(218, 27846, 21, 0, '2022-11-25'),
	(219, 27867, 21, 0, '2022-11-25'),
	(220, 27888, 21, 0, '2022-11-25'),
	(221, 27909, 21, 0, '2022-11-25'),
	(222, 27930, 21, 0, '2022-11-25'),
	(223, 27951, 21, 0, '2022-11-25'),
	(224, 27972, 21, 0, '2022-11-25'),
	(225, 27993, 21, 0, '2022-11-25'),
	(226, 28014, 21, 0, '2022-11-25'),
	(227, 28035, 21, 0, '2022-11-25'),
	(228, 28056, 21, 0, '2022-11-25'),
	(229, 28077, 21, 0, '2022-11-25'),
	(230, 28098, 21, 0, '2022-11-25'),
	(231, 28119, 21, 0, '2022-11-25'),
	(232, 28140, 21, 0, '2022-11-25'),
	(233, 28161, 21, 0, '2022-11-25'),
	(234, 28182, 21, 0, '2022-11-25'),
	(235, 28203, 21, 0, '2022-11-25'),
	(236, 28224, 21, 0, '2022-11-25'),
	(237, 28245, 21, 0, '2022-11-25'),
	(238, 28266, 21, 0, '2022-11-25'),
	(239, 28287, 21, 0, '2022-11-25'),
	(240, 28308, 21, 0, '2022-11-25');
/*!40000 ALTER TABLE `avaliado` ENABLE KEYS */;

-- Copiando estrutura para tabela diario_new.conteudo
DROP TABLE IF EXISTS `conteudo`;
CREATE TABLE IF NOT EXISTS `conteudo` (
  `id_cont` int(11) NOT NULL AUTO_INCREMENT,
  `id_ministra` int(11) DEFAULT NULL,
  `titulo_cont` varchar(50) DEFAULT NULL,
  `desc_cont` varchar(200) DEFAULT NULL,
  `data_cont` date DEFAULT NULL,
  PRIMARY KEY (`id_cont`),
  KEY `id_ministra` (`id_ministra`),
  CONSTRAINT `conteudo_ibfk_1` FOREIGN KEY (`id_ministra`) REFERENCES `ministra` (`id_ministra`)
) ENGINE=InnoDB AUTO_INCREMENT=54 DEFAULT CHARSET=utf8mb4;

-- Copiando dados para a tabela diario_new.conteudo: ~38 rows (aproximadamente)
/*!40000 ALTER TABLE `conteudo` DISABLE KEYS */;
REPLACE INTO `conteudo` (`id_cont`, `id_ministra`, `titulo_cont`, `desc_cont`, `data_cont`) VALUES
	(3, 12, 'Primeira Guerra Mundial', 'Corrida Armamentista e suas caracteristicas', '2022-02-02'),
	(6, 12, 'Iluminismo pt.2', 'Continuação', '2022-02-09'),
	(7, 12, 'Revolução Francesa ', 'Introdução', '2022-02-16'),
	(8, 12, 'Revolução Francesa', '1° Fase', '2022-02-23'),
	(9, 12, 'Revolução Francesa', '2° Fase', '2022-03-03'),
	(10, 12, 'Revolução Francesa ', '3° Fase / Finalização', '2022-03-10'),
	(11, 12, 'Teste', 'Primeiro Teste', '2022-03-17'),
	(12, 12, 'Sem aula', 'Alagou após 1 hora de inicio da aula', '2022-03-24'),
	(13, 12, 'Nazismo', 'Introdução', '2022-03-30'),
	(14, 14, 'Nazismo', 'Ascensão na Europa', '2022-04-06'),
	(16, 21, 'Nazismo', 'Ascensão na Europa', '2022-04-06'),
	(17, 12, 'Imperialismo', '', '2022-11-21'),
	(22, 12, '1° Revolução Industrial', '1° Revolução Industrial e Suas Caracteristicas', '2022-02-16'),
	(25, 12, 'Huey Tlatoani', 'Aula sobre a estrutura política azteca-mexica.', '2022-11-30'),
	(26, 12, 'teste', 'teste', '2022-11-07'),
	(27, 12, 'Imperialismo', 'teste', '2022-11-24'),
	(32, 12, 'Império', '', '2022-11-25'),
	(33, 12, 'teste', 'teste 2', '2022-11-25'),
	(34, 23, 'Apresentação Mouse', '', '2022-11-25'),
	(35, 12, 'Java', 'Introdução ', '2022-11-25'),
	(36, 16, 'Aula 1', 'Teste', '2022-11-25'),
	(37, 27, 'Mouses clique', 'Banca', '2022-11-25'),
	(38, 23, 'Apresentação Mouse', '', '2022-11-25'),
	(39, 27, 'Informática ', 'Banca mouse ', '2022-11-25'),
	(40, 23, 'ApresentaMouse', '', '2022-11-25'),
	(41, 27, 'Informática ', 'Banca mouse ', '2022-11-25'),
	(42, 23, 'ApresentaMouse', '', '2022-11-25'),
	(43, 23, 'ApresentaMouse', '', '2022-11-25'),
	(44, 23, 'ApresentaMouse', 'Teste', '2022-11-25'),
	(45, 27, 'Informatic ', 'Banca mouse ', '2022-11-25'),
	(46, 23, 'ApresentaMouse', 'Teste', '2022-11-22'),
	(47, 23, 'ApresentaMouse', 'Teste', '2022-11-22'),
	(48, 27, 'Informatic ', 'Banca mouse ', '2022-11-25'),
	(49, 23, 'ApresentaMouse', 'Teste', '2022-11-22'),
	(50, 27, 'Informatic ', 'Banca mouse ', '2022-11-25'),
	(51, 23, 'Teste', '', '2022-11-25'),
	(52, 23, 'Fgt', '', '2022-11-25'),
	(53, 27, 'Test ', 'Banca mouses ', '2022-11-25');
/*!40000 ALTER TABLE `conteudo` ENABLE KEYS */;

-- Copiando estrutura para tabela diario_new.coordena
DROP TABLE IF EXISTS `coordena`;
CREATE TABLE IF NOT EXISTS `coordena` (
  `id_coordena` int(11) NOT NULL AUTO_INCREMENT,
  `id_curso` int(11) DEFAULT NULL,
  `id_cord` int(11) DEFAULT NULL,
  PRIMARY KEY (`id_coordena`),
  KEY `id_curso` (`id_curso`),
  KEY `id_cord` (`id_cord`),
  CONSTRAINT `coordena_ibfk_1` FOREIGN KEY (`id_curso`) REFERENCES `curso` (`id_curso`) ON DELETE CASCADE ON UPDATE CASCADE,
  CONSTRAINT `coordena_ibfk_2` FOREIGN KEY (`id_cord`) REFERENCES `coordenador` (`id_cord`) ON DELETE CASCADE ON UPDATE CASCADE
) ENGINE=InnoDB AUTO_INCREMENT=11 DEFAULT CHARSET=utf8mb4;

-- Copiando dados para a tabela diario_new.coordena: ~5 rows (aproximadamente)
/*!40000 ALTER TABLE `coordena` DISABLE KEYS */;
REPLACE INTO `coordena` (`id_coordena`, `id_curso`, `id_cord`) VALUES
	(5, 5, 1),
	(6, 1, 3),
	(7, 3, 4),
	(8, 4, 2),
	(10, 10, 1);
/*!40000 ALTER TABLE `coordena` ENABLE KEYS */;

-- Copiando estrutura para tabela diario_new.coordenador
DROP TABLE IF EXISTS `coordenador`;
CREATE TABLE IF NOT EXISTS `coordenador` (
  `id_cord` int(11) NOT NULL AUTO_INCREMENT,
  `id_usur` int(11) DEFAULT NULL,
  PRIMARY KEY (`id_cord`),
  KEY `id_usur` (`id_usur`),
  CONSTRAINT `coordenador_ibfk_1` FOREIGN KEY (`id_usur`) REFERENCES `usuario` (`id_usur`)
) ENGINE=InnoDB AUTO_INCREMENT=9 DEFAULT CHARSET=utf8mb4;

-- Copiando dados para a tabela diario_new.coordenador: ~4 rows (aproximadamente)
/*!40000 ALTER TABLE `coordenador` DISABLE KEYS */;
REPLACE INTO `coordenador` (`id_cord`, `id_usur`) VALUES
	(1, 26),
	(4, 39),
	(3, 40),
	(2, 41);
/*!40000 ALTER TABLE `coordenador` ENABLE KEYS */;

-- Copiando estrutura para tabela diario_new.cursa
DROP TABLE IF EXISTS `cursa`;
CREATE TABLE IF NOT EXISTS `cursa` (
  `id_cursa` int(11) NOT NULL AUTO_INCREMENT,
  `id_disc` int(11) DEFAULT NULL,
  `n_turma` int(11) DEFAULT NULL,
  `id_ano` int(11) DEFAULT NULL,
  `dep` int(11) DEFAULT NULL,
  PRIMARY KEY (`id_cursa`),
  KEY `id_disc` (`id_disc`),
  KEY `n_turma` (`n_turma`),
  KEY `id_ano` (`id_ano`),
  CONSTRAINT `cursa_ibfk_1` FOREIGN KEY (`id_disc`) REFERENCES `disciplina` (`id_disc`) ON DELETE CASCADE ON UPDATE CASCADE,
  CONSTRAINT `cursa_ibfk_2` FOREIGN KEY (`n_turma`) REFERENCES `turma` (`n_turma`) ON DELETE CASCADE ON UPDATE CASCADE,
  CONSTRAINT `cursa_ibfk_3` FOREIGN KEY (`id_ano`) REFERENCES `ano_letivo` (`id_ano`) ON DELETE CASCADE ON UPDATE CASCADE
) ENGINE=InnoDB AUTO_INCREMENT=396 DEFAULT CHARSET=utf8mb4;

-- Copiando dados para a tabela diario_new.cursa: ~166 rows (aproximadamente)
/*!40000 ALTER TABLE `cursa` DISABLE KEYS */;
REPLACE INTO `cursa` (`id_cursa`, `id_disc`, `n_turma`, `id_ano`, `dep`) VALUES
	(227, 9, 1151, 2, 0),
	(228, 10, 1151, 2, 0),
	(229, 11, 1151, 2, 0),
	(230, 12, 1151, 2, 0),
	(231, 13, 1151, 2, 0),
	(232, 14, 1151, 2, 0),
	(233, 15, 1151, 2, 0),
	(234, 16, 1151, 2, 0),
	(235, 19, 1151, 2, 0),
	(236, 20, 1151, 2, 0),
	(237, 22, 1151, 2, 0),
	(238, 23, 1151, 2, 0),
	(239, 24, 1151, 2, 0),
	(240, 25, 1151, 2, 0),
	(241, 26, 1151, 2, 0),
	(242, 30, 1151, 2, 0),
	(243, 117, 1151, 2, 0),
	(244, 118, 1151, 2, 0),
	(245, 119, 1151, 2, 0),
	(246, 120, 1151, 2, 0),
	(247, 121, 1151, 2, 0),
	(248, 9, 1201, 2, 0),
	(249, 10, 1201, 2, 0),
	(250, 11, 1201, 2, 0),
	(251, 12, 1201, 2, 0),
	(252, 13, 1201, 2, 0),
	(253, 14, 1201, 2, 0),
	(254, 15, 1201, 2, 0),
	(255, 16, 1201, 2, 0),
	(256, 17, 1201, 2, 0),
	(257, 18, 1201, 2, 0),
	(258, 19, 1201, 2, 0),
	(259, 21, 1201, 2, 0),
	(260, 22, 1201, 2, 0),
	(261, 23, 1201, 2, 0),
	(262, 24, 1201, 2, 0),
	(263, 25, 1201, 2, 0),
	(264, 26, 1201, 2, 0),
	(265, 27, 1201, 2, 0),
	(266, 28, 1201, 2, 0),
	(267, 29, 1201, 2, 0),
	(268, 132, 1201, 2, 0),
	(269, 9, 1231, 2, 0),
	(270, 10, 1231, 2, 0),
	(271, 11, 1231, 2, 0),
	(272, 12, 1231, 2, 0),
	(273, 13, 1231, 2, 0),
	(274, 14, 1231, 2, 0),
	(275, 15, 1231, 2, 0),
	(276, 16, 1231, 2, 0),
	(277, 19, 1231, 2, 0),
	(278, 20, 1231, 2, 0),
	(279, 22, 1231, 2, 0),
	(280, 23, 1231, 2, 0),
	(281, 24, 1231, 2, 0),
	(282, 25, 1231, 2, 0),
	(283, 26, 1231, 2, 0),
	(284, 55, 1231, 2, 0),
	(285, 72, 1231, 2, 0),
	(286, 73, 1231, 2, 0),
	(287, 74, 1231, 2, 0),
	(288, 75, 1231, 2, 0),
	(289, 76, 1231, 2, 0),
	(290, 77, 1231, 2, 0),
	(291, 80, 1231, 2, 0),
	(292, 33, 2131, 2, 0),
	(293, 34, 2131, 2, 0),
	(294, 38, 2131, 2, 0),
	(295, 40, 2131, 2, 0),
	(296, 42, 2131, 2, 0),
	(297, 44, 2131, 2, 0),
	(298, 45, 2131, 2, 0),
	(299, 47, 2131, 2, 0),
	(300, 51, 2131, 2, 0),
	(301, 52, 2131, 2, 0),
	(302, 61, 2131, 2, 0),
	(303, 62, 2131, 2, 0),
	(304, 66, 2131, 2, 0),
	(305, 67, 2131, 2, 0),
	(306, 70, 2131, 2, 0),
	(307, 71, 2131, 2, 0),
	(308, 78, 2131, 2, 0),
	(309, 81, 2131, 2, 0),
	(310, 83, 2131, 2, 0),
	(311, 84, 2131, 2, 0),
	(312, 85, 2131, 2, 0),
	(313, 88, 2131, 2, 0),
	(314, 89, 2131, 2, 0),
	(315, 131, 2131, 2, 0),
	(316, 133, 2131, 2, 0),
	(317, 32, 2241, 2, 0),
	(318, 33, 2241, 2, 0),
	(319, 34, 2241, 2, 0),
	(320, 38, 2241, 2, 0),
	(321, 40, 2241, 2, 0),
	(322, 42, 2241, 2, 0),
	(323, 44, 2241, 2, 0),
	(324, 45, 2241, 2, 0),
	(325, 47, 2241, 2, 0),
	(326, 51, 2241, 2, 0),
	(327, 52, 2241, 2, 0),
	(328, 61, 2241, 2, 0),
	(329, 62, 2241, 2, 0),
	(330, 66, 2241, 2, 0),
	(331, 70, 2241, 2, 0),
	(332, 96, 2241, 2, 0),
	(333, 102, 2241, 2, 0),
	(334, 104, 2241, 2, 0),
	(335, 105, 2241, 2, 0),
	(336, 106, 2241, 2, 0),
	(337, 107, 2241, 2, 0),
	(338, 108, 2241, 2, 0),
	(339, 109, 2241, 2, 0),
	(340, 35, 3101, 2, 0),
	(341, 36, 3101, 2, 0),
	(342, 37, 3101, 2, 0),
	(343, 39, 3101, 2, 0),
	(344, 41, 3101, 2, 0),
	(345, 43, 3101, 2, 0),
	(346, 46, 3101, 2, 0),
	(347, 48, 3101, 2, 0),
	(348, 53, 3101, 2, 0),
	(349, 62, 3101, 2, 0),
	(350, 63, 3101, 2, 0),
	(351, 64, 3101, 2, 0),
	(352, 67, 3101, 2, 0),
	(353, 68, 3101, 2, 0),
	(354, 69, 3101, 2, 0),
	(355, 71, 3101, 2, 0),
	(356, 132, 3101, 2, 0),
	(357, 35, 3151, 2, 0),
	(358, 36, 3151, 2, 0),
	(359, 37, 3151, 2, 0),
	(360, 39, 3151, 2, 0),
	(361, 41, 3151, 2, 0),
	(362, 43, 3151, 2, 0),
	(363, 46, 3151, 2, 0),
	(364, 48, 3151, 2, 0),
	(365, 53, 3151, 2, 0),
	(366, 62, 3151, 2, 0),
	(367, 67, 3151, 2, 0),
	(368, 71, 3151, 2, 0),
	(369, 127, 3151, 2, 0),
	(370, 128, 3151, 2, 0),
	(371, 129, 3151, 2, 0),
	(372, 130, 3151, 2, 0),
	(373, 134, 3151, 2, 0),
	(374, 35, 3241, 2, 0),
	(375, 36, 3241, 2, 0),
	(376, 37, 3241, 2, 0),
	(377, 39, 3241, 2, 0),
	(378, 41, 3241, 2, 0),
	(379, 43, 3241, 2, 0),
	(380, 46, 3241, 2, 0),
	(381, 48, 3241, 2, 0),
	(382, 53, 3241, 2, 0),
	(383, 62, 3241, 2, 0),
	(384, 67, 3241, 2, 0),
	(385, 71, 3241, 2, 0),
	(386, 103, 3241, 2, 0),
	(387, 111, 3241, 2, 0),
	(388, 112, 3241, 2, 0),
	(389, 113, 3241, 2, 0),
	(390, 114, 3241, 2, 0),
	(391, 115, 3241, 2, 0),
	(392, 116, 3241, 2, 0);
/*!40000 ALTER TABLE `cursa` ENABLE KEYS */;

-- Copiando estrutura para tabela diario_new.curso
DROP TABLE IF EXISTS `curso`;
CREATE TABLE IF NOT EXISTS `curso` (
  `id_curso` int(11) NOT NULL,
  `nome_curso` varchar(50) DEFAULT NULL,
  PRIMARY KEY (`id_curso`)
) ENGINE=InnoDB DEFAULT CHARSET=utf8mb4;

-- Copiando dados para a tabela diario_new.curso: ~5 rows (aproximadamente)
/*!40000 ALTER TABLE `curso` DISABLE KEYS */;
REPLACE INTO `curso` (`id_curso`, `nome_curso`) VALUES
	(1, 'Administração'),
	(3, 'Análises Clinicias'),
	(4, 'Gerência em Saúde'),
	(5, 'Informática para Internet'),
	(10, 'Geral');
/*!40000 ALTER TABLE `curso` ENABLE KEYS */;

-- Copiando estrutura para tabela diario_new.data_aula
DROP TABLE IF EXISTS `data_aula`;
CREATE TABLE IF NOT EXISTS `data_aula` (
  `id_diaaula` int(11) NOT NULL AUTO_INCREMENT,
  `id_ministra` int(11) DEFAULT NULL,
  `data_diaaula` date DEFAULT NULL,
  PRIMARY KEY (`id_diaaula`),
  KEY `id_ministra` (`id_ministra`),
  CONSTRAINT `FK_data_aula_ministra` FOREIGN KEY (`id_ministra`) REFERENCES `ministra` (`id_ministra`) ON DELETE CASCADE ON UPDATE CASCADE
) ENGINE=InnoDB AUTO_INCREMENT=215 DEFAULT CHARSET=latin1 COLLATE=latin1_general_cs;

-- Copiando dados para a tabela diario_new.data_aula: ~133 rows (aproximadamente)
/*!40000 ALTER TABLE `data_aula` DISABLE KEYS */;
REPLACE INTO `data_aula` (`id_diaaula`, `id_ministra`, `data_diaaula`) VALUES
	(82, 12, '2022-02-09'),
	(83, 12, '2022-02-16'),
	(84, 12, '2022-02-23'),
	(85, 12, '2022-03-02'),
	(86, 12, '2022-03-09'),
	(87, 12, '2022-03-16'),
	(88, 12, '2022-03-23'),
	(89, 12, '2022-03-30'),
	(90, 12, '2022-04-06'),
	(91, 12, '2022-04-13'),
	(92, 12, '2022-04-20'),
	(93, 12, '2022-04-27'),
	(94, 12, '2022-05-04'),
	(95, 12, '2022-05-11'),
	(96, 12, '2022-05-18'),
	(97, 12, '2022-05-25'),
	(98, 12, '2022-06-01'),
	(99, 12, '2022-06-08'),
	(100, 12, '2022-06-15'),
	(101, 12, '2022-06-22'),
	(102, 12, '2022-06-29'),
	(103, 12, '2022-07-06'),
	(104, 12, '2022-07-13'),
	(105, 12, '2022-07-20'),
	(106, 12, '2022-07-27'),
	(107, 12, '2022-08-03'),
	(108, 12, '2022-08-10'),
	(109, 12, '2022-08-17'),
	(110, 12, '2022-08-24'),
	(111, 12, '2022-08-31'),
	(112, 12, '2022-09-07'),
	(113, 12, '2022-09-14'),
	(114, 12, '2022-09-21'),
	(115, 12, '2022-09-28'),
	(116, 12, '2022-10-05'),
	(117, 12, '2022-10-12'),
	(118, 12, '2022-10-19'),
	(119, 12, '2022-10-26'),
	(120, 12, '2022-11-02'),
	(121, 12, '2022-11-09'),
	(122, 12, '2022-11-16'),
	(123, 12, '2022-11-23'),
	(124, 12, '2022-11-30'),
	(125, 12, '2022-12-07'),
	(126, 12, '2022-12-14'),
	(127, 19, '2022-02-08'),
	(128, 19, '2022-02-15'),
	(129, 19, '2022-02-22'),
	(130, 19, '2022-03-01'),
	(131, 19, '2022-03-08'),
	(132, 19, '2022-03-15'),
	(133, 19, '2022-03-22'),
	(134, 19, '2022-03-29'),
	(135, 19, '2022-04-05'),
	(136, 19, '2022-04-12'),
	(137, 19, '2022-04-19'),
	(138, 19, '2022-04-26'),
	(139, 19, '2022-05-03'),
	(140, 19, '2022-05-10'),
	(141, 19, '2022-05-17'),
	(142, 19, '2022-05-24'),
	(143, 19, '2022-05-31'),
	(144, 19, '2022-06-07'),
	(145, 19, '2022-06-14'),
	(146, 19, '2022-06-21'),
	(147, 19, '2022-06-28'),
	(148, 19, '2022-07-05'),
	(149, 19, '2022-07-12'),
	(150, 19, '2022-07-19'),
	(151, 19, '2022-07-26'),
	(152, 19, '2022-08-02'),
	(153, 19, '2022-08-09'),
	(154, 19, '2022-08-16'),
	(155, 19, '2022-08-23'),
	(156, 19, '2022-08-30'),
	(157, 19, '2022-09-06'),
	(158, 19, '2022-09-13'),
	(159, 19, '2022-09-20'),
	(160, 19, '2022-09-27'),
	(161, 19, '2022-10-04'),
	(162, 19, '2022-10-11'),
	(163, 19, '2022-10-18'),
	(164, 19, '2022-10-25'),
	(165, 19, '2022-11-01'),
	(166, 19, '2022-11-08'),
	(167, 19, '2022-11-15'),
	(168, 19, '2022-11-22'),
	(169, 19, '2022-11-29'),
	(170, 19, '2022-12-06'),
	(171, 19, '2022-12-13'),
	(172, 23, '2021-02-08'),
	(173, 23, '2021-02-15'),
	(174, 23, '2021-02-22'),
	(175, 23, '2021-03-01'),
	(176, 23, '2021-03-08'),
	(177, 23, '2021-03-15'),
	(178, 23, '2021-03-22'),
	(179, 23, '2021-03-29'),
	(180, 23, '2021-04-05'),
	(181, 23, '2021-04-12'),
	(182, 23, '2021-04-19'),
	(183, 23, '2021-04-26'),
	(184, 23, '2021-05-03'),
	(185, 23, '2021-05-10'),
	(186, 23, '2021-05-17'),
	(187, 23, '2021-05-24'),
	(188, 23, '2021-05-31'),
	(189, 23, '2021-06-07'),
	(190, 23, '2021-06-14'),
	(191, 23, '2021-06-21'),
	(192, 23, '2021-06-28'),
	(193, 23, '2021-07-05'),
	(194, 23, '2021-07-12'),
	(195, 23, '2021-07-19'),
	(196, 23, '2021-07-26'),
	(197, 23, '2021-08-02'),
	(198, 23, '2021-08-09'),
	(199, 23, '2021-08-16'),
	(200, 23, '2021-08-23'),
	(201, 23, '2021-08-30'),
	(202, 23, '2021-09-06'),
	(203, 23, '2021-09-13'),
	(204, 23, '2021-09-20'),
	(205, 23, '2021-09-27'),
	(206, 23, '2021-10-04'),
	(207, 23, '2021-10-11'),
	(208, 23, '2021-10-18'),
	(209, 23, '2021-10-25'),
	(210, 23, '2021-11-01'),
	(211, 23, '2021-11-08'),
	(212, 23, '2021-11-15'),
	(213, 23, '2021-11-22'),
	(214, 23, '2021-11-29');
/*!40000 ALTER TABLE `data_aula` ENABLE KEYS */;

-- Copiando estrutura para tabela diario_new.disciplina
DROP TABLE IF EXISTS `disciplina`;
CREATE TABLE IF NOT EXISTS `disciplina` (
  `id_disc` int(11) NOT NULL AUTO_INCREMENT,
  `nome_disc` varchar(70) DEFAULT NULL,
  `id_curso` int(11) DEFAULT NULL,
  PRIMARY KEY (`id_disc`),
  KEY `id_curso` (`id_curso`),
  CONSTRAINT `disciplina_ibfk_1` FOREIGN KEY (`id_curso`) REFERENCES `curso` (`id_curso`)
) ENGINE=InnoDB AUTO_INCREMENT=139 DEFAULT CHARSET=utf8mb4;

-- Copiando dados para a tabela diario_new.disciplina: ~126 rows (aproximadamente)
/*!40000 ALTER TABLE `disciplina` DISABLE KEYS */;
REPLACE INTO `disciplina` (`id_disc`, `nome_disc`, `id_curso`) VALUES
	(9, 'História I', 10),
	(10, 'Geografia I', 10),
	(11, 'Filosofia I', 10),
	(12, 'Sociologia I', 10),
	(13, 'Educação Fisica I', 10),
	(14, 'Literatura I', 10),
	(15, 'Espanhol I', 10),
	(16, 'Projeto de Vida', 10),
	(17, 'Fundamentos Da Administração', 1),
	(18, 'Gestão Ambiental I', 1),
	(19, 'Língua Portuguesa I', 10),
	(20, 'Música', 10),
	(21, 'Estatística Aplicada á Administração', 1),
	(22, 'Química I', 10),
	(23, 'Matemática I', 10),
	(24, 'Física I', 10),
	(25, 'Biologia I', 10),
	(26, 'Inglês I', 10),
	(27, 'Fundamentos e Noçoes Gerais De Direito (Administração)', 1),
	(28, 'Fundamentos da Contabilidade', 1),
	(29, 'Tecnologia da Infomação I (Administração)', 1),
	(30, 'Tecnologia da Informação I (Informática)', 5),
	(31, 'Tópicos I', 1),
	(32, 'Filosofia II', 10),
	(33, 'Inglês II', 10),
	(34, 'Física II', 10),
	(35, 'Física III', 10),
	(36, 'Filosofia III', 10),
	(37, 'Inglês III', 10),
	(38, 'Química II', 10),
	(39, 'Quimíca III', 10),
	(40, 'Matemática II', 10),
	(41, 'Matemática III', 10),
	(42, 'Sociologia II', 10),
	(43, 'Sociologia III', 10),
	(44, 'Literatura II', 10),
	(45, 'Geografia II', 10),
	(46, 'Geografia III', 10),
	(47, 'Biologia II', 10),
	(48, 'Biologia III', 10),
	(49, 'Matemática Financeira (Administração)', 1),
	(50, 'Produção Oral e Escrita I', 10),
	(51, 'Produção Oral e Escrita II', 10),
	(52, 'Espanhol II', 10),
	(53, 'Espanhol III', 10),
	(54, 'Contabilidade Geral e Custos', 1),
	(55, 'Saúde, Meio Ambiente e Segurança', 10),
	(56, 'Fundamentos da Economia', 1),
	(57, 'Gestão Mercadológica', 1),
	(58, 'Logística', 1),
	(59, 'Direito Empresarial e do Consumidor', 1),
	(60, 'Gestão de Produção e Qualidade', 1),
	(61, 'Língua Portuguesa II', 10),
	(62, 'Língua Portuguesa III', 10),
	(63, 'Gestão de Pessoal', 1),
	(64, 'Administração Financeira e Orçamento', 1),
	(65, 'Tópicos II', 1),
	(66, 'História II', 10),
	(67, 'História III', 10),
	(68, 'Informática Aplicada II', 1),
	(69, 'Direito do Trabalho', 1),
	(70, 'Educação Fisica II', 10),
	(71, 'Educação Fisica III', 10),
	(72, 'Histologia I', 3),
	(73, 'Fundamento Miscroscopico na Prática', 3),
	(74, 'Sáude Pública (Legislação da Saúde) I', 3),
	(75, 'Biologia Celular e Molecular I', 3),
	(76, 'Fundação Teórica', 3),
	(77, 'Psicologia das Relações Humanas', 3),
	(78, 'Imunologia Pratica I', 3),
	(79, 'Saúde Pública (Informações da Sáude) I', 3),
	(80, 'Anatomia e Fisiologia', 3),
	(81, 'Imunologia Clínica', 3),
	(82, 'Imunologia Prática II', 3),
	(83, 'Bioestatística', 3),
	(84, 'Parasitologia', 3),
	(85, 'Urinálise', 3),
	(86, 'Informática Aplicada I', 3),
	(87, 'Prática Laborátorial I', 3),
	(88, 'Hematologia Prática', 3),
	(89, 'Prática Laboratorial Coleta', 3),
	(90, 'Biologia Clínica Prática', 3),
	(91, 'Acreditação', 3),
	(92, 'Microbiologia', 3),
	(93, 'Bioquimica Clínica', 3),
	(94, 'Prática de Laborátorio II', 3),
	(95, 'Prática de Laborátorio I', 3),
	(96, 'Tecnologia de Informação na Saúde I', 4),
	(97, 'Metodologia da Pesquisa', 4),
	(98, 'Política Pública de Saúde', 4),
	(99, 'Contabilidade Geral e Custos', 4),
	(100, 'GSS I', 4),
	(101, 'Fundamentos e Noções de Direito (Gerência)', 4),
	(102, 'Psicologia das Relações Humanas (Gerência)', 4),
	(103, 'Tecnologia da Informação da Saúde II', 4),
	(104, 'Economia na Saúde', 4),
	(105, 'Legislação de Saúde I', 4),
	(106, 'GSS II', 4),
	(107, 'Matemática Financeira II (Gerência)', 4),
	(108, 'Gerência de Pesquisa em Saúde', 4),
	(109, 'Faturamento ', 4),
	(110, 'Legislação de Saúde II', 4),
	(111, 'Qualidade e Produção na Saúde (Online)', 4),
	(112, 'Estatística em Saúde (Online)', 4),
	(113, 'GSS III', 4),
	(114, 'Vigilância em Saúde', 4),
	(115, 'Qualidade e Produção na Saúde I', 4),
	(116, 'Estatística Aplicada em Saúde', 4),
	(117, 'Design I', 5),
	(118, 'LTPW', 5),
	(119, 'Aplicação Web I', 5),
	(120, 'Fundamentos de Hardware', 5),
	(121, 'Modelagem de Dados I', 5),
	(122, 'Empreendendorismo ', 5),
	(123, 'LTPW II', 5),
	(124, 'Sistemas Web', 5),
	(125, 'Design II', 5),
	(126, 'Sistemas de Rede II', 5),
	(127, 'Tecnologias Móveis', 5),
	(128, 'Design III', 5),
	(129, 'Projeto Website', 5),
	(130, 'Modelagem de Dados II', 5),
	(131, 'Hematologia Clínica', 3),
	(132, 'Projeto Final', 1),
	(133, 'Prática Laboratorial de Parasitologia', 3),
	(134, 'LTPW III', 5);
/*!40000 ALTER TABLE `disciplina` ENABLE KEYS */;

-- Copiando estrutura para tabela diario_new.enturmado
DROP TABLE IF EXISTS `enturmado`;
CREATE TABLE IF NOT EXISTS `enturmado` (
  `id_enturmado` int(11) NOT NULL AUTO_INCREMENT,
  `id_ano` int(11) DEFAULT NULL,
  `n_turma` int(11) DEFAULT NULL,
  `mat_aluno` int(11) DEFAULT NULL,
  `num_enturmado` int(11) NOT NULL,
  PRIMARY KEY (`id_enturmado`) USING BTREE,
  KEY `id_ano` (`id_ano`) USING BTREE,
  KEY `n_turma` (`n_turma`) USING BTREE,
  KEY `mat_aluno` (`mat_aluno`) USING BTREE,
  CONSTRAINT `FK_enturmado_aluno` FOREIGN KEY (`mat_aluno`) REFERENCES `aluno` (`mat_aluno`) ON DELETE CASCADE ON UPDATE CASCADE,
  CONSTRAINT `FK_enturmado_ano_letivo` FOREIGN KEY (`id_ano`) REFERENCES `ano_letivo` (`id_ano`) ON DELETE CASCADE ON UPDATE CASCADE,
  CONSTRAINT `FK_enturmado_turma` FOREIGN KEY (`n_turma`) REFERENCES `turma` (`n_turma`) ON DELETE CASCADE ON UPDATE CASCADE
) ENGINE=InnoDB AUTO_INCREMENT=1223 DEFAULT CHARSET=utf8mb4;

-- Copiando dados para a tabela diario_new.enturmado: ~247 rows (aproximadamente)
/*!40000 ALTER TABLE `enturmado` DISABLE KEYS */;
REPLACE INTO `enturmado` (`id_enturmado`, `id_ano`, `n_turma`, `mat_aluno`, `num_enturmado`) VALUES
	(976, 2, 3151, 181165067, 1),
	(977, 2, 3151, 909533042, 2),
	(978, 2, 3151, 766324472, 3),
	(979, 2, 3151, 194255123, 4),
	(980, 2, 3151, 291031778, 5),
	(981, 2, 3151, 383693957, 6),
	(982, 2, 3151, 276348068, 7),
	(983, 2, 3151, 951288120, 8),
	(984, 2, 3151, 246369695, 9),
	(985, 2, 3151, 728160698, 10),
	(986, 2, 3151, 783655446, 11),
	(987, 2, 3151, 673356076, 12),
	(988, 2, 3151, 434258494, 13),
	(989, 2, 3151, 839146084, 14),
	(990, 2, 3151, 400921630, 15),
	(991, 2, 3151, 295440991, 16),
	(992, 2, 3151, 234796262, 17),
	(993, 2, 3151, 789862135, 18),
	(994, 2, 3151, 230956782, 19),
	(995, 2, 3151, 354081664, 20),
	(996, 2, 3151, 295388097, 21),
	(997, 2, 3151, 126281742, 22),
	(998, 2, 3151, 154495233, 23),
	(999, 2, 3151, 851482700, 24),
	(1000, 2, 3151, 368196653, 25),
	(1001, 2, 3151, 999193491, 26),
	(1002, 2, 3151, 848557439, 27),
	(1003, 2, 3151, 771429142, 28),
	(1004, 2, 3151, 321049496, 29),
	(1005, 2, 3151, 638829408, 30),
	(1006, 2, 1151, 560370382, 1),
	(1007, 2, 1151, 285423208, 2),
	(1008, 2, 1151, 919747203, 3),
	(1009, 2, 1151, 403345033, 4),
	(1010, 2, 1151, 785348327, 5),
	(1011, 2, 1151, 291475634, 6),
	(1012, 2, 1151, 898187581, 7),
	(1013, 2, 1151, 670272020, 8),
	(1014, 2, 1151, 536746862, 9),
	(1015, 2, 1151, 864603037, 10),
	(1016, 2, 1151, 251975122, 11),
	(1017, 2, 1151, 910617851, 12),
	(1018, 2, 1151, 984661722, 13),
	(1019, 2, 1151, 398365326, 14),
	(1020, 2, 1151, 854492529, 15),
	(1021, 2, 1151, 361162101, 16),
	(1022, 2, 1151, 306658297, 17),
	(1023, 2, 1151, 869706870, 18),
	(1024, 2, 1151, 763341140, 19),
	(1025, 2, 1151, 421150212, 20),
	(1026, 2, 1151, 950980937, 21),
	(1027, 2, 1151, 448109446, 22),
	(1028, 2, 1151, 359720312, 23),
	(1029, 2, 1151, 664939132, 24),
	(1030, 2, 1151, 172002549, 25),
	(1031, 2, 1151, 340406327, 26),
	(1032, 2, 1151, 101934087, 27),
	(1033, 2, 1151, 863617304, 28),
	(1034, 2, 1151, 595715823, 29),
	(1035, 2, 1151, 820451791, 30),
	(1036, 2, 1201, 383386194, 1),
	(1037, 2, 1201, 936132151, 2),
	(1038, 2, 1201, 348731031, 3),
	(1039, 2, 1201, 780857949, 4),
	(1040, 2, 1201, 176635126, 5),
	(1041, 2, 1201, 873104864, 6),
	(1042, 2, 1201, 809189040, 7),
	(1043, 2, 1201, 316433430, 8),
	(1044, 2, 1201, 489687644, 9),
	(1045, 2, 1201, 867038429, 10),
	(1046, 2, 1201, 789789080, 11),
	(1047, 2, 1201, 282584783, 12),
	(1048, 2, 1201, 110677401, 13),
	(1049, 2, 1201, 920524113, 14),
	(1050, 2, 1201, 874834743, 15),
	(1051, 2, 1201, 567354393, 16),
	(1052, 2, 1201, 482786161, 17),
	(1053, 2, 1201, 684950734, 18),
	(1054, 2, 1201, 589896943, 19),
	(1055, 2, 1201, 284833191, 20),
	(1056, 2, 1201, 196614499, 21),
	(1057, 2, 1201, 953347146, 22),
	(1058, 2, 1201, 409864326, 23),
	(1059, 2, 1201, 833355044, 24),
	(1060, 2, 1201, 534602237, 25),
	(1061, 2, 1201, 116497709, 26),
	(1062, 2, 1201, 384363549, 27),
	(1063, 2, 1201, 250263657, 28),
	(1064, 2, 1201, 758819937, 29),
	(1065, 2, 1201, 703525159, 30),
	(1066, 2, 3101, 300905432, 1),
	(1067, 2, 3101, 234541909, 2),
	(1068, 2, 3101, 851871949, 3),
	(1069, 2, 3101, 508865705, 4),
	(1070, 2, 3101, 481642946, 5),
	(1071, 2, 3101, 688450060, 6),
	(1072, 2, 3101, 699982446, 7),
	(1073, 2, 3101, 760283377, 8),
	(1074, 2, 3101, 674021444, 9),
	(1075, 2, 3101, 831241672, 10),
	(1076, 2, 3101, 337487349, 11),
	(1077, 2, 3101, 805670171, 12),
	(1078, 2, 3101, 725516706, 13),
	(1079, 2, 3101, 184158591, 14),
	(1080, 2, 3101, 771068016, 15),
	(1081, 2, 3101, 656351056, 16),
	(1082, 2, 3101, 916016890, 17),
	(1083, 2, 3101, 732198389, 18),
	(1084, 2, 3101, 791105207, 19),
	(1085, 2, 3101, 231709819, 20),
	(1086, 2, 3101, 194309631, 21),
	(1087, 2, 3101, 501802420, 22),
	(1088, 2, 3101, 500899243, 23),
	(1089, 2, 3101, 769618054, 24),
	(1090, 2, 3101, 304145127, 25),
	(1091, 2, 3101, 751016682, 26),
	(1092, 2, 3101, 194059759, 27),
	(1093, 2, 3101, 658680424, 28),
	(1094, 2, 3101, 972182568, 29),
	(1095, 2, 3101, 989251085, 30),
	(1096, 2, 1231, 782851960, 1),
	(1097, 2, 1231, 631271869, 2),
	(1098, 2, 1231, 850199217, 3),
	(1099, 2, 1231, 655784454, 4),
	(1100, 2, 1231, 807235669, 5),
	(1101, 2, 1231, 379289781, 6),
	(1102, 2, 1231, 480644832, 7),
	(1103, 2, 1231, 879421695, 8),
	(1104, 2, 1231, 903795950, 9),
	(1105, 2, 1231, 370723835, 10),
	(1106, 2, 1231, 344184862, 11),
	(1107, 2, 1231, 564447922, 12),
	(1108, 2, 1231, 155407313, 13),
	(1109, 2, 1231, 912254661, 14),
	(1110, 2, 1231, 409772293, 15),
	(1111, 2, 1231, 434518036, 16),
	(1112, 2, 1231, 626062445, 17),
	(1113, 2, 1231, 829381292, 18),
	(1114, 2, 1231, 585215620, 19),
	(1115, 2, 1231, 591476684, 20),
	(1116, 2, 1231, 456811054, 21),
	(1117, 2, 1231, 550442059, 22),
	(1118, 2, 1231, 422580329, 23),
	(1119, 2, 1231, 274577775, 24),
	(1120, 2, 1231, 762894197, 25),
	(1121, 2, 1231, 492380083, 26),
	(1122, 2, 1231, 473107403, 27),
	(1123, 2, 1231, 689375635, 28),
	(1124, 2, 1231, 904115887, 29),
	(1125, 2, 1231, 356459008, 30),
	(1131, 2, 2131, 832534762, 1),
	(1132, 2, 2131, 772485031, 2),
	(1133, 2, 2131, 152472717, 3),
	(1134, 2, 2131, 117577685, 4),
	(1135, 2, 2131, 278311906, 5),
	(1136, 2, 2131, 216651344, 6),
	(1137, 2, 2131, 812163252, 7),
	(1138, 2, 2131, 740850663, 8),
	(1139, 2, 2131, 852169390, 9),
	(1140, 2, 2131, 703567418, 10),
	(1141, 2, 2131, 682547600, 11),
	(1142, 2, 2131, 237200339, 12),
	(1143, 2, 2131, 432204877, 13),
	(1144, 2, 2131, 931094546, 14),
	(1145, 2, 2131, 654583411, 15),
	(1146, 2, 2131, 352549313, 16),
	(1147, 2, 2131, 785900323, 17),
	(1148, 2, 2131, 264354363, 18),
	(1149, 2, 2131, 948205736, 19),
	(1150, 2, 2131, 224928372, 20),
	(1151, 2, 2131, 176642555, 21),
	(1152, 2, 2131, 360603123, 22),
	(1153, 2, 2131, 482871634, 23),
	(1154, 2, 2131, 161032341, 24),
	(1155, 2, 2131, 957725605, 25),
	(1156, 2, 2131, 240158606, 26),
	(1157, 2, 2131, 910091365, 27),
	(1158, 2, 2131, 434296921, 28),
	(1159, 2, 2131, 415169544, 29),
	(1160, 2, 2131, 203678439, 30),
	(1161, 2, 2241, 617868471, 1),
	(1162, 2, 2241, 888472133, 2),
	(1163, 2, 2241, 635826424, 3),
	(1164, 2, 2241, 474721732, 4),
	(1165, 2, 2241, 316555751, 5),
	(1166, 2, 2241, 997686718, 6),
	(1167, 2, 2241, 633981816, 7),
	(1168, 2, 2241, 966514843, 8),
	(1169, 2, 2241, 875024790, 9),
	(1170, 2, 2241, 178422343, 10),
	(1171, 2, 2241, 555797311, 11),
	(1172, 2, 2241, 880063697, 12),
	(1173, 2, 2241, 966320919, 13),
	(1174, 2, 2241, 209850113, 14),
	(1175, 2, 2241, 566431482, 15),
	(1176, 2, 2241, 197519747, 16),
	(1177, 2, 2241, 284631444, 17),
	(1178, 2, 2241, 815544475, 18),
	(1179, 2, 2241, 949446583, 19),
	(1180, 2, 2241, 350547892, 20),
	(1181, 2, 2241, 488509023, 21),
	(1182, 2, 2241, 825363841, 22),
	(1183, 2, 2241, 189780053, 23),
	(1184, 2, 2241, 190057349, 24),
	(1185, 2, 2241, 602678878, 25),
	(1186, 2, 2241, 282310701, 26),
	(1187, 2, 2241, 674067405, 27),
	(1188, 2, 2241, 485114581, 28),
	(1189, 2, 2241, 619923591, 29),
	(1190, 2, 2241, 772528173, 30),
	(1191, 2, 3241, 721611716, 1),
	(1192, 2, 3241, 665887147, 2),
	(1193, 2, 3241, 189278813, 3),
	(1194, 2, 3241, 438275897, 4),
	(1195, 2, 3241, 213003015, 5),
	(1196, 2, 3241, 804453603, 6),
	(1197, 2, 3241, 428704165, 7),
	(1198, 2, 3241, 867717516, 8),
	(1199, 2, 3241, 635616925, 9),
	(1200, 2, 3241, 804684968, 10),
	(1201, 2, 3241, 531692576, 11),
	(1202, 2, 3241, 116948282, 12),
	(1203, 2, 3241, 867285242, 13),
	(1204, 2, 3241, 569923216, 14),
	(1205, 2, 3241, 117187087, 15),
	(1206, 2, 3241, 252733541, 16),
	(1207, 2, 3241, 664533432, 17),
	(1208, 2, 3241, 482530458, 18),
	(1209, 2, 3241, 708025950, 19),
	(1210, 2, 3241, 746506927, 20),
	(1211, 2, 3241, 560692288, 21),
	(1212, 2, 3241, 930555206, 22),
	(1213, 2, 3241, 204041304, 23),
	(1214, 2, 3241, 370709428, 24),
	(1215, 2, 3241, 605893177, 25),
	(1216, 2, 3241, 195722975, 26),
	(1217, 2, 3241, 427838157, 27),
	(1218, 2, 3241, 195430765, 28),
	(1219, 2, 3241, 846705380, 29),
	(1220, 2, 3241, 397695956, 30);
/*!40000 ALTER TABLE `enturmado` ENABLE KEYS */;

-- Copiando estrutura para tabela diario_new.frequencia
DROP TABLE IF EXISTS `frequencia`;
CREATE TABLE IF NOT EXISTS `frequencia` (
  `id_freq` int(11) NOT NULL AUTO_INCREMENT,
  `id_mat` int(11) DEFAULT NULL,
  `trimestre_freq` int(11) DEFAULT NULL,
  `data_freq` date DEFAULT NULL,
  `status` tinyint(1) DEFAULT NULL,
  PRIMARY KEY (`id_freq`),
  KEY `id_mat` (`id_mat`),
  CONSTRAINT `frequencia_ibfk_1` FOREIGN KEY (`id_mat`) REFERENCES `matriculado` (`id_mat`) ON DELETE CASCADE ON UPDATE CASCADE
) ENGINE=InnoDB AUTO_INCREMENT=2522 DEFAULT CHARSET=utf8mb4;

-- Copiando dados para a tabela diario_new.frequencia: ~1.734 rows (aproximadamente)
/*!40000 ALTER TABLE `frequencia` DISABLE KEYS */;
REPLACE INTO `frequencia` (`id_freq`, `id_mat`, `trimestre_freq`, `data_freq`, `status`) VALUES
	(722, 27699, 1, '2022-02-02', 0),
	(723, 27720, 1, '2022-02-02', 0),
	(724, 27741, 1, '2022-02-02', 1),
	(725, 27762, 1, '2022-02-02', 1),
	(726, 27783, 1, '2022-02-02', 1),
	(727, 27804, 1, '2022-02-02', 1),
	(728, 27825, 1, '2022-02-02', 1),
	(729, 27846, 1, '2022-02-02', 1),
	(730, 27867, 1, '2022-02-02', 1),
	(731, 27888, 1, '2022-02-02', 1),
	(732, 27909, 1, '2022-02-02', 0),
	(733, 27930, 1, '2022-02-02', 1),
	(734, 27951, 1, '2022-02-02', 1),
	(735, 27972, 1, '2022-02-02', 0),
	(736, 27993, 1, '2022-02-02', 0),
	(737, 28014, 1, '2022-02-02', 1),
	(738, 28035, 1, '2022-02-02', 1),
	(739, 28056, 1, '2022-02-02', 1),
	(740, 28077, 1, '2022-02-02', 1),
	(741, 28098, 1, '2022-02-02', 1),
	(742, 28119, 1, '2022-02-02', 1),
	(743, 28140, 1, '2022-02-02', 1),
	(744, 28161, 1, '2022-02-02', 1),
	(745, 28182, 1, '2022-02-02', 0),
	(746, 28203, 1, '2022-02-02', 0),
	(747, 28224, 1, '2022-02-02', 1),
	(748, 28245, 1, '2022-02-02', 1),
	(749, 28266, 1, '2022-02-02', 1),
	(750, 28287, 1, '2022-02-02', 1),
	(751, 28308, 1, '2022-02-02', 1),
	(752, 27699, 1, '2022-11-09', 1),
	(753, 27720, 1, '2022-11-09', 0),
	(754, 27741, 1, '2022-11-09', 0),
	(755, 27762, 1, '2022-11-09', 1),
	(756, 27783, 1, '2022-11-09', 1),
	(757, 27804, 1, '2022-11-09', 1),
	(758, 27825, 1, '2022-11-09', 1),
	(759, 27846, 1, '2022-11-09', 1),
	(760, 27867, 1, '2022-11-09', 1),
	(761, 27888, 1, '2022-11-09', 1),
	(762, 27909, 1, '2022-11-09', 1),
	(763, 27930, 1, '2022-11-09', 1),
	(764, 27951, 1, '2022-11-09', 1),
	(765, 27972, 1, '2022-11-09', 1),
	(766, 27993, 1, '2022-11-09', 1),
	(767, 28014, 1, '2022-11-09', 1),
	(768, 28035, 1, '2022-11-09', 1),
	(769, 28056, 1, '2022-11-09', 0),
	(770, 28077, 1, '2022-11-09', 0),
	(771, 28098, 1, '2022-11-09', 1),
	(772, 28119, 1, '2022-11-09', 0),
	(773, 28140, 1, '2022-11-09', 1),
	(774, 28161, 1, '2022-11-09', 1),
	(775, 28182, 1, '2022-11-09', 1),
	(776, 28203, 1, '2022-11-09', 1),
	(777, 28224, 1, '2022-11-09', 1),
	(778, 28245, 1, '2022-11-09', 1),
	(779, 28266, 1, '2022-11-09', 1),
	(780, 28287, 1, '2022-11-09', 1),
	(781, 28308, 1, '2022-11-09', 0),
	(782, 27699, 1, '2022-02-16', 1),
	(783, 27720, 1, '2022-02-16', 1),
	(784, 27741, 1, '2022-02-16', 1),
	(785, 27762, 1, '2022-02-16', 1),
	(786, 27783, 1, '2022-02-16', 1),
	(787, 27804, 1, '2022-02-16', 1),
	(788, 27825, 1, '2022-02-16', 1),
	(789, 27846, 1, '2022-02-16', 0),
	(790, 27867, 1, '2022-02-16', 1),
	(791, 27888, 1, '2022-02-16', 1),
	(792, 27909, 1, '2022-02-16', 0),
	(793, 27930, 1, '2022-02-16', 0),
	(794, 27951, 1, '2022-02-16', 1),
	(795, 27972, 1, '2022-02-16', 1),
	(796, 27993, 1, '2022-02-16', 0),
	(797, 28014, 1, '2022-02-16', 1),
	(798, 28035, 1, '2022-02-16', 1),
	(799, 28056, 1, '2022-02-16', 1),
	(800, 28077, 1, '2022-02-16', 1),
	(801, 28098, 1, '2022-02-16', 0),
	(802, 28119, 1, '2022-02-16', 1),
	(803, 28140, 1, '2022-02-16', 1),
	(804, 28161, 1, '2022-02-16', 1),
	(805, 28182, 1, '2022-02-16', 1),
	(806, 28203, 1, '2022-02-16', 1),
	(807, 28224, 1, '2022-02-16', 1),
	(808, 28245, 1, '2022-02-16', 1),
	(809, 28266, 1, '2022-02-16', 1),
	(810, 28287, 1, '2022-02-16', 1),
	(811, 28308, 1, '2022-02-16', 1),
	(812, 27699, 1, '2022-02-23', 1),
	(813, 27720, 1, '2022-02-23', 0),
	(814, 27741, 1, '2022-02-23', 0),
	(815, 27762, 1, '2022-02-23', 1),
	(816, 27783, 1, '2022-02-23', 1),
	(817, 27804, 1, '2022-02-23', 1),
	(818, 27825, 1, '2022-02-23', 1),
	(819, 27846, 1, '2022-02-23', 1),
	(820, 27867, 1, '2022-02-23', 1),
	(821, 27888, 1, '2022-02-23', 1),
	(822, 27909, 1, '2022-02-23', 1),
	(823, 27930, 1, '2022-02-23', 1),
	(824, 27951, 1, '2022-02-23', 1),
	(825, 27972, 1, '2022-02-23', 0),
	(826, 27993, 1, '2022-02-23', 0),
	(827, 28014, 1, '2022-02-23', 1),
	(828, 28035, 1, '2022-02-23', 1),
	(829, 28056, 1, '2022-02-23', 1),
	(830, 28077, 1, '2022-02-23', 1),
	(831, 28098, 1, '2022-02-23', 1),
	(832, 28119, 1, '2022-02-23', 1),
	(833, 28140, 1, '2022-02-23', 1),
	(834, 28161, 1, '2022-02-23', 1),
	(835, 28182, 1, '2022-02-23', 1),
	(836, 28203, 1, '2022-02-23', 1),
	(837, 28224, 1, '2022-02-23', 1),
	(838, 28245, 1, '2022-02-23', 0),
	(839, 28266, 1, '2022-02-23', 1),
	(840, 28287, 1, '2022-02-23', 1),
	(841, 28308, 1, '2022-02-23', 1),
	(842, 27699, 1, '2022-03-02', 0),
	(843, 27720, 1, '2022-03-02', 1),
	(844, 27741, 1, '2022-03-02', 1),
	(845, 27762, 1, '2022-03-02', 0),
	(846, 27783, 1, '2022-03-02', 1),
	(847, 27804, 1, '2022-03-02', 1),
	(848, 27825, 1, '2022-03-02', 1),
	(849, 27846, 1, '2022-03-02', 1),
	(850, 27867, 1, '2022-03-02', 1),
	(851, 27888, 1, '2022-03-02', 1),
	(852, 27909, 1, '2022-03-02', 1),
	(853, 27930, 1, '2022-03-02', 1),
	(854, 27951, 1, '2022-03-02', 0),
	(855, 27972, 1, '2022-03-02', 0),
	(856, 27993, 1, '2022-03-02', 1),
	(857, 28014, 1, '2022-03-02', 1),
	(858, 28035, 1, '2022-03-02', 1),
	(859, 28056, 1, '2022-03-02', 1),
	(860, 28077, 1, '2022-03-02', 1),
	(861, 28098, 1, '2022-03-02', 1),
	(862, 28119, 1, '2022-03-02', 1),
	(863, 28140, 1, '2022-03-02', 1),
	(864, 28161, 1, '2022-03-02', 1),
	(865, 28182, 1, '2022-03-02', 1),
	(866, 28203, 1, '2022-03-02', 1),
	(867, 28224, 1, '2022-03-02', 1),
	(868, 28245, 1, '2022-03-02', 0),
	(869, 28266, 1, '2022-03-02', 0),
	(870, 28287, 1, '2022-03-02', 1),
	(871, 28308, 1, '2022-03-02', 1),
	(872, 27699, 1, '2022-03-09', 1),
	(873, 27720, 1, '2022-03-09', 1),
	(874, 27741, 1, '2022-03-09', 0),
	(875, 27762, 1, '2022-03-09', 1),
	(876, 27783, 1, '2022-03-09', 1),
	(877, 27804, 1, '2022-03-09', 1),
	(878, 27825, 1, '2022-03-09', 1),
	(879, 27846, 1, '2022-03-09', 0),
	(880, 27867, 1, '2022-03-09', 0),
	(881, 27888, 1, '2022-03-09', 1),
	(882, 27909, 1, '2022-03-09', 1),
	(883, 27930, 1, '2022-03-09', 1),
	(884, 27951, 1, '2022-03-09', 0),
	(885, 27972, 1, '2022-03-09', 0),
	(886, 27993, 1, '2022-03-09', 1),
	(887, 28014, 1, '2022-03-09', 1),
	(888, 28035, 1, '2022-03-09', 1),
	(889, 28056, 1, '2022-03-09', 1),
	(890, 28077, 1, '2022-03-09', 1),
	(891, 28098, 1, '2022-03-09', 0),
	(892, 28119, 1, '2022-03-09', 1),
	(893, 28140, 1, '2022-03-09', 1),
	(894, 28161, 1, '2022-03-09', 1),
	(895, 28182, 1, '2022-03-09', 1),
	(896, 28203, 1, '2022-03-09', 1),
	(897, 28224, 1, '2022-03-09', 1),
	(898, 28245, 1, '2022-03-09', 1),
	(899, 28266, 1, '2022-03-09', 1),
	(900, 28287, 1, '2022-03-09', 1),
	(901, 28308, 1, '2022-03-09', 1),
	(902, 27699, 1, '2022-03-16', 0),
	(903, 27720, 1, '2022-03-16', 1),
	(904, 27741, 1, '2022-03-16', 1),
	(905, 27762, 1, '2022-03-16', 1),
	(906, 27783, 1, '2022-03-16', 1),
	(907, 27804, 1, '2022-03-16', 1),
	(908, 27825, 1, '2022-03-16', 1),
	(909, 27846, 1, '2022-03-16', 1),
	(910, 27867, 1, '2022-03-16', 1),
	(911, 27888, 1, '2022-03-16', 1),
	(912, 27909, 1, '2022-03-16', 1),
	(913, 27930, 1, '2022-03-16', 1),
	(914, 27951, 1, '2022-03-16', 1),
	(915, 27972, 1, '2022-03-16', 1),
	(916, 27993, 1, '2022-03-16', 1),
	(917, 28014, 1, '2022-03-16', 1),
	(918, 28035, 1, '2022-03-16', 1),
	(919, 28056, 1, '2022-03-16', 1),
	(920, 28077, 1, '2022-03-16', 1),
	(921, 28098, 1, '2022-03-16', 1),
	(922, 28119, 1, '2022-03-16', 1),
	(923, 28140, 1, '2022-03-16', 0),
	(924, 28161, 1, '2022-03-16', 0),
	(925, 28182, 1, '2022-03-16', 1),
	(926, 28203, 1, '2022-03-16', 1),
	(927, 28224, 1, '2022-03-16', 0),
	(928, 28245, 1, '2022-03-16', 1),
	(929, 28266, 1, '2022-03-16', 1),
	(930, 28287, 1, '2022-03-16', 0),
	(931, 28308, 1, '2022-03-16', 1),
	(932, 27699, 1, '2022-03-23', 1),
	(933, 27720, 1, '2022-03-23', 1),
	(934, 27741, 1, '2022-03-23', 1),
	(935, 27762, 1, '2022-03-23', 1),
	(936, 27783, 1, '2022-03-23', 1),
	(937, 27804, 1, '2022-03-23', 1),
	(938, 27825, 1, '2022-03-23', 1),
	(939, 27846, 1, '2022-03-23', 1),
	(940, 27867, 1, '2022-03-23', 1),
	(941, 27888, 1, '2022-03-23', 1),
	(942, 27909, 1, '2022-03-23', 1),
	(943, 27930, 1, '2022-03-23', 0),
	(944, 27951, 1, '2022-03-23', 0),
	(945, 27972, 1, '2022-03-23', 0),
	(946, 27993, 1, '2022-03-23', 1),
	(947, 28014, 1, '2022-03-23', 0),
	(948, 28035, 1, '2022-03-23', 1),
	(949, 28056, 1, '2022-03-23', 1),
	(950, 28077, 1, '2022-03-23', 1),
	(951, 28098, 1, '2022-03-23', 0),
	(952, 28119, 1, '2022-03-23', 1),
	(953, 28140, 1, '2022-03-23', 1),
	(954, 28161, 1, '2022-03-23', 1),
	(955, 28182, 1, '2022-03-23', 1),
	(956, 28203, 1, '2022-03-23', 1),
	(957, 28224, 1, '2022-03-23', 1),
	(958, 28245, 1, '2022-03-23', 1),
	(959, 28266, 1, '2022-03-23', 1),
	(960, 28287, 1, '2022-03-23', 1),
	(961, 28308, 1, '2022-03-23', 1),
	(962, 27699, 1, '2022-03-30', 1),
	(963, 27720, 1, '2022-03-30', 1),
	(964, 27741, 1, '2022-03-30', 1),
	(965, 27762, 1, '2022-03-30', 1),
	(966, 27783, 1, '2022-03-30', 1),
	(967, 27804, 1, '2022-03-30', 1),
	(968, 27825, 1, '2022-03-30', 1),
	(969, 27846, 1, '2022-03-30', 1),
	(970, 27867, 1, '2022-03-30', 1),
	(971, 27888, 1, '2022-03-30', 1),
	(972, 27909, 1, '2022-03-30', 1),
	(973, 27930, 1, '2022-03-30', 1),
	(974, 27951, 1, '2022-03-30', 1),
	(975, 27972, 1, '2022-03-30', 1),
	(976, 27993, 1, '2022-03-30', 1),
	(977, 28014, 1, '2022-03-30', 1),
	(978, 28035, 1, '2022-03-30', 1),
	(979, 28056, 1, '2022-03-30', 1),
	(980, 28077, 1, '2022-03-30', 1),
	(981, 28098, 1, '2022-03-30', 1),
	(982, 28119, 1, '2022-03-30', 1),
	(983, 28140, 1, '2022-03-30', 1),
	(984, 28161, 1, '2022-03-30', 1),
	(985, 28182, 1, '2022-03-30', 1),
	(986, 28203, 1, '2022-03-30', 1),
	(987, 28224, 1, '2022-03-30', 1),
	(988, 28245, 1, '2022-03-30', 1),
	(989, 28266, 1, '2022-03-30', 1),
	(990, 28287, 1, '2022-03-30', 1),
	(991, 28308, 1, '2022-03-30', 1),
	(992, 27699, 1, '2022-04-06', 1),
	(993, 27720, 1, '2022-04-06', 1),
	(994, 27741, 1, '2022-04-06', 0),
	(995, 27762, 1, '2022-04-06', 0),
	(996, 27783, 1, '2022-04-06', 1),
	(997, 27804, 1, '2022-04-06', 1),
	(998, 27825, 1, '2022-04-06', 1),
	(999, 27846, 1, '2022-04-06', 1),
	(1000, 27867, 1, '2022-04-06', 1),
	(1001, 27888, 1, '2022-04-06', 1),
	(1002, 27909, 1, '2022-04-06', 1),
	(1003, 27930, 1, '2022-04-06', 1),
	(1004, 27951, 1, '2022-04-06', 1),
	(1005, 27972, 1, '2022-04-06', 0),
	(1006, 27993, 1, '2022-04-06', 0),
	(1007, 28014, 1, '2022-04-06', 1),
	(1008, 28035, 1, '2022-04-06', 1),
	(1009, 28056, 1, '2022-04-06', 1),
	(1010, 28077, 1, '2022-04-06', 1),
	(1011, 28098, 1, '2022-04-06', 0),
	(1012, 28119, 1, '2022-04-06', 1),
	(1013, 28140, 1, '2022-04-06', 0),
	(1014, 28161, 1, '2022-04-06', 0),
	(1015, 28182, 1, '2022-04-06', 1),
	(1016, 28203, 1, '2022-04-06', 1),
	(1017, 28224, 1, '2022-04-06', 1),
	(1018, 28245, 1, '2022-04-06', 1),
	(1019, 28266, 1, '2022-04-06', 0),
	(1020, 28287, 1, '2022-04-06', 1),
	(1021, 28308, 1, '2022-04-06', 1),
	(1022, 27699, 2, '2022-04-13', 1),
	(1023, 27720, 2, '2022-04-13', 1),
	(1024, 27741, 2, '2022-04-13', 1),
	(1025, 27762, 2, '2022-04-13', 1),
	(1026, 27783, 2, '2022-04-13', 1),
	(1027, 27804, 2, '2022-04-13', 1),
	(1028, 27825, 2, '2022-04-13', 0),
	(1029, 27846, 2, '2022-04-13', 0),
	(1030, 27867, 2, '2022-04-13', 1),
	(1031, 27888, 2, '2022-04-13', 1),
	(1032, 27909, 2, '2022-04-13', 1),
	(1033, 27930, 2, '2022-04-13', 1),
	(1034, 27951, 2, '2022-04-13', 1),
	(1035, 27972, 2, '2022-04-13', 0),
	(1036, 27993, 2, '2022-04-13', 1),
	(1037, 28014, 2, '2022-04-13', 1),
	(1038, 28035, 2, '2022-04-13', 1),
	(1039, 28056, 2, '2022-04-13', 1),
	(1040, 28077, 2, '2022-04-13', 1),
	(1041, 28098, 2, '2022-04-13', 1),
	(1042, 28119, 2, '2022-04-13', 0),
	(1043, 28140, 2, '2022-04-13', 1),
	(1044, 28161, 2, '2022-04-13', 0),
	(1045, 28182, 2, '2022-04-13', 1),
	(1046, 28203, 2, '2022-04-13', 1),
	(1047, 28224, 2, '2022-04-13', 1),
	(1048, 28245, 2, '2022-04-13', 1),
	(1049, 28266, 2, '2022-04-13', 1),
	(1050, 28287, 2, '2022-04-13', 1),
	(1051, 28308, 2, '2022-04-13', 1),
	(1052, 27699, 2, '2022-04-20', 0),
	(1053, 27720, 2, '2022-04-20', 0),
	(1054, 27741, 2, '2022-04-20', 1),
	(1055, 27762, 2, '2022-04-20', 1),
	(1056, 27783, 2, '2022-04-20', 1),
	(1057, 27804, 2, '2022-04-20', 1),
	(1058, 27825, 2, '2022-04-20', 1),
	(1059, 27846, 2, '2022-04-20', 1),
	(1060, 27867, 2, '2022-04-20', 1),
	(1061, 27888, 2, '2022-04-20', 1),
	(1062, 27909, 2, '2022-04-20', 0),
	(1063, 27930, 2, '2022-04-20', 1),
	(1064, 27951, 2, '2022-04-20', 0),
	(1065, 27972, 2, '2022-04-20', 1),
	(1066, 27993, 2, '2022-04-20', 0),
	(1067, 28014, 2, '2022-04-20', 1),
	(1068, 28035, 2, '2022-04-20', 1),
	(1069, 28056, 2, '2022-04-20', 1),
	(1070, 28077, 2, '2022-04-20', 1),
	(1071, 28098, 2, '2022-04-20', 1),
	(1072, 28119, 2, '2022-04-20', 1),
	(1073, 28140, 2, '2022-04-20', 1),
	(1074, 28161, 2, '2022-04-20', 1),
	(1075, 28182, 2, '2022-04-20', 1),
	(1076, 28203, 2, '2022-04-20', 1),
	(1077, 28224, 2, '2022-04-20', 1),
	(1078, 28245, 2, '2022-04-20', 1),
	(1079, 28266, 2, '2022-04-20', 1),
	(1080, 28287, 2, '2022-04-20', 1),
	(1081, 28308, 2, '2022-04-20', 0),
	(1082, 27699, 2, '2022-04-27', 1),
	(1083, 27720, 2, '2022-04-27', 1),
	(1084, 27741, 2, '2022-04-27', 1),
	(1085, 27762, 2, '2022-04-27', 1),
	(1086, 27783, 2, '2022-04-27', 1),
	(1087, 27804, 2, '2022-04-27', 1),
	(1088, 27825, 2, '2022-04-27', 1),
	(1089, 27846, 2, '2022-04-27', 1),
	(1090, 27867, 2, '2022-04-27', 1),
	(1091, 27888, 2, '2022-04-27', 1),
	(1092, 27909, 2, '2022-04-27', 1),
	(1093, 27930, 2, '2022-04-27', 1),
	(1094, 27951, 2, '2022-04-27', 1),
	(1095, 27972, 2, '2022-04-27', 1),
	(1096, 27993, 2, '2022-04-27', 1),
	(1097, 28014, 2, '2022-04-27', 1),
	(1098, 28035, 2, '2022-04-27', 1),
	(1099, 28056, 2, '2022-04-27', 1),
	(1100, 28077, 2, '2022-04-27', 1),
	(1101, 28098, 2, '2022-04-27', 1),
	(1102, 28119, 2, '2022-04-27', 1),
	(1103, 28140, 2, '2022-04-27', 1),
	(1104, 28161, 2, '2022-04-27', 1),
	(1105, 28182, 2, '2022-04-27', 1),
	(1106, 28203, 2, '2022-04-27', 1),
	(1107, 28224, 2, '2022-04-27', 1),
	(1108, 28245, 2, '2022-04-27', 1),
	(1109, 28266, 2, '2022-04-27', 1),
	(1110, 28287, 2, '2022-04-27', 1),
	(1111, 28308, 2, '2022-04-27', 1),
	(1112, 27699, 2, '2022-05-04', 1),
	(1113, 27720, 2, '2022-05-04', 1),
	(1114, 27741, 2, '2022-05-04', 1),
	(1115, 27762, 2, '2022-05-04', 1),
	(1116, 27783, 2, '2022-05-04', 1),
	(1117, 27804, 2, '2022-05-04', 1),
	(1118, 27825, 2, '2022-05-04', 1),
	(1119, 27846, 2, '2022-05-04', 1),
	(1120, 27867, 2, '2022-05-04', 1),
	(1121, 27888, 2, '2022-05-04', 1),
	(1122, 27909, 2, '2022-05-04', 0),
	(1123, 27930, 2, '2022-05-04', 0),
	(1124, 27951, 2, '2022-05-04', 1),
	(1125, 27972, 2, '2022-05-04', 1),
	(1126, 27993, 2, '2022-05-04', 1),
	(1127, 28014, 2, '2022-05-04', 1),
	(1128, 28035, 2, '2022-05-04', 1),
	(1129, 28056, 2, '2022-05-04', 0),
	(1130, 28077, 2, '2022-05-04', 0),
	(1131, 28098, 2, '2022-05-04', 1),
	(1132, 28119, 2, '2022-05-04', 1),
	(1133, 28140, 2, '2022-05-04', 1),
	(1134, 28161, 2, '2022-05-04', 1),
	(1135, 28182, 2, '2022-05-04', 1),
	(1136, 28203, 2, '2022-05-04', 1),
	(1137, 28224, 2, '2022-05-04', 1),
	(1138, 28245, 2, '2022-05-04', 1),
	(1139, 28266, 2, '2022-05-04', 1),
	(1140, 28287, 2, '2022-05-04', 1),
	(1141, 28308, 2, '2022-05-04', 1),
	(1142, 27699, 2, '2022-05-11', 0),
	(1143, 27720, 2, '2022-05-11', 0),
	(1144, 27741, 2, '2022-05-11', 1),
	(1145, 27762, 2, '2022-05-11', 1),
	(1146, 27783, 2, '2022-05-11', 1),
	(1147, 27804, 2, '2022-05-11', 1),
	(1148, 27825, 2, '2022-05-11', 1),
	(1149, 27846, 2, '2022-05-11', 1),
	(1150, 27867, 2, '2022-05-11', 1),
	(1151, 27888, 2, '2022-05-11', 1),
	(1152, 27909, 2, '2022-05-11', 1),
	(1153, 27930, 2, '2022-05-11', 0),
	(1154, 27951, 2, '2022-05-11', 0),
	(1155, 27972, 2, '2022-05-11', 0),
	(1156, 27993, 2, '2022-05-11', 1),
	(1157, 28014, 2, '2022-05-11', 0),
	(1158, 28035, 2, '2022-05-11', 1),
	(1159, 28056, 2, '2022-05-11', 1),
	(1160, 28077, 2, '2022-05-11', 1),
	(1161, 28098, 2, '2022-05-11', 1),
	(1162, 28119, 2, '2022-05-11', 0),
	(1163, 28140, 2, '2022-05-11', 1),
	(1164, 28161, 2, '2022-05-11', 1),
	(1165, 28182, 2, '2022-05-11', 1),
	(1166, 28203, 2, '2022-05-11', 1),
	(1167, 28224, 2, '2022-05-11', 1),
	(1168, 28245, 2, '2022-05-11', 1),
	(1169, 28266, 2, '2022-05-11', 0),
	(1170, 28287, 2, '2022-05-11', 1),
	(1171, 28308, 2, '2022-05-11', 1),
	(1172, 27699, 2, '2022-05-18', 0),
	(1173, 27720, 2, '2022-05-18', 0),
	(1174, 27741, 2, '2022-05-18', 1),
	(1175, 27762, 2, '2022-05-18', 1),
	(1176, 27783, 2, '2022-05-18', 1),
	(1177, 27804, 2, '2022-05-18', 0),
	(1178, 27825, 2, '2022-05-18', 1),
	(1179, 27846, 2, '2022-05-18', 1),
	(1180, 27867, 2, '2022-05-18', 0),
	(1181, 27888, 2, '2022-05-18', 1),
	(1182, 27909, 2, '2022-05-18', 1),
	(1183, 27930, 2, '2022-05-18', 1),
	(1184, 27951, 2, '2022-05-18', 1),
	(1185, 27972, 2, '2022-05-18', 1),
	(1186, 27993, 2, '2022-05-18', 1),
	(1187, 28014, 2, '2022-05-18', 1),
	(1188, 28035, 2, '2022-05-18', 1),
	(1189, 28056, 2, '2022-05-18', 0),
	(1190, 28077, 2, '2022-05-18', 1),
	(1191, 28098, 2, '2022-05-18', 1),
	(1192, 28119, 2, '2022-05-18', 1),
	(1193, 28140, 2, '2022-05-18', 0),
	(1194, 28161, 2, '2022-05-18', 1),
	(1195, 28182, 2, '2022-05-18', 1),
	(1196, 28203, 2, '2022-05-18', 1),
	(1197, 28224, 2, '2022-05-18', 1),
	(1198, 28245, 2, '2022-05-18', 1),
	(1199, 28266, 2, '2022-05-18', 1),
	(1200, 28287, 2, '2022-05-18', 1),
	(1201, 28308, 2, '2022-05-18', 1),
	(1202, 27699, 2, '2022-06-01', 1),
	(1203, 27720, 2, '2022-06-01', 1),
	(1204, 27741, 2, '2022-06-01', 1),
	(1205, 27762, 2, '2022-06-01', 1),
	(1206, 27783, 2, '2022-06-01', 1),
	(1207, 27804, 2, '2022-06-01', 1),
	(1208, 27825, 2, '2022-06-01', 1),
	(1209, 27846, 2, '2022-06-01', 1),
	(1210, 27867, 2, '2022-06-01', 1),
	(1211, 27888, 2, '2022-06-01', 1),
	(1212, 27909, 2, '2022-06-01', 1),
	(1213, 27930, 2, '2022-06-01', 1),
	(1214, 27951, 2, '2022-06-01', 1),
	(1215, 27972, 2, '2022-06-01', 1),
	(1216, 27993, 2, '2022-06-01', 1),
	(1217, 28014, 2, '2022-06-01', 1),
	(1218, 28035, 2, '2022-06-01', 1),
	(1219, 28056, 2, '2022-06-01', 1),
	(1220, 28077, 2, '2022-06-01', 1),
	(1221, 28098, 2, '2022-06-01', 1),
	(1222, 28119, 2, '2022-06-01', 1),
	(1223, 28140, 2, '2022-06-01', 1),
	(1224, 28161, 2, '2022-06-01', 1),
	(1225, 28182, 2, '2022-06-01', 1),
	(1226, 28203, 2, '2022-06-01', 1),
	(1227, 28224, 2, '2022-06-01', 1),
	(1228, 28245, 2, '2022-06-01', 1),
	(1229, 28266, 2, '2022-06-01', 1),
	(1230, 28287, 2, '2022-06-01', 1),
	(1231, 28308, 2, '2022-06-01', 1),
	(1232, 27699, 2, '2022-06-22', 1),
	(1233, 27720, 2, '2022-06-22', 1),
	(1234, 27741, 2, '2022-06-22', 1),
	(1235, 27762, 2, '2022-06-22', 1),
	(1236, 27783, 2, '2022-06-22', 1),
	(1237, 27804, 2, '2022-06-22', 1),
	(1238, 27825, 2, '2022-06-22', 1),
	(1239, 27846, 2, '2022-06-22', 1),
	(1240, 27867, 2, '2022-06-22', 1),
	(1241, 27888, 2, '2022-06-22', 1),
	(1242, 27909, 2, '2022-06-22', 1),
	(1243, 27930, 2, '2022-06-22', 1),
	(1244, 27951, 2, '2022-06-22', 1),
	(1245, 27972, 2, '2022-06-22', 1),
	(1246, 27993, 2, '2022-06-22', 1),
	(1247, 28014, 2, '2022-06-22', 1),
	(1248, 28035, 2, '2022-06-22', 1),
	(1249, 28056, 2, '2022-06-22', 1),
	(1250, 28077, 2, '2022-06-22', 1),
	(1251, 28098, 2, '2022-06-22', 1),
	(1252, 28119, 2, '2022-06-22', 1),
	(1253, 28140, 2, '2022-06-22', 1),
	(1254, 28161, 2, '2022-06-22', 1),
	(1255, 28182, 2, '2022-06-22', 1),
	(1256, 28203, 2, '2022-06-22', 1),
	(1257, 28224, 2, '2022-06-22', 1),
	(1258, 28245, 2, '2022-06-22', 1),
	(1259, 28266, 2, '2022-06-22', 1),
	(1260, 28287, 2, '2022-06-22', 1),
	(1261, 28308, 2, '2022-06-22', 1),
	(1262, 27699, 2, '2022-06-15', 0),
	(1263, 27720, 2, '2022-06-15', 0),
	(1264, 27741, 2, '2022-06-15', 1),
	(1265, 27762, 2, '2022-06-15', 1),
	(1266, 27783, 2, '2022-06-15', 1),
	(1267, 27804, 2, '2022-06-15', 1),
	(1268, 27825, 2, '2022-06-15', 1),
	(1269, 27846, 2, '2022-06-15', 1),
	(1270, 27867, 2, '2022-06-15', 1),
	(1271, 27888, 2, '2022-06-15', 1),
	(1272, 27909, 2, '2022-06-15', 1),
	(1273, 27930, 2, '2022-06-15', 1),
	(1274, 27951, 2, '2022-06-15', 1),
	(1275, 27972, 2, '2022-06-15', 1),
	(1276, 27993, 2, '2022-06-15', 0),
	(1277, 28014, 2, '2022-06-15', 0),
	(1278, 28035, 2, '2022-06-15', 1),
	(1279, 28056, 2, '2022-06-15', 1),
	(1280, 28077, 2, '2022-06-15', 1),
	(1281, 28098, 2, '2022-06-15', 0),
	(1282, 28119, 2, '2022-06-15', 0),
	(1283, 28140, 2, '2022-06-15', 1),
	(1284, 28161, 2, '2022-06-15', 1),
	(1285, 28182, 2, '2022-06-15', 1),
	(1286, 28203, 2, '2022-06-15', 1),
	(1287, 28224, 2, '2022-06-15', 1),
	(1288, 28245, 2, '2022-06-15', 1),
	(1289, 28266, 2, '2022-06-15', 1),
	(1290, 28287, 2, '2022-06-15', 1),
	(1291, 28308, 2, '2022-06-15', 1),
	(1292, 27699, 2, '2022-06-29', 1),
	(1293, 27720, 2, '2022-06-29', 1),
	(1294, 27741, 2, '2022-06-29', 1),
	(1295, 27762, 2, '2022-06-29', 1),
	(1296, 27783, 2, '2022-06-29', 1),
	(1297, 27804, 2, '2022-06-29', 1),
	(1298, 27825, 2, '2022-06-29', 1),
	(1299, 27846, 2, '2022-06-29', 1),
	(1300, 27867, 2, '2022-06-29', 1),
	(1301, 27888, 2, '2022-06-29', 1),
	(1302, 27909, 2, '2022-06-29', 1),
	(1303, 27930, 2, '2022-06-29', 1),
	(1304, 27951, 2, '2022-06-29', 1),
	(1305, 27972, 2, '2022-06-29', 1),
	(1306, 27993, 2, '2022-06-29', 1),
	(1307, 28014, 2, '2022-06-29', 1),
	(1308, 28035, 2, '2022-06-29', 1),
	(1309, 28056, 2, '2022-06-29', 1),
	(1310, 28077, 2, '2022-06-29', 1),
	(1311, 28098, 2, '2022-06-29', 1),
	(1312, 28119, 2, '2022-06-29', 1),
	(1313, 28140, 2, '2022-06-29', 1),
	(1314, 28161, 2, '2022-06-29', 1),
	(1315, 28182, 2, '2022-06-29', 1),
	(1316, 28203, 2, '2022-06-29', 1),
	(1317, 28224, 2, '2022-06-29', 1),
	(1318, 28245, 2, '2022-06-29', 1),
	(1319, 28266, 2, '2022-06-29', 1),
	(1320, 28287, 2, '2022-06-29', 1),
	(1321, 28308, 2, '2022-06-29', 1),
	(1322, 27699, 2, '2022-07-06', 0),
	(1323, 27720, 2, '2022-07-06', 0),
	(1324, 27741, 2, '2022-07-06', 1),
	(1325, 27762, 2, '2022-07-06', 1),
	(1326, 27783, 2, '2022-07-06', 1),
	(1327, 27804, 2, '2022-07-06', 1),
	(1328, 27825, 2, '2022-07-06', 1),
	(1329, 27846, 2, '2022-07-06', 1),
	(1330, 27867, 2, '2022-07-06', 1),
	(1331, 27888, 2, '2022-07-06', 0),
	(1332, 27909, 2, '2022-07-06', 1),
	(1333, 27930, 2, '2022-07-06', 0),
	(1334, 27951, 2, '2022-07-06', 1),
	(1335, 27972, 2, '2022-07-06', 1),
	(1336, 27993, 2, '2022-07-06', 1),
	(1337, 28014, 2, '2022-07-06', 0),
	(1338, 28035, 2, '2022-07-06', 1),
	(1339, 28056, 2, '2022-07-06', 1),
	(1340, 28077, 2, '2022-07-06', 0),
	(1341, 28098, 2, '2022-07-06', 0),
	(1342, 28119, 2, '2022-07-06', 1),
	(1343, 28140, 2, '2022-07-06', 1),
	(1344, 28161, 2, '2022-07-06', 1),
	(1345, 28182, 2, '2022-07-06', 1),
	(1346, 28203, 2, '2022-07-06', 1),
	(1347, 28224, 2, '2022-07-06', 1),
	(1348, 28245, 2, '2022-07-06', 1),
	(1349, 28266, 2, '2022-07-06', 0),
	(1350, 28287, 2, '2022-07-06', 0),
	(1351, 28308, 2, '2022-07-06', 1),
	(1352, 27699, 1, '2022-07-13', 1),
	(1353, 27720, 1, '2022-07-13', 2),
	(1354, 27741, 1, '2022-07-13', 1),
	(1355, 27762, 1, '2022-07-13', 0),
	(1356, 27783, 1, '2022-07-13', 1),
	(1357, 27804, 1, '2022-07-13', 0),
	(1358, 27825, 1, '2022-07-13', 1),
	(1359, 27846, 1, '2022-07-13', 0),
	(1360, 27867, 1, '2022-07-13', 1),
	(1361, 27888, 1, '2022-07-13', 1),
	(1362, 27909, 1, '2022-07-13', 1),
	(1363, 27930, 1, '2022-07-13', 1),
	(1364, 27951, 1, '2022-07-13', 1),
	(1365, 27972, 1, '2022-07-13', 1),
	(1366, 27993, 1, '2022-07-13', 1),
	(1367, 28014, 1, '2022-07-13', 1),
	(1368, 28035, 1, '2022-07-13', 1),
	(1369, 28056, 1, '2022-07-13', 1),
	(1370, 28077, 1, '2022-07-13', 1),
	(1371, 28098, 1, '2022-07-13', 1),
	(1372, 28119, 1, '2022-07-13', 1),
	(1373, 28140, 1, '2022-07-13', 1),
	(1374, 28161, 1, '2022-07-13', 1),
	(1375, 28182, 1, '2022-07-13', 1),
	(1376, 28203, 1, '2022-07-13', 0),
	(1377, 28224, 1, '2022-07-13', 1),
	(1378, 28245, 1, '2022-07-13', 0),
	(1379, 28266, 1, '2022-07-13', 1),
	(1380, 28287, 1, '2022-07-13', 1),
	(1381, 28308, 1, '2022-07-13', 1),
	(1382, 27699, 2, '2022-07-20', 0),
	(1383, 27720, 2, '2022-07-20', 1),
	(1384, 27741, 2, '2022-07-20', 1),
	(1385, 27762, 2, '2022-07-20', 1),
	(1386, 27783, 2, '2022-07-20', 1),
	(1387, 27804, 2, '2022-07-20', 1),
	(1388, 27825, 2, '2022-07-20', 1),
	(1389, 27846, 2, '2022-07-20', 0),
	(1390, 27867, 2, '2022-07-20', 0),
	(1391, 27888, 2, '2022-07-20', 1),
	(1392, 27909, 2, '2022-07-20', 1),
	(1393, 27930, 2, '2022-07-20', 1),
	(1394, 27951, 2, '2022-07-20', 1),
	(1395, 27972, 2, '2022-07-20', 1),
	(1396, 27993, 2, '2022-07-20', 1),
	(1397, 28014, 2, '2022-07-20', 1),
	(1398, 28035, 2, '2022-07-20', 0),
	(1399, 28056, 2, '2022-07-20', 1),
	(1400, 28077, 2, '2022-07-20', 1),
	(1401, 28098, 2, '2022-07-20', 1),
	(1402, 28119, 2, '2022-07-20', 1),
	(1403, 28140, 2, '2022-07-20', 1),
	(1404, 28161, 2, '2022-07-20', 1),
	(1405, 28182, 2, '2022-07-20', 1),
	(1406, 28203, 2, '2022-07-20', 1),
	(1407, 28224, 2, '2022-07-20', 1),
	(1408, 28245, 2, '2022-07-20', 1),
	(1409, 28266, 2, '2022-07-20', 1),
	(1410, 28287, 2, '2022-07-20', 1),
	(1411, 28308, 2, '2022-07-20', 1),
	(1412, 27699, 2, '2022-08-03', 0),
	(1413, 27720, 2, '2022-08-03', 0),
	(1414, 27741, 2, '2022-08-03', 1),
	(1415, 27762, 2, '2022-08-03', 1),
	(1416, 27783, 2, '2022-08-03', 1),
	(1417, 27804, 2, '2022-08-03', 1),
	(1418, 27825, 2, '2022-08-03', 0),
	(1419, 27846, 2, '2022-08-03', 1),
	(1420, 27867, 2, '2022-08-03', 0),
	(1421, 27888, 2, '2022-08-03', 1),
	(1422, 27909, 2, '2022-08-03', 0),
	(1423, 27930, 2, '2022-08-03', 1),
	(1424, 27951, 2, '2022-08-03', 1),
	(1425, 27972, 2, '2022-08-03', 0),
	(1426, 27993, 2, '2022-08-03', 1),
	(1427, 28014, 2, '2022-08-03', 1),
	(1428, 28035, 2, '2022-08-03', 1),
	(1429, 28056, 2, '2022-08-03', 1),
	(1430, 28077, 2, '2022-08-03', 1),
	(1431, 28098, 2, '2022-08-03', 1),
	(1432, 28119, 2, '2022-08-03', 1),
	(1433, 28140, 2, '2022-08-03', 0),
	(1434, 28161, 2, '2022-08-03', 1),
	(1435, 28182, 2, '2022-08-03', 0),
	(1436, 28203, 2, '2022-08-03', 1),
	(1437, 28224, 2, '2022-08-03', 1),
	(1438, 28245, 2, '2022-08-03', 1),
	(1439, 28266, 2, '2022-08-03', 1),
	(1440, 28287, 2, '2022-08-03', 1),
	(1441, 28308, 2, '2022-08-03', 1),
	(1442, 27699, 3, '2022-08-10', 1),
	(1443, 27720, 3, '2022-08-10', 1),
	(1444, 27741, 3, '2022-08-10', 0),
	(1445, 27762, 3, '2022-08-10', 1),
	(1446, 27783, 3, '2022-08-10', 1),
	(1447, 27804, 3, '2022-08-10', 1),
	(1448, 27825, 3, '2022-08-10', 1),
	(1449, 27846, 3, '2022-08-10', 1),
	(1450, 27867, 3, '2022-08-10', 0),
	(1451, 27888, 3, '2022-08-10', 1),
	(1452, 27909, 3, '2022-08-10', 0),
	(1453, 27930, 3, '2022-08-10', 1),
	(1454, 27951, 3, '2022-08-10', 0),
	(1455, 27972, 3, '2022-08-10', 1),
	(1456, 27993, 3, '2022-08-10', 1),
	(1457, 28014, 3, '2022-08-10', 1),
	(1458, 28035, 3, '2022-08-10', 1),
	(1459, 28056, 3, '2022-08-10', 1),
	(1460, 28077, 3, '2022-08-10', 0),
	(1461, 28098, 3, '2022-08-10', 1),
	(1462, 28119, 3, '2022-08-10', 1),
	(1463, 28140, 3, '2022-08-10', 1),
	(1464, 28161, 3, '2022-08-10', 1),
	(1465, 28182, 3, '2022-08-10', 1),
	(1466, 28203, 3, '2022-08-10', 1),
	(1467, 28224, 3, '2022-08-10', 1),
	(1468, 28245, 3, '2022-08-10', 1),
	(1469, 28266, 3, '2022-08-10', 1),
	(1470, 28287, 3, '2022-08-10', 1),
	(1471, 28308, 3, '2022-08-10', 1),
	(1472, 27699, 2, '2022-08-17', 1),
	(1473, 27720, 2, '2022-08-17', 1),
	(1474, 27741, 2, '2022-08-17', 1),
	(1475, 27762, 2, '2022-08-17', 0),
	(1476, 27783, 2, '2022-08-17', 1),
	(1477, 27804, 2, '2022-08-17', 1),
	(1478, 27825, 2, '2022-08-17', 1),
	(1479, 27846, 2, '2022-08-17', 1),
	(1480, 27867, 2, '2022-08-17', 1),
	(1481, 27888, 2, '2022-08-17', 1),
	(1482, 27909, 2, '2022-08-17', 1),
	(1483, 27930, 2, '2022-08-17', 1),
	(1484, 27951, 2, '2022-08-17', 1),
	(1485, 27972, 2, '2022-08-17', 1),
	(1486, 27993, 2, '2022-08-17', 0),
	(1487, 28014, 2, '2022-08-17', 1),
	(1488, 28035, 2, '2022-08-17', 1),
	(1489, 28056, 2, '2022-08-17', 1),
	(1490, 28077, 2, '2022-08-17', 0),
	(1491, 28098, 2, '2022-08-17', 1),
	(1492, 28119, 2, '2022-08-17', 1),
	(1493, 28140, 2, '2022-08-17', 1),
	(1494, 28161, 2, '2022-08-17', 1),
	(1495, 28182, 2, '2022-08-17', 1),
	(1496, 28203, 2, '2022-08-17', 1),
	(1497, 28224, 2, '2022-08-17', 1),
	(1498, 28245, 2, '2022-08-17', 1),
	(1499, 28266, 2, '2022-08-17', 1),
	(1500, 28287, 2, '2022-08-17', 1),
	(1501, 28308, 2, '2022-08-17', 1),
	(1502, 27699, 3, '2022-09-07', 1),
	(1503, 27720, 3, '2022-09-07', 1),
	(1504, 27741, 3, '2022-09-07', 1),
	(1505, 27762, 3, '2022-09-07', 1),
	(1506, 27783, 3, '2022-09-07', 1),
	(1507, 27804, 3, '2022-09-07', 1),
	(1508, 27825, 3, '2022-09-07', 1),
	(1509, 27846, 3, '2022-09-07', 1),
	(1510, 27867, 3, '2022-09-07', 1),
	(1511, 27888, 3, '2022-09-07', 1),
	(1512, 27909, 3, '2022-09-07', 1),
	(1513, 27930, 3, '2022-09-07', 1),
	(1514, 27951, 3, '2022-09-07', 1),
	(1515, 27972, 3, '2022-09-07', 1),
	(1516, 27993, 3, '2022-09-07', 0),
	(1517, 28014, 3, '2022-09-07', 1),
	(1518, 28035, 3, '2022-09-07', 0),
	(1519, 28056, 3, '2022-09-07', 1),
	(1520, 28077, 3, '2022-09-07', 0),
	(1521, 28098, 3, '2022-09-07', 0),
	(1522, 28119, 3, '2022-09-07', 0),
	(1523, 28140, 3, '2022-09-07', 1),
	(1524, 28161, 3, '2022-09-07', 1),
	(1525, 28182, 3, '2022-09-07', 1),
	(1526, 28203, 3, '2022-09-07', 1),
	(1527, 28224, 3, '2022-09-07', 1),
	(1528, 28245, 3, '2022-09-07', 1),
	(1529, 28266, 3, '2022-09-07', 0),
	(1530, 28287, 3, '2022-09-07', 0),
	(1531, 28308, 3, '2022-09-07', 1),
	(1532, 27699, 3, '2022-09-14', 0),
	(1533, 27720, 3, '2022-09-14', 1),
	(1534, 27741, 3, '2022-09-14', 0),
	(1535, 27762, 3, '2022-09-14', 1),
	(1536, 27783, 3, '2022-09-14', 0),
	(1537, 27804, 3, '2022-09-14', 1),
	(1538, 27825, 3, '2022-09-14', 0),
	(1539, 27846, 3, '2022-09-14', 1),
	(1540, 27867, 3, '2022-09-14', 1),
	(1541, 27888, 3, '2022-09-14', 1),
	(1542, 27909, 3, '2022-09-14', 1),
	(1543, 27930, 3, '2022-09-14', 1),
	(1544, 27951, 3, '2022-09-14', 1),
	(1545, 27972, 3, '2022-09-14', 1),
	(1546, 27993, 3, '2022-09-14', 1),
	(1547, 28014, 3, '2022-09-14', 1),
	(1548, 28035, 3, '2022-09-14', 1),
	(1549, 28056, 3, '2022-09-14', 1),
	(1550, 28077, 3, '2022-09-14', 1),
	(1551, 28098, 3, '2022-09-14', 1),
	(1552, 28119, 3, '2022-09-14', 1),
	(1553, 28140, 3, '2022-09-14', 1),
	(1554, 28161, 3, '2022-09-14', 1),
	(1555, 28182, 3, '2022-09-14', 1),
	(1556, 28203, 3, '2022-09-14', 0),
	(1557, 28224, 3, '2022-09-14', 0),
	(1558, 28245, 3, '2022-09-14', 0),
	(1559, 28266, 3, '2022-09-14', 1),
	(1560, 28287, 3, '2022-09-14', 1),
	(1561, 28308, 3, '2022-09-14', 1),
	(1562, 27699, 3, '2022-11-21', 1),
	(1563, 27720, 3, '2022-11-21', 1),
	(1564, 27741, 3, '2022-11-21', 1),
	(1565, 27762, 3, '2022-11-21', 1),
	(1566, 27783, 3, '2022-11-21', 1),
	(1567, 27804, 3, '2022-11-21', 1),
	(1568, 27825, 3, '2022-11-21', 1),
	(1569, 27846, 3, '2022-11-21', 1),
	(1570, 27867, 3, '2022-11-21', 1),
	(1571, 27888, 3, '2022-11-21', 1),
	(1572, 27909, 3, '2022-11-21', 1),
	(1573, 27930, 3, '2022-11-21', 1),
	(1574, 27951, 3, '2022-11-21', 1),
	(1575, 27972, 3, '2022-11-21', 1),
	(1576, 27993, 3, '2022-11-21', 1),
	(1577, 28014, 3, '2022-11-21', 1),
	(1578, 28035, 3, '2022-11-21', 1),
	(1579, 28056, 3, '2022-11-21', 1),
	(1580, 28077, 3, '2022-11-21', 1),
	(1581, 28098, 3, '2022-11-21', 1),
	(1582, 28119, 3, '2022-11-21', 1),
	(1583, 28140, 3, '2022-11-21', 1),
	(1584, 28161, 3, '2022-11-21', 1),
	(1585, 28182, 3, '2022-11-21', 1),
	(1586, 28203, 3, '2022-11-21', 1),
	(1587, 28224, 3, '2022-11-21', 1),
	(1588, 28245, 3, '2022-11-21', 1),
	(1589, 28266, 3, '2022-11-21', 1),
	(1590, 28287, 3, '2022-11-21', 1),
	(1591, 28308, 3, '2022-11-21', 1),
	(1592, 27699, 3, '2022-10-10', 1),
	(1593, 27720, 3, '2022-10-10', 1),
	(1594, 27741, 3, '2022-10-10', 1),
	(1595, 27762, 3, '2022-10-10', 1),
	(1596, 27783, 3, '2022-10-10', 1),
	(1597, 27804, 3, '2022-10-10', 1),
	(1598, 27825, 3, '2022-10-10', 1),
	(1599, 27846, 3, '2022-10-10', 1),
	(1600, 27867, 3, '2022-10-10', 0),
	(1601, 27888, 3, '2022-10-10', 0),
	(1602, 27909, 3, '2022-10-10', 1),
	(1603, 27930, 3, '2022-10-10', 1),
	(1604, 27951, 3, '2022-10-10', 0),
	(1605, 27972, 3, '2022-10-10', 0),
	(1606, 27993, 3, '2022-10-10', 0),
	(1607, 28014, 3, '2022-10-10', 1),
	(1608, 28035, 3, '2022-10-10', 1),
	(1609, 28056, 3, '2022-10-10', 1),
	(1610, 28077, 3, '2022-10-10', 0),
	(1611, 28098, 3, '2022-10-10', 0),
	(1612, 28119, 3, '2022-10-10', 1),
	(1613, 28140, 3, '2022-10-10', 1),
	(1614, 28161, 3, '2022-10-10', 1),
	(1615, 28182, 3, '2022-10-10', 1),
	(1616, 28203, 3, '2022-10-10', 1),
	(1617, 28224, 3, '2022-10-10', 1),
	(1618, 28245, 3, '2022-10-10', 1),
	(1619, 28266, 3, '2022-10-10', 1),
	(1620, 28287, 3, '2022-10-10', 1),
	(1621, 28308, 3, '2022-10-10', 1),
	(1622, 27699, 3, '2022-11-30', 1),
	(1623, 27720, 3, '2022-11-30', 1),
	(1624, 27741, 3, '2022-11-30', 1),
	(1625, 27762, 3, '2022-11-30', 1),
	(1626, 27783, 3, '2022-11-30', 1),
	(1627, 27804, 3, '2022-11-30', 1),
	(1628, 27825, 3, '2022-11-30', 1),
	(1629, 27846, 3, '2022-11-30', 1),
	(1630, 27867, 3, '2022-11-30', 1),
	(1631, 27888, 3, '2022-11-30', 1),
	(1632, 27909, 3, '2022-11-30', 1),
	(1633, 27930, 3, '2022-11-30', 1),
	(1634, 27951, 3, '2022-11-30', 2),
	(1635, 27972, 3, '2022-11-30', 2),
	(1636, 27993, 3, '2022-11-30', 1),
	(1637, 28014, 3, '2022-11-30', 0),
	(1638, 28035, 3, '2022-11-30', 0),
	(1639, 28056, 3, '2022-11-30', 1),
	(1640, 28077, 3, '2022-11-30', 1),
	(1641, 28098, 3, '2022-11-30', 1),
	(1642, 28119, 3, '2022-11-30', 1),
	(1643, 28140, 3, '2022-11-30', 2),
	(1644, 28161, 3, '2022-11-30', 2),
	(1645, 28182, 3, '2022-11-30', 1),
	(1646, 28203, 3, '2022-11-30', 1),
	(1647, 28224, 3, '2022-11-30', 2),
	(1648, 28245, 3, '2022-11-30', 0),
	(1649, 28266, 3, '2022-11-30', 0),
	(1650, 28287, 3, '2022-11-30', 2),
	(1651, 28308, 3, '2022-11-30', 1),
	(1652, 27699, 2, '2022-11-24', 1),
	(1653, 27720, 2, '2022-11-24', 1),
	(1654, 27741, 2, '2022-11-24', 0),
	(1655, 27762, 2, '2022-11-24', 1),
	(1656, 27783, 2, '2022-11-24', 0),
	(1657, 27804, 2, '2022-11-24', 0),
	(1658, 27825, 2, '2022-11-24', 1),
	(1659, 27846, 2, '2022-11-24', 1),
	(1660, 27867, 2, '2022-11-24', 1),
	(1661, 27888, 2, '2022-11-24', 1),
	(1662, 27909, 2, '2022-11-24', 1),
	(1663, 27930, 2, '2022-11-24', 1),
	(1664, 27951, 2, '2022-11-24', 1),
	(1665, 27972, 2, '2022-11-24', 1),
	(1666, 27993, 2, '2022-11-24', 1),
	(1667, 28014, 2, '2022-11-24', 1),
	(1668, 28035, 2, '2022-11-24', 0),
	(1669, 28056, 2, '2022-11-24', 0),
	(1670, 28077, 2, '2022-11-24', 0),
	(1671, 28098, 2, '2022-11-24', 1),
	(1672, 28119, 2, '2022-11-24', 1),
	(1673, 28140, 2, '2022-11-24', 1),
	(1674, 28161, 2, '2022-11-24', 1),
	(1675, 28182, 2, '2022-11-24', 1),
	(1676, 28203, 2, '2022-11-24', 1),
	(1677, 28224, 2, '2022-11-24', 0),
	(1678, 28245, 2, '2022-11-24', 0),
	(1679, 28266, 2, '2022-11-24', 0),
	(1680, 28287, 2, '2022-11-24', 1),
	(1681, 28308, 2, '2022-11-24', 1),
	(1712, 27699, 2, '2022-11-24', 1),
	(1713, 27720, 2, '2022-11-24', 0),
	(1714, 27741, 2, '2022-11-24', 0),
	(1715, 27762, 2, '2022-11-24', 0),
	(1716, 27783, 2, '2022-11-24', 1),
	(1717, 27804, 2, '2022-11-24', 1),
	(1718, 27825, 2, '2022-11-24', 1),
	(1719, 27846, 2, '2022-11-24', 1),
	(1720, 27867, 2, '2022-11-24', 1),
	(1721, 27888, 2, '2022-11-24', 1),
	(1722, 27909, 2, '2022-11-24', 1),
	(1723, 27930, 2, '2022-11-24', 1),
	(1724, 27951, 2, '2022-11-24', 1),
	(1725, 27972, 2, '2022-11-24', 1),
	(1726, 27993, 2, '2022-11-24', 1),
	(1727, 28014, 2, '2022-11-24', 1),
	(1728, 28035, 2, '2022-11-24', 1),
	(1729, 28056, 2, '2022-11-24', 1),
	(1730, 28077, 2, '2022-11-24', 1),
	(1731, 28098, 2, '2022-11-24', 1),
	(1732, 28119, 2, '2022-11-24', 1),
	(1733, 28140, 2, '2022-11-24', 1),
	(1734, 28161, 2, '2022-11-24', 1),
	(1735, 28182, 2, '2022-11-24', 1),
	(1736, 28203, 2, '2022-11-24', 1),
	(1737, 28224, 2, '2022-11-24', 1),
	(1738, 28245, 2, '2022-11-24', 1),
	(1739, 28266, 2, '2022-11-24', 1),
	(1740, 28287, 2, '2022-11-24', 1),
	(1741, 28308, 2, '2022-11-24', 1),
	(1742, 27699, 3, '2022-12-01', 0),
	(1743, 27720, 3, '2022-12-01', 2),
	(1744, 27741, 3, '2022-12-01', 0),
	(1745, 27762, 3, '2022-12-01', 1),
	(1746, 27783, 3, '2022-12-01', 1),
	(1747, 27804, 3, '2022-12-01', 1),
	(1748, 27825, 3, '2022-12-01', 1),
	(1749, 27846, 3, '2022-12-01', 1),
	(1750, 27867, 3, '2022-12-01', 1),
	(1751, 27888, 3, '2022-12-01', 1),
	(1752, 27909, 3, '2022-12-01', 1),
	(1753, 27930, 3, '2022-12-01', 1),
	(1754, 27951, 3, '2022-12-01', 1),
	(1755, 27972, 3, '2022-12-01', 1),
	(1756, 27993, 3, '2022-12-01', 1),
	(1757, 28014, 3, '2022-12-01', 1),
	(1758, 28035, 3, '2022-12-01', 1),
	(1759, 28056, 3, '2022-12-01', 1),
	(1760, 28077, 3, '2022-12-01', 1),
	(1761, 28098, 3, '2022-12-01', 1),
	(1762, 28119, 3, '2022-12-01', 1),
	(1763, 28140, 3, '2022-12-01', 1),
	(1764, 28161, 3, '2022-12-01', 1),
	(1765, 28182, 3, '2022-12-01', 1),
	(1766, 28203, 3, '2022-12-01', 1),
	(1767, 28224, 3, '2022-12-01', 1),
	(1768, 28245, 3, '2022-12-01', 1),
	(1769, 28266, 3, '2022-12-01', 1),
	(1770, 28287, 3, '2022-12-01', 1),
	(1771, 28308, 3, '2022-12-01', 1),
	(1772, 27699, 1, '2022-11-25', 1),
	(1773, 27720, 1, '2022-11-25', 2),
	(1774, 27741, 1, '2022-11-25', 0),
	(1775, 27762, 1, '2022-11-25', 0),
	(1776, 27783, 1, '2022-11-25', 1),
	(1777, 27804, 1, '2022-11-25', 1),
	(1778, 27825, 1, '2022-11-25', 1),
	(1779, 27846, 1, '2022-11-25', 1),
	(1780, 27867, 1, '2022-11-25', 1),
	(1781, 27888, 1, '2022-11-25', 1),
	(1782, 27909, 1, '2022-11-25', 1),
	(1783, 27930, 1, '2022-11-25', 1),
	(1784, 27951, 1, '2022-11-25', 1),
	(1785, 27972, 1, '2022-11-25', 1),
	(1786, 27993, 1, '2022-11-25', 1),
	(1787, 28014, 1, '2022-11-25', 1),
	(1788, 28035, 1, '2022-11-25', 1),
	(1789, 28056, 1, '2022-11-25', 1),
	(1790, 28077, 1, '2022-11-25', 1),
	(1791, 28098, 1, '2022-11-25', 1),
	(1792, 28119, 1, '2022-11-25', 1),
	(1793, 28140, 1, '2022-11-25', 1),
	(1794, 28161, 1, '2022-11-25', 1),
	(1795, 28182, 1, '2022-11-25', 1),
	(1796, 28203, 1, '2022-11-25', 1),
	(1797, 28224, 1, '2022-11-25', 1),
	(1798, 28245, 1, '2022-11-25', 1),
	(1799, 28266, 1, '2022-11-25', 1),
	(1800, 28287, 1, '2022-11-25', 1),
	(1801, 28308, 1, '2022-11-25', 1),
	(1802, 27700, 1, '2022-11-25', 1),
	(1803, 27721, 1, '2022-11-25', 1),
	(1804, 27742, 1, '2022-11-25', 0),
	(1805, 27763, 1, '2022-11-25', 1),
	(1806, 27784, 1, '2022-11-25', 1),
	(1807, 27805, 1, '2022-11-25', 0),
	(1808, 27826, 1, '2022-11-25', 1),
	(1809, 27847, 1, '2022-11-25', 1),
	(1810, 27868, 1, '2022-11-25', 1),
	(1811, 27889, 1, '2022-11-25', 1),
	(1812, 27910, 1, '2022-11-25', 1),
	(1813, 27931, 1, '2022-11-25', 0),
	(1814, 27952, 1, '2022-11-25', 1),
	(1815, 27973, 1, '2022-11-25', 1),
	(1816, 27994, 1, '2022-11-25', 0),
	(1817, 28015, 1, '2022-11-25', 1),
	(1818, 28036, 1, '2022-11-25', 1),
	(1819, 28057, 1, '2022-11-25', 1),
	(1820, 28078, 1, '2022-11-25', 0),
	(1821, 28099, 1, '2022-11-25', 1),
	(1822, 28120, 1, '2022-11-25', 1),
	(1823, 28141, 1, '2022-11-25', 1),
	(1824, 28162, 1, '2022-11-25', 1),
	(1825, 28183, 1, '2022-11-25', 0),
	(1826, 28204, 1, '2022-11-25', 1),
	(1827, 28225, 1, '2022-11-25', 1),
	(1828, 28246, 1, '2022-11-25', 1),
	(1829, 28267, 1, '2022-11-25', 0),
	(1830, 28288, 1, '2022-11-25', 0),
	(1831, 28309, 1, '2022-11-25', 1),
	(1832, 27699, 1, '2022-11-25', 1),
	(1833, 27720, 1, '2022-11-25', 1),
	(1834, 27741, 1, '2022-11-25', 0),
	(1835, 27762, 1, '2022-11-25', 1),
	(1836, 27783, 1, '2022-11-25', 1),
	(1837, 27804, 1, '2022-11-25', 0),
	(1838, 27825, 1, '2022-11-25', 1),
	(1839, 27846, 1, '2022-11-25', 1),
	(1840, 27867, 1, '2022-11-25', 1),
	(1841, 27888, 1, '2022-11-25', 1),
	(1842, 27909, 1, '2022-11-25', 1),
	(1843, 27930, 1, '2022-11-25', 0),
	(1844, 27951, 1, '2022-11-25', 1),
	(1845, 27972, 1, '2022-11-25', 1),
	(1846, 27993, 1, '2022-11-25', 0),
	(1847, 28014, 1, '2022-11-25', 0),
	(1848, 28035, 1, '2022-11-25', 1),
	(1849, 28056, 1, '2022-11-25', 1),
	(1850, 28077, 1, '2022-11-25', 0),
	(1851, 28098, 1, '2022-11-25', 1),
	(1852, 28119, 1, '2022-11-25', 1),
	(1853, 28140, 1, '2022-11-25', 1),
	(1854, 28161, 1, '2022-11-25', 1),
	(1855, 28182, 1, '2022-11-25', 0),
	(1856, 28203, 1, '2022-11-25', 1),
	(1857, 28224, 1, '2022-11-25', 1),
	(1858, 28245, 1, '2022-11-25', 1),
	(1859, 28266, 1, '2022-11-25', 0),
	(1860, 28287, 1, '2022-11-25', 0),
	(1861, 28308, 1, '2022-11-25', 1),
	(1862, 27707, 1, '2022-11-25', 1),
	(1863, 27728, 1, '2022-11-25', 1),
	(1864, 27749, 1, '2022-11-25', 0),
	(1865, 27770, 1, '2022-11-25', 1),
	(1866, 27791, 1, '2022-11-25', 1),
	(1867, 27812, 1, '2022-11-25', 0),
	(1868, 27833, 1, '2022-11-25', 1),
	(1869, 27854, 1, '2022-11-25', 1),
	(1870, 27875, 1, '2022-11-25', 1),
	(1871, 27896, 1, '2022-11-25', 1),
	(1872, 27917, 1, '2022-11-25', 1),
	(1873, 27938, 1, '2022-11-25', 0),
	(1874, 27959, 1, '2022-11-25', 1),
	(1875, 27980, 1, '2022-11-25', 1),
	(1876, 28001, 1, '2022-11-25', 1),
	(1877, 28022, 1, '2022-11-25', 1),
	(1878, 28043, 1, '2022-11-25', 1),
	(1879, 28064, 1, '2022-11-25', 1),
	(1880, 28085, 1, '2022-11-25', 0),
	(1881, 28106, 1, '2022-11-25', 1),
	(1882, 28127, 1, '2022-11-25', 1),
	(1883, 28148, 1, '2022-11-25', 1),
	(1884, 28169, 1, '2022-11-25', 1),
	(1885, 28190, 1, '2022-11-25', 0),
	(1886, 28211, 1, '2022-11-25', 1),
	(1887, 28232, 1, '2022-11-25', 1),
	(1888, 28253, 1, '2022-11-25', 1),
	(1889, 28274, 1, '2022-11-25', 1),
	(1890, 28295, 1, '2022-11-25', 0),
	(1891, 28316, 1, '2022-11-25', 1),
	(1892, 27711, 1, '2022-11-25', 1),
	(1893, 27732, 1, '2022-11-25', 1),
	(1894, 27753, 1, '2022-11-25', 1),
	(1895, 27774, 1, '2022-11-25', 1),
	(1896, 27795, 1, '2022-11-25', 1),
	(1897, 27816, 1, '2022-11-25', 1),
	(1898, 27837, 1, '2022-11-25', 1),
	(1899, 27858, 1, '2022-11-25', 1),
	(1900, 27879, 1, '2022-11-25', 1),
	(1901, 27900, 1, '2022-11-25', 1),
	(1902, 27921, 1, '2022-11-25', 1),
	(1903, 27942, 1, '2022-11-25', 1),
	(1904, 27963, 1, '2022-11-25', 1),
	(1905, 27984, 1, '2022-11-25', 0),
	(1906, 28005, 1, '2022-11-25', 1),
	(1907, 28026, 1, '2022-11-25', 1),
	(1908, 28047, 1, '2022-11-25', 1),
	(1909, 28068, 1, '2022-11-25', 1),
	(1910, 28089, 1, '2022-11-25', 0),
	(1911, 28110, 1, '2022-11-25', 1),
	(1912, 28131, 1, '2022-11-25', 1),
	(1913, 28152, 1, '2022-11-25', 1),
	(1914, 28173, 1, '2022-11-25', 1),
	(1915, 28194, 1, '2022-11-25', 0),
	(1916, 28215, 1, '2022-11-25', 1),
	(1917, 28236, 1, '2022-11-25', 1),
	(1918, 28257, 1, '2022-11-25', 1),
	(1919, 28278, 1, '2022-11-25', 1),
	(1920, 28299, 1, '2022-11-25', 0),
	(1921, 28320, 1, '2022-11-25', 1),
	(1922, 27700, 1, '2022-11-25', 1),
	(1923, 27721, 1, '2022-11-25', 1),
	(1924, 27742, 1, '2022-11-25', 0),
	(1925, 27763, 1, '2022-11-25', 1),
	(1926, 27784, 1, '2022-11-25', 1),
	(1927, 27805, 1, '2022-11-25', 0),
	(1928, 27826, 1, '2022-11-25', 1),
	(1929, 27847, 1, '2022-11-25', 1),
	(1930, 27868, 1, '2022-11-25', 1),
	(1931, 27889, 1, '2022-11-25', 1),
	(1932, 27910, 1, '2022-11-25', 1),
	(1933, 27931, 1, '2022-11-25', 0),
	(1934, 27952, 1, '2022-11-25', 1),
	(1935, 27973, 1, '2022-11-25', 1),
	(1936, 27994, 1, '2022-11-25', 0),
	(1937, 28015, 1, '2022-11-25', 1),
	(1938, 28036, 1, '2022-11-25', 1),
	(1939, 28057, 1, '2022-11-25', 1),
	(1940, 28078, 1, '2022-11-25', 0),
	(1941, 28099, 1, '2022-11-25', 1),
	(1942, 28120, 1, '2022-11-25', 1),
	(1943, 28141, 1, '2022-11-25', 1),
	(1944, 28162, 1, '2022-11-25', 1),
	(1945, 28183, 1, '2022-11-25', 0),
	(1946, 28204, 1, '2022-11-25', 1),
	(1947, 28225, 1, '2022-11-25', 1),
	(1948, 28246, 1, '2022-11-25', 1),
	(1949, 28267, 1, '2022-11-25', 0),
	(1950, 28288, 1, '2022-11-25', 0),
	(1951, 28309, 1, '2022-11-25', 1),
	(1952, 27711, 1, '2022-11-25', 1),
	(1953, 27732, 1, '2022-11-25', 1),
	(1954, 27753, 1, '2022-11-25', 1),
	(1955, 27774, 1, '2022-11-25', 1),
	(1956, 27795, 1, '2022-11-25', 1),
	(1957, 27816, 1, '2022-11-25', 1),
	(1958, 27837, 1, '2022-11-25', 1),
	(1959, 27858, 1, '2022-11-25', 1),
	(1960, 27879, 1, '2022-11-25', 1),
	(1961, 27900, 1, '2022-11-25', 1),
	(1962, 27921, 1, '2022-11-25', 1),
	(1963, 27942, 1, '2022-11-25', 1),
	(1964, 27963, 1, '2022-11-25', 1),
	(1965, 27984, 1, '2022-11-25', 0),
	(1966, 28005, 1, '2022-11-25', 1),
	(1967, 28026, 1, '2022-11-25', 1),
	(1968, 28047, 1, '2022-11-25', 1),
	(1969, 28068, 1, '2022-11-25', 1),
	(1970, 28089, 1, '2022-11-25', 0),
	(1971, 28110, 1, '2022-11-25', 1),
	(1972, 28131, 1, '2022-11-25', 1),
	(1973, 28152, 1, '2022-11-25', 1),
	(1974, 28173, 1, '2022-11-25', 1),
	(1975, 28194, 1, '2022-11-25', 0),
	(1976, 28215, 1, '2022-11-25', 1),
	(1977, 28236, 1, '2022-11-25', 1),
	(1978, 28257, 1, '2022-11-25', 1),
	(1979, 28278, 1, '2022-11-25', 1),
	(1980, 28299, 1, '2022-11-25', 0),
	(1981, 28320, 1, '2022-11-25', 1),
	(1982, 27700, 1, '2022-11-25', 1),
	(1983, 27721, 1, '2022-11-25', 1),
	(1984, 27742, 1, '2022-11-25', 0),
	(1985, 27763, 1, '2022-11-25', 1),
	(1986, 27784, 1, '2022-11-25', 1),
	(1987, 27805, 1, '2022-11-25', 0),
	(1988, 27826, 1, '2022-11-25', 1),
	(1989, 27847, 1, '2022-11-25', 1),
	(1990, 27868, 1, '2022-11-25', 1),
	(1991, 27889, 1, '2022-11-25', 1),
	(1992, 27910, 1, '2022-11-25', 1),
	(1993, 27931, 1, '2022-11-25', 0),
	(1994, 27952, 1, '2022-11-25', 1),
	(1995, 27973, 1, '2022-11-25', 1),
	(1996, 27994, 1, '2022-11-25', 0),
	(1997, 28015, 1, '2022-11-25', 1),
	(1998, 28036, 1, '2022-11-25', 1),
	(1999, 28057, 1, '2022-11-25', 1),
	(2000, 28078, 1, '2022-11-25', 0),
	(2001, 28099, 1, '2022-11-25', 1),
	(2002, 28120, 1, '2022-11-25', 1),
	(2003, 28141, 1, '2022-11-25', 1),
	(2004, 28162, 1, '2022-11-25', 1),
	(2005, 28183, 1, '2022-11-25', 0),
	(2006, 28204, 1, '2022-11-25', 1),
	(2007, 28225, 1, '2022-11-25', 1),
	(2008, 28246, 1, '2022-11-25', 1),
	(2009, 28267, 1, '2022-11-25', 0),
	(2010, 28288, 1, '2022-11-25', 0),
	(2011, 28309, 1, '2022-11-25', 1),
	(2012, 27711, 1, '2022-11-25', 1),
	(2013, 27732, 1, '2022-11-25', 1),
	(2014, 27753, 1, '2022-11-25', 0),
	(2015, 27774, 1, '2022-11-25', 1),
	(2016, 27795, 1, '2022-11-25', 1),
	(2017, 27816, 1, '2022-11-25', 1),
	(2018, 27837, 1, '2022-11-25', 0),
	(2019, 27858, 1, '2022-11-25', 1),
	(2020, 27879, 1, '2022-11-25', 1),
	(2021, 27900, 1, '2022-11-25', 1),
	(2022, 27921, 1, '2022-11-25', 1),
	(2023, 27942, 1, '2022-11-25', 1),
	(2024, 27963, 1, '2022-11-25', 1),
	(2025, 27984, 1, '2022-11-25', 0),
	(2026, 28005, 1, '2022-11-25', 1),
	(2027, 28026, 1, '2022-11-25', 1),
	(2028, 28047, 1, '2022-11-25', 1),
	(2029, 28068, 1, '2022-11-25', 1),
	(2030, 28089, 1, '2022-11-25', 0),
	(2031, 28110, 1, '2022-11-25', 1),
	(2032, 28131, 1, '2022-11-25', 1),
	(2033, 28152, 1, '2022-11-25', 1),
	(2034, 28173, 1, '2022-11-25', 1),
	(2035, 28194, 1, '2022-11-25', 0),
	(2036, 28215, 1, '2022-11-25', 1),
	(2037, 28236, 1, '2022-11-25', 1),
	(2038, 28257, 1, '2022-11-25', 1),
	(2039, 28278, 1, '2022-11-25', 1),
	(2040, 28299, 1, '2022-11-25', 0),
	(2041, 28320, 1, '2022-11-25', 1),
	(2042, 27700, 1, '2022-11-25', 1),
	(2043, 27721, 1, '2022-11-25', 1),
	(2044, 27742, 1, '2022-11-25', 0),
	(2045, 27763, 1, '2022-11-25', 1),
	(2046, 27784, 1, '2022-11-25', 1),
	(2047, 27805, 1, '2022-11-25', 0),
	(2048, 27826, 1, '2022-11-25', 1),
	(2049, 27847, 1, '2022-11-25', 1),
	(2050, 27868, 1, '2022-11-25', 1),
	(2051, 27889, 1, '2022-11-25', 1),
	(2052, 27910, 1, '2022-11-25', 1),
	(2053, 27931, 1, '2022-11-25', 0),
	(2054, 27952, 1, '2022-11-25', 1),
	(2055, 27973, 1, '2022-11-25', 1),
	(2056, 27994, 1, '2022-11-25', 0),
	(2057, 28015, 1, '2022-11-25', 1),
	(2058, 28036, 1, '2022-11-25', 1),
	(2059, 28057, 1, '2022-11-25', 1),
	(2060, 28078, 1, '2022-11-25', 0),
	(2061, 28099, 1, '2022-11-25', 1),
	(2062, 28120, 1, '2022-11-25', 1),
	(2063, 28141, 1, '2022-11-25', 1),
	(2064, 28162, 1, '2022-11-25', 1),
	(2065, 28183, 1, '2022-11-25', 0),
	(2066, 28204, 1, '2022-11-25', 1),
	(2067, 28225, 1, '2022-11-25', 1),
	(2068, 28246, 1, '2022-11-25', 1),
	(2069, 28267, 1, '2022-11-25', 0),
	(2070, 28288, 1, '2022-11-25', 0),
	(2071, 28309, 1, '2022-11-25', 1),
	(2072, 27700, 1, '2022-11-25', 1),
	(2073, 27721, 1, '2022-11-25', 1),
	(2074, 27742, 1, '2022-11-25', 0),
	(2075, 27763, 1, '2022-11-25', 1),
	(2076, 27784, 1, '2022-11-25', 1),
	(2077, 27805, 1, '2022-11-25', 0),
	(2078, 27826, 1, '2022-11-25', 1),
	(2079, 27847, 1, '2022-11-25', 1),
	(2080, 27868, 1, '2022-11-25', 1),
	(2081, 27889, 1, '2022-11-25', 1),
	(2082, 27910, 1, '2022-11-25', 1),
	(2083, 27931, 1, '2022-11-25', 0),
	(2084, 27952, 1, '2022-11-25', 1),
	(2085, 27973, 1, '2022-11-25', 1),
	(2086, 27994, 1, '2022-11-25', 0),
	(2087, 28015, 1, '2022-11-25', 1),
	(2088, 28036, 1, '2022-11-25', 1),
	(2089, 28057, 1, '2022-11-25', 1),
	(2090, 28078, 1, '2022-11-25', 0),
	(2091, 28099, 1, '2022-11-25', 1),
	(2092, 28120, 1, '2022-11-25', 1),
	(2093, 28141, 1, '2022-11-25', 1),
	(2094, 28162, 1, '2022-11-25', 1),
	(2095, 28183, 1, '2022-11-25', 0),
	(2096, 28204, 1, '2022-11-25', 1),
	(2097, 28225, 1, '2022-11-25', 1),
	(2098, 28246, 1, '2022-11-25', 1),
	(2099, 28267, 1, '2022-11-25', 0),
	(2100, 28288, 1, '2022-11-25', 0),
	(2101, 28309, 1, '2022-11-25', 1),
	(2102, 27700, 1, '2022-11-25', 1),
	(2103, 27721, 1, '2022-11-25', 1),
	(2104, 27742, 1, '2022-11-25', 0),
	(2105, 27763, 1, '2022-11-25', 1),
	(2106, 27784, 1, '2022-11-25', 1),
	(2107, 27805, 1, '2022-11-25', 0),
	(2108, 27826, 1, '2022-11-25', 1),
	(2109, 27847, 1, '2022-11-25', 1),
	(2110, 27868, 1, '2022-11-25', 1),
	(2111, 27889, 1, '2022-11-25', 1),
	(2112, 27910, 1, '2022-11-25', 1),
	(2113, 27931, 1, '2022-11-25', 0),
	(2114, 27952, 1, '2022-11-25', 1),
	(2115, 27973, 1, '2022-11-25', 1),
	(2116, 27994, 1, '2022-11-25', 0),
	(2117, 28015, 1, '2022-11-25', 1),
	(2118, 28036, 1, '2022-11-25', 1),
	(2119, 28057, 1, '2022-11-25', 1),
	(2120, 28078, 1, '2022-11-25', 0),
	(2121, 28099, 1, '2022-11-25', 1),
	(2122, 28120, 1, '2022-11-25', 1),
	(2123, 28141, 1, '2022-11-25', 1),
	(2124, 28162, 1, '2022-11-25', 1),
	(2125, 28183, 1, '2022-11-25', 0),
	(2126, 28204, 1, '2022-11-25', 1),
	(2127, 28225, 1, '2022-11-25', 1),
	(2128, 28246, 1, '2022-11-25', 1),
	(2129, 28267, 1, '2022-11-25', 0),
	(2130, 28288, 1, '2022-11-25', 0),
	(2131, 28309, 1, '2022-11-25', 1),
	(2132, 27711, 1, '2022-11-25', 1),
	(2133, 27732, 1, '2022-11-25', 1),
	(2134, 27753, 1, '2022-11-25', 0),
	(2135, 27774, 1, '2022-11-25', 1),
	(2136, 27795, 1, '2022-11-25', 1),
	(2137, 27816, 1, '2022-11-25', 1),
	(2138, 27837, 1, '2022-11-25', 0),
	(2139, 27858, 1, '2022-11-25', 1),
	(2140, 27879, 1, '2022-11-25', 1),
	(2141, 27900, 1, '2022-11-25', 1),
	(2142, 27921, 1, '2022-11-25', 1),
	(2143, 27942, 1, '2022-11-25', 1),
	(2144, 27963, 1, '2022-11-25', 1),
	(2145, 27984, 1, '2022-11-25', 0),
	(2146, 28005, 1, '2022-11-25', 1),
	(2147, 28026, 1, '2022-11-25', 1),
	(2148, 28047, 1, '2022-11-25', 1),
	(2149, 28068, 1, '2022-11-25', 1),
	(2150, 28089, 1, '2022-11-25', 0),
	(2151, 28110, 1, '2022-11-25', 1),
	(2152, 28131, 1, '2022-11-25', 1),
	(2153, 28152, 1, '2022-11-25', 1),
	(2154, 28173, 1, '2022-11-25', 1),
	(2155, 28194, 1, '2022-11-25', 0),
	(2156, 28215, 1, '2022-11-25', 1),
	(2157, 28236, 1, '2022-11-25', 1),
	(2158, 28257, 1, '2022-11-25', 1),
	(2159, 28278, 1, '2022-11-25', 1),
	(2160, 28299, 1, '2022-11-25', 0),
	(2161, 28320, 1, '2022-11-25', 1),
	(2162, 27700, 1, '2022-11-22', 1),
	(2163, 27721, 1, '2022-11-22', 1),
	(2164, 27742, 1, '2022-11-22', 0),
	(2165, 27763, 1, '2022-11-22', 1),
	(2166, 27784, 1, '2022-11-22', 1),
	(2167, 27805, 1, '2022-11-22', 0),
	(2168, 27826, 1, '2022-11-22', 1),
	(2169, 27847, 1, '2022-11-22', 1),
	(2170, 27868, 1, '2022-11-22', 1),
	(2171, 27889, 1, '2022-11-22', 1),
	(2172, 27910, 1, '2022-11-22', 1),
	(2173, 27931, 1, '2022-11-22', 0),
	(2174, 27952, 1, '2022-11-22', 1),
	(2175, 27973, 1, '2022-11-22', 1),
	(2176, 27994, 1, '2022-11-22', 0),
	(2177, 28015, 1, '2022-11-22', 1),
	(2178, 28036, 1, '2022-11-22', 1),
	(2179, 28057, 1, '2022-11-22', 1),
	(2180, 28078, 1, '2022-11-22', 0),
	(2181, 28099, 1, '2022-11-22', 1),
	(2182, 28120, 1, '2022-11-22', 1),
	(2183, 28141, 1, '2022-11-22', 1),
	(2184, 28162, 1, '2022-11-22', 1),
	(2185, 28183, 1, '2022-11-22', 0),
	(2186, 28204, 1, '2022-11-22', 1),
	(2187, 28225, 1, '2022-11-22', 1),
	(2188, 28246, 1, '2022-11-22', 1),
	(2189, 28267, 1, '2022-11-22', 0),
	(2190, 28288, 1, '2022-11-22', 0),
	(2191, 28309, 1, '2022-11-22', 1),
	(2192, 27700, 1, '2022-11-22', 1),
	(2193, 27721, 1, '2022-11-22', 1),
	(2194, 27742, 1, '2022-11-22', 0),
	(2195, 27763, 1, '2022-11-22', 1),
	(2196, 27784, 1, '2022-11-22', 1),
	(2197, 27805, 1, '2022-11-22', 0),
	(2198, 27826, 1, '2022-11-22', 1),
	(2199, 27847, 1, '2022-11-22', 1),
	(2200, 27868, 1, '2022-11-22', 1),
	(2201, 27889, 1, '2022-11-22', 1),
	(2202, 27910, 1, '2022-11-22', 1),
	(2203, 27931, 1, '2022-11-22', 0),
	(2204, 27952, 1, '2022-11-22', 1),
	(2205, 27973, 1, '2022-11-22', 1),
	(2206, 27994, 1, '2022-11-22', 0),
	(2207, 28015, 1, '2022-11-22', 1),
	(2208, 28036, 1, '2022-11-22', 1),
	(2209, 28057, 1, '2022-11-22', 1),
	(2210, 28078, 1, '2022-11-22', 0),
	(2211, 28099, 1, '2022-11-22', 1),
	(2212, 28120, 1, '2022-11-22', 1),
	(2213, 28141, 1, '2022-11-22', 1),
	(2214, 28162, 1, '2022-11-22', 1),
	(2215, 28183, 1, '2022-11-22', 0),
	(2216, 28204, 1, '2022-11-22', 1),
	(2217, 28225, 1, '2022-11-22', 1),
	(2218, 28246, 1, '2022-11-22', 1),
	(2219, 28267, 1, '2022-11-22', 0),
	(2220, 28288, 1, '2022-11-22', 0),
	(2221, 28309, 1, '2022-11-22', 1),
	(2222, 27711, 1, '2022-11-25', 1),
	(2223, 27732, 1, '2022-11-25', 1),
	(2224, 27753, 1, '2022-11-25', 0),
	(2225, 27774, 1, '2022-11-25', 1),
	(2226, 27795, 1, '2022-11-25', 1),
	(2227, 27816, 1, '2022-11-25', 1),
	(2228, 27837, 1, '2022-11-25', 0),
	(2229, 27858, 1, '2022-11-25', 1),
	(2230, 27879, 1, '2022-11-25', 1),
	(2231, 27900, 1, '2022-11-25', 1),
	(2232, 27921, 1, '2022-11-25', 1),
	(2233, 27942, 1, '2022-11-25', 1),
	(2234, 27963, 1, '2022-11-25', 1),
	(2235, 27984, 1, '2022-11-25', 0),
	(2236, 28005, 1, '2022-11-25', 1),
	(2237, 28026, 1, '2022-11-25', 1),
	(2238, 28047, 1, '2022-11-25', 1),
	(2239, 28068, 1, '2022-11-25', 1),
	(2240, 28089, 1, '2022-11-25', 0),
	(2241, 28110, 1, '2022-11-25', 1),
	(2242, 28131, 1, '2022-11-25', 1),
	(2243, 28152, 1, '2022-11-25', 1),
	(2244, 28173, 1, '2022-11-25', 1),
	(2245, 28194, 1, '2022-11-25', 0),
	(2246, 28215, 1, '2022-11-25', 1),
	(2247, 28236, 1, '2022-11-25', 1),
	(2248, 28257, 1, '2022-11-25', 1),
	(2249, 28278, 1, '2022-11-25', 1),
	(2250, 28299, 1, '2022-11-25', 0),
	(2251, 28320, 1, '2022-11-25', 1),
	(2252, 27700, 1, '2022-11-22', 1),
	(2253, 27721, 1, '2022-11-22', 1),
	(2254, 27742, 1, '2022-11-22', 0),
	(2255, 27763, 1, '2022-11-22', 1),
	(2256, 27784, 1, '2022-11-22', 1),
	(2257, 27805, 1, '2022-11-22', 0),
	(2258, 27826, 1, '2022-11-22', 1),
	(2259, 27847, 1, '2022-11-22', 1),
	(2260, 27868, 1, '2022-11-22', 1),
	(2261, 27889, 1, '2022-11-22', 1),
	(2262, 27910, 1, '2022-11-22', 1),
	(2263, 27931, 1, '2022-11-22', 0),
	(2264, 27952, 1, '2022-11-22', 1),
	(2265, 27973, 1, '2022-11-22', 1),
	(2266, 27994, 1, '2022-11-22', 0),
	(2267, 28015, 1, '2022-11-22', 1),
	(2268, 28036, 1, '2022-11-22', 1),
	(2269, 28057, 1, '2022-11-22', 1),
	(2270, 28078, 1, '2022-11-22', 0),
	(2271, 28099, 1, '2022-11-22', 1),
	(2272, 28120, 1, '2022-11-22', 1),
	(2273, 28141, 1, '2022-11-22', 1),
	(2274, 28162, 1, '2022-11-22', 1),
	(2275, 28183, 1, '2022-11-22', 0),
	(2276, 28204, 1, '2022-11-22', 1),
	(2277, 28225, 1, '2022-11-22', 1),
	(2278, 28246, 1, '2022-11-22', 1),
	(2279, 28267, 1, '2022-11-22', 0),
	(2280, 28288, 1, '2022-11-22', 0),
	(2281, 28309, 1, '2022-11-22', 1),
	(2282, 27700, 1, '2022-11-25', 1),
	(2283, 27721, 1, '2022-11-25', 1),
	(2284, 27742, 1, '2022-11-25', 1),
	(2285, 27763, 1, '2022-11-25', 1),
	(2286, 27784, 1, '2022-11-25', 1),
	(2287, 27805, 1, '2022-11-25', 1),
	(2288, 27826, 1, '2022-11-25', 1),
	(2289, 27847, 1, '2022-11-25', 1),
	(2290, 27868, 1, '2022-11-25', 1),
	(2291, 27889, 1, '2022-11-25', 1),
	(2292, 27910, 1, '2022-11-25', 1),
	(2293, 27931, 1, '2022-11-25', 1),
	(2294, 27952, 1, '2022-11-25', 1),
	(2295, 27973, 1, '2022-11-25', 1),
	(2296, 27994, 1, '2022-11-25', 1),
	(2297, 28015, 1, '2022-11-25', 1),
	(2298, 28036, 1, '2022-11-25', 1),
	(2299, 28057, 1, '2022-11-25', 1),
	(2300, 28078, 1, '2022-11-25', 1),
	(2301, 28099, 1, '2022-11-25', 1),
	(2302, 28120, 1, '2022-11-25', 1),
	(2303, 28141, 1, '2022-11-25', 1),
	(2304, 28162, 1, '2022-11-25', 1),
	(2305, 28183, 1, '2022-11-25', 1),
	(2306, 28204, 1, '2022-11-25', 1),
	(2307, 28225, 1, '2022-11-25', 1),
	(2308, 28246, 1, '2022-11-25', 1),
	(2309, 28267, 1, '2022-11-25', 1),
	(2310, 28288, 1, '2022-11-25', 1),
	(2311, 28309, 1, '2022-11-25', 1),
	(2312, 27711, 1, '2022-11-25', 1),
	(2313, 27732, 1, '2022-11-25', 1),
	(2314, 27753, 1, '2022-11-25', 0),
	(2315, 27774, 1, '2022-11-25', 1),
	(2316, 27795, 1, '2022-11-25', 1),
	(2317, 27816, 1, '2022-11-25', 1),
	(2318, 27837, 1, '2022-11-25', 0),
	(2319, 27858, 1, '2022-11-25', 1),
	(2320, 27879, 1, '2022-11-25', 1),
	(2321, 27900, 1, '2022-11-25', 1),
	(2322, 27921, 1, '2022-11-25', 1),
	(2323, 27942, 1, '2022-11-25', 1),
	(2324, 27963, 1, '2022-11-25', 1),
	(2325, 27984, 1, '2022-11-25', 0),
	(2326, 28005, 1, '2022-11-25', 1),
	(2327, 28026, 1, '2022-11-25', 1),
	(2328, 28047, 1, '2022-11-25', 1),
	(2329, 28068, 1, '2022-11-25', 1),
	(2330, 28089, 1, '2022-11-25', 0),
	(2331, 28110, 1, '2022-11-25', 1),
	(2332, 28131, 1, '2022-11-25', 1),
	(2333, 28152, 1, '2022-11-25', 1),
	(2334, 28173, 1, '2022-11-25', 1),
	(2335, 28194, 1, '2022-11-25', 0),
	(2336, 28215, 1, '2022-11-25', 1),
	(2337, 28236, 1, '2022-11-25', 1),
	(2338, 28257, 1, '2022-11-25', 1),
	(2339, 28278, 1, '2022-11-25', 1),
	(2340, 28299, 1, '2022-11-25', 0),
	(2341, 28320, 1, '2022-11-25', 1),
	(2342, 27700, 2, '2022-11-25', 1),
	(2343, 27721, 2, '2022-11-25', 1),
	(2344, 27742, 2, '2022-11-25', 1),
	(2345, 27763, 2, '2022-11-25', 1),
	(2346, 27784, 2, '2022-11-25', 1),
	(2347, 27805, 2, '2022-11-25', 1),
	(2348, 27826, 2, '2022-11-25', 1),
	(2349, 27847, 2, '2022-11-25', 1),
	(2350, 27868, 2, '2022-11-25', 1),
	(2351, 27889, 2, '2022-11-25', 1),
	(2352, 27910, 2, '2022-11-25', 1),
	(2353, 27931, 2, '2022-11-25', 1),
	(2354, 27952, 2, '2022-11-25', 1),
	(2355, 27973, 2, '2022-11-25', 1),
	(2356, 27994, 2, '2022-11-25', 1),
	(2357, 28015, 2, '2022-11-25', 1),
	(2358, 28036, 2, '2022-11-25', 1),
	(2359, 28057, 2, '2022-11-25', 1),
	(2360, 28078, 2, '2022-11-25', 1),
	(2361, 28099, 2, '2022-11-25', 1),
	(2362, 28120, 2, '2022-11-25', 1),
	(2363, 28141, 2, '2022-11-25', 1),
	(2364, 28162, 2, '2022-11-25', 1),
	(2365, 28183, 2, '2022-11-25', 1),
	(2366, 28204, 2, '2022-11-25', 1),
	(2367, 28225, 2, '2022-11-25', 1),
	(2368, 28246, 2, '2022-11-25', 1),
	(2369, 28267, 2, '2022-11-25', 1),
	(2370, 28288, 2, '2022-11-25', 1),
	(2371, 28309, 2, '2022-11-25', 1),
	(2372, 27700, 1, '2022-11-25', 1),
	(2373, 27721, 1, '2022-11-25', 1),
	(2374, 27742, 1, '2022-11-25', 1),
	(2375, 27763, 1, '2022-11-25', 1),
	(2376, 27784, 1, '2022-11-25', 1),
	(2377, 27805, 1, '2022-11-25', 1),
	(2378, 27826, 1, '2022-11-25', 1),
	(2379, 27847, 1, '2022-11-25', 1),
	(2380, 27868, 1, '2022-11-25', 1),
	(2381, 27889, 1, '2022-11-25', 1),
	(2382, 27910, 1, '2022-11-25', 1),
	(2383, 27931, 1, '2022-11-25', 1),
	(2384, 27952, 1, '2022-11-25', 1),
	(2385, 27973, 1, '2022-11-25', 1),
	(2386, 27994, 1, '2022-11-25', 1),
	(2387, 28015, 1, '2022-11-25', 1),
	(2388, 28036, 1, '2022-11-25', 1),
	(2389, 28057, 1, '2022-11-25', 1),
	(2390, 28078, 1, '2022-11-25', 1),
	(2391, 28099, 1, '2022-11-25', 1),
	(2392, 28120, 1, '2022-11-25', 1),
	(2393, 28141, 1, '2022-11-25', 1),
	(2394, 28162, 1, '2022-11-25', 1),
	(2395, 28183, 1, '2022-11-25', 1),
	(2396, 28204, 1, '2022-11-25', 1),
	(2397, 28225, 1, '2022-11-25', 1),
	(2398, 28246, 1, '2022-11-25', 1),
	(2399, 28267, 1, '2022-11-25', 1),
	(2400, 28288, 1, '2022-11-25', 1),
	(2401, 28309, 1, '2022-11-25', 1),
	(2402, 27700, 1, '2022-11-25', 1),
	(2403, 27721, 1, '2022-11-25', 1),
	(2404, 27742, 1, '2022-11-25', 1),
	(2405, 27763, 1, '2022-11-25', 1),
	(2406, 27784, 1, '2022-11-25', 1),
	(2407, 27805, 1, '2022-11-25', 1),
	(2408, 27826, 1, '2022-11-25', 1),
	(2409, 27847, 1, '2022-11-25', 1),
	(2410, 27868, 1, '2022-11-25', 1),
	(2411, 27889, 1, '2022-11-25', 1),
	(2412, 27910, 1, '2022-11-25', 1),
	(2413, 27931, 1, '2022-11-25', 1),
	(2414, 27952, 1, '2022-11-25', 1),
	(2415, 27973, 1, '2022-11-25', 1),
	(2416, 27994, 1, '2022-11-25', 1),
	(2417, 28015, 1, '2022-11-25', 1),
	(2418, 28036, 1, '2022-11-25', 1),
	(2419, 28057, 1, '2022-11-25', 1),
	(2420, 28078, 1, '2022-11-25', 1),
	(2421, 28099, 1, '2022-11-25', 1),
	(2422, 28120, 1, '2022-11-25', 1),
	(2423, 28141, 1, '2022-11-25', 1),
	(2424, 28162, 1, '2022-11-25', 1),
	(2425, 28183, 1, '2022-11-25', 1),
	(2426, 28204, 1, '2022-11-25', 1),
	(2427, 28225, 1, '2022-11-25', 1),
	(2428, 28246, 1, '2022-11-25', 1),
	(2429, 28267, 1, '2022-11-25', 1),
	(2430, 28288, 1, '2022-11-25', 1),
	(2431, 28309, 1, '2022-11-25', 1),
	(2432, 27711, 1, '2022-11-25', 1),
	(2433, 27732, 1, '2022-11-25', 0),
	(2434, 27753, 1, '2022-11-25', 1),
	(2435, 27774, 1, '2022-11-25', 1),
	(2436, 27795, 1, '2022-11-25', 1),
	(2437, 27816, 1, '2022-11-25', 1),
	(2438, 27837, 1, '2022-11-25', 1),
	(2439, 27858, 1, '2022-11-25', 0),
	(2440, 27879, 1, '2022-11-25', 0),
	(2441, 27900, 1, '2022-11-25', 1),
	(2442, 27921, 1, '2022-11-25', 1),
	(2443, 27942, 1, '2022-11-25', 1),
	(2444, 27963, 1, '2022-11-25', 1),
	(2445, 27984, 1, '2022-11-25', 1),
	(2446, 28005, 1, '2022-11-25', 1),
	(2447, 28026, 1, '2022-11-25', 0),
	(2448, 28047, 1, '2022-11-25', 0),
	(2449, 28068, 1, '2022-11-25', 1),
	(2450, 28089, 1, '2022-11-25', 1),
	(2451, 28110, 1, '2022-11-25', 1),
	(2452, 28131, 1, '2022-11-25', 1),
	(2453, 28152, 1, '2022-11-25', 1),
	(2454, 28173, 1, '2022-11-25', 1),
	(2455, 28194, 1, '2022-11-25', 1),
	(2456, 28215, 1, '2022-11-25', 0),
	(2457, 28236, 1, '2022-11-25', 1),
	(2458, 28257, 1, '2022-11-25', 1),
	(2459, 28278, 1, '2022-11-25', 1),
	(2460, 28299, 1, '2022-11-25', 1),
	(2461, 28320, 1, '2022-11-25', 1),
	(2462, 27700, 1, '2022-11-25', 1),
	(2463, 27721, 1, '2022-11-25', 1),
	(2464, 27742, 1, '2022-11-25', 1),
	(2465, 27763, 1, '2022-11-25', 1),
	(2466, 27784, 1, '2022-11-25', 1),
	(2467, 27805, 1, '2022-11-25', 1),
	(2468, 27826, 1, '2022-11-25', 1),
	(2469, 27847, 1, '2022-11-25', 1),
	(2470, 27868, 1, '2022-11-25', 1),
	(2471, 27889, 1, '2022-11-25', 1),
	(2472, 27910, 1, '2022-11-25', 1),
	(2473, 27931, 1, '2022-11-25', 1),
	(2474, 27952, 1, '2022-11-25', 1),
	(2475, 27973, 1, '2022-11-25', 1),
	(2476, 27994, 1, '2022-11-25', 1),
	(2477, 28015, 1, '2022-11-25', 1),
	(2478, 28036, 1, '2022-11-25', 1),
	(2479, 28057, 1, '2022-11-25', 1),
	(2480, 28078, 1, '2022-11-25', 1),
	(2481, 28099, 1, '2022-11-25', 1),
	(2482, 28120, 1, '2022-11-25', 1),
	(2483, 28141, 1, '2022-11-25', 1),
	(2484, 28162, 1, '2022-11-25', 1),
	(2485, 28183, 1, '2022-11-25', 1),
	(2486, 28204, 1, '2022-11-25', 1),
	(2487, 28225, 1, '2022-11-25', 1),
	(2488, 28246, 1, '2022-11-25', 1),
	(2489, 28267, 1, '2022-11-25', 1),
	(2490, 28288, 1, '2022-11-25', 1),
	(2491, 28309, 1, '2022-11-25', 1),
	(2492, 27711, 1, '2022-11-16', 1),
	(2493, 27732, 1, '2022-11-16', 1),
	(2494, 27753, 1, '2022-11-16', 0),
	(2495, 27774, 1, '2022-11-16', 0),
	(2496, 27795, 1, '2022-11-16', 1),
	(2497, 27816, 1, '2022-11-16', 1),
	(2498, 27837, 1, '2022-11-16', 1),
	(2499, 27858, 1, '2022-11-16', 1),
	(2500, 27879, 1, '2022-11-16', 1),
	(2501, 27900, 1, '2022-11-16', 1),
	(2502, 27921, 1, '2022-11-16', 1),
	(2503, 27942, 1, '2022-11-16', 1),
	(2504, 27963, 1, '2022-11-16', 1),
	(2505, 27984, 1, '2022-11-16', 1),
	(2506, 28005, 1, '2022-11-16', 1),
	(2507, 28026, 1, '2022-11-16', 1),
	(2508, 28047, 1, '2022-11-16', 1),
	(2509, 28068, 1, '2022-11-16', 1),
	(2510, 28089, 1, '2022-11-16', 1),
	(2511, 28110, 1, '2022-11-16', 1),
	(2512, 28131, 1, '2022-11-16', 1),
	(2513, 28152, 1, '2022-11-16', 1),
	(2514, 28173, 1, '2022-11-16', 1),
	(2515, 28194, 1, '2022-11-16', 1),
	(2516, 28215, 1, '2022-11-16', 1),
	(2517, 28236, 1, '2022-11-16', 1),
	(2518, 28257, 1, '2022-11-16', 1),
	(2519, 28278, 1, '2022-11-16', 1),
	(2520, 28299, 1, '2022-11-16', 1),
	(2521, 28320, 1, '2022-11-16', 1);
/*!40000 ALTER TABLE `frequencia` ENABLE KEYS */;

-- Copiando estrutura para tabela diario_new.funcao
DROP TABLE IF EXISTS `funcao`;
CREATE TABLE IF NOT EXISTS `funcao` (
  `id_func` int(11) NOT NULL AUTO_INCREMENT,
  `nome_func` varchar(50) NOT NULL,
  PRIMARY KEY (`id_func`)
) ENGINE=InnoDB AUTO_INCREMENT=7 DEFAULT CHARSET=utf8mb4;

-- Copiando dados para a tabela diario_new.funcao: ~6 rows (aproximadamente)
/*!40000 ALTER TABLE `funcao` DISABLE KEYS */;
REPLACE INTO `funcao` (`id_func`, `nome_func`) VALUES
	(1, 'Administrador'),
	(2, 'Diretor'),
	(3, 'Coordenador'),
	(4, 'Secretário'),
	(5, 'Professor'),
	(6, 'Supervisor');
/*!40000 ALTER TABLE `funcao` ENABLE KEYS */;

-- Copiando estrutura para tabela diario_new.matriculado
DROP TABLE IF EXISTS `matriculado`;
CREATE TABLE IF NOT EXISTS `matriculado` (
  `id_mat` int(11) NOT NULL AUTO_INCREMENT,
  `id_ano` int(11) DEFAULT NULL,
  `id_disc` int(11) DEFAULT NULL,
  `mat_aluno` int(11) DEFAULT NULL,
  PRIMARY KEY (`id_mat`),
  KEY `mat_aluno` (`mat_aluno`),
  KEY `id_disc` (`id_disc`),
  KEY `id_ano` (`id_ano`),
  CONSTRAINT `matriculado_ibfk_1` FOREIGN KEY (`mat_aluno`) REFERENCES `aluno` (`mat_aluno`) ON DELETE CASCADE ON UPDATE CASCADE,
  CONSTRAINT `matriculado_ibfk_2` FOREIGN KEY (`id_disc`) REFERENCES `disciplina` (`id_disc`) ON DELETE CASCADE ON UPDATE CASCADE,
  CONSTRAINT `matriculado_ibfk_3` FOREIGN KEY (`id_ano`) REFERENCES `ano_letivo` (`id_ano`) ON DELETE CASCADE ON UPDATE CASCADE
) ENGINE=InnoDB AUTO_INCREMENT=33770 DEFAULT CHARSET=utf8mb4;

-- Copiando dados para a tabela diario_new.matriculado: ~4.980 rows (aproximadamente)
/*!40000 ALTER TABLE `matriculado` DISABLE KEYS */;
REPLACE INTO `matriculado` (`id_mat`, `id_ano`, `id_disc`, `mat_aluno`) VALUES
	(27699, 2, 9, 560370382),
	(27700, 2, 10, 560370382),
	(27701, 2, 11, 560370382),
	(27702, 2, 12, 560370382),
	(27703, 2, 13, 560370382),
	(27704, 2, 14, 560370382),
	(27705, 2, 15, 560370382),
	(27706, 2, 16, 560370382),
	(27707, 2, 19, 560370382),
	(27708, 2, 20, 560370382),
	(27709, 2, 22, 560370382),
	(27710, 2, 23, 560370382),
	(27711, 2, 24, 560370382),
	(27712, 2, 25, 560370382),
	(27713, 2, 26, 560370382),
	(27714, 2, 30, 560370382),
	(27715, 2, 117, 560370382),
	(27716, 2, 118, 560370382),
	(27717, 2, 119, 560370382),
	(27718, 2, 120, 560370382),
	(27719, 2, 121, 560370382),
	(27720, 2, 9, 285423208),
	(27721, 2, 10, 285423208),
	(27722, 2, 11, 285423208),
	(27723, 2, 12, 285423208),
	(27724, 2, 13, 285423208),
	(27725, 2, 14, 285423208),
	(27726, 2, 15, 285423208),
	(27727, 2, 16, 285423208),
	(27728, 2, 19, 285423208),
	(27729, 2, 20, 285423208),
	(27730, 2, 22, 285423208),
	(27731, 2, 23, 285423208),
	(27732, 2, 24, 285423208),
	(27733, 2, 25, 285423208),
	(27734, 2, 26, 285423208),
	(27735, 2, 30, 285423208),
	(27736, 2, 117, 285423208),
	(27737, 2, 118, 285423208),
	(27738, 2, 119, 285423208),
	(27739, 2, 120, 285423208),
	(27740, 2, 121, 285423208),
	(27741, 2, 9, 919747203),
	(27742, 2, 10, 919747203),
	(27743, 2, 11, 919747203),
	(27744, 2, 12, 919747203),
	(27745, 2, 13, 919747203),
	(27746, 2, 14, 919747203),
	(27747, 2, 15, 919747203),
	(27748, 2, 16, 919747203),
	(27749, 2, 19, 919747203),
	(27750, 2, 20, 919747203),
	(27751, 2, 22, 919747203),
	(27752, 2, 23, 919747203),
	(27753, 2, 24, 919747203),
	(27754, 2, 25, 919747203),
	(27755, 2, 26, 919747203),
	(27756, 2, 30, 919747203),
	(27757, 2, 117, 919747203),
	(27758, 2, 118, 919747203),
	(27759, 2, 119, 919747203),
	(27760, 2, 120, 919747203),
	(27761, 2, 121, 919747203),
	(27762, 2, 9, 403345033),
	(27763, 2, 10, 403345033),
	(27764, 2, 11, 403345033),
	(27765, 2, 12, 403345033),
	(27766, 2, 13, 403345033),
	(27767, 2, 14, 403345033),
	(27768, 2, 15, 403345033),
	(27769, 2, 16, 403345033),
	(27770, 2, 19, 403345033),
	(27771, 2, 20, 403345033),
	(27772, 2, 22, 403345033),
	(27773, 2, 23, 403345033),
	(27774, 2, 24, 403345033),
	(27775, 2, 25, 403345033),
	(27776, 2, 26, 403345033),
	(27777, 2, 30, 403345033),
	(27778, 2, 117, 403345033),
	(27779, 2, 118, 403345033),
	(27780, 2, 119, 403345033),
	(27781, 2, 120, 403345033),
	(27782, 2, 121, 403345033),
	(27783, 2, 9, 785348327),
	(27784, 2, 10, 785348327),
	(27785, 2, 11, 785348327),
	(27786, 2, 12, 785348327),
	(27787, 2, 13, 785348327),
	(27788, 2, 14, 785348327),
	(27789, 2, 15, 785348327),
	(27790, 2, 16, 785348327),
	(27791, 2, 19, 785348327),
	(27792, 2, 20, 785348327),
	(27793, 2, 22, 785348327),
	(27794, 2, 23, 785348327),
	(27795, 2, 24, 785348327),
	(27796, 2, 25, 785348327),
	(27797, 2, 26, 785348327),
	(27798, 2, 30, 785348327),
	(27799, 2, 117, 785348327),
	(27800, 2, 118, 785348327),
	(27801, 2, 119, 785348327),
	(27802, 2, 120, 785348327),
	(27803, 2, 121, 785348327),
	(27804, 2, 9, 291475634),
	(27805, 2, 10, 291475634),
	(27806, 2, 11, 291475634),
	(27807, 2, 12, 291475634),
	(27808, 2, 13, 291475634),
	(27809, 2, 14, 291475634),
	(27810, 2, 15, 291475634),
	(27811, 2, 16, 291475634),
	(27812, 2, 19, 291475634),
	(27813, 2, 20, 291475634),
	(27814, 2, 22, 291475634),
	(27815, 2, 23, 291475634),
	(27816, 2, 24, 291475634),
	(27817, 2, 25, 291475634),
	(27818, 2, 26, 291475634),
	(27819, 2, 30, 291475634),
	(27820, 2, 117, 291475634),
	(27821, 2, 118, 291475634),
	(27822, 2, 119, 291475634),
	(27823, 2, 120, 291475634),
	(27824, 2, 121, 291475634),
	(27825, 2, 9, 898187581),
	(27826, 2, 10, 898187581),
	(27827, 2, 11, 898187581),
	(27828, 2, 12, 898187581),
	(27829, 2, 13, 898187581),
	(27830, 2, 14, 898187581),
	(27831, 2, 15, 898187581),
	(27832, 2, 16, 898187581),
	(27833, 2, 19, 898187581),
	(27834, 2, 20, 898187581),
	(27835, 2, 22, 898187581),
	(27836, 2, 23, 898187581),
	(27837, 2, 24, 898187581),
	(27838, 2, 25, 898187581),
	(27839, 2, 26, 898187581),
	(27840, 2, 30, 898187581),
	(27841, 2, 117, 898187581),
	(27842, 2, 118, 898187581),
	(27843, 2, 119, 898187581),
	(27844, 2, 120, 898187581),
	(27845, 2, 121, 898187581),
	(27846, 2, 9, 670272020),
	(27847, 2, 10, 670272020),
	(27848, 2, 11, 670272020),
	(27849, 2, 12, 670272020),
	(27850, 2, 13, 670272020),
	(27851, 2, 14, 670272020),
	(27852, 2, 15, 670272020),
	(27853, 2, 16, 670272020),
	(27854, 2, 19, 670272020),
	(27855, 2, 20, 670272020),
	(27856, 2, 22, 670272020),
	(27857, 2, 23, 670272020),
	(27858, 2, 24, 670272020),
	(27859, 2, 25, 670272020),
	(27860, 2, 26, 670272020),
	(27861, 2, 30, 670272020),
	(27862, 2, 117, 670272020),
	(27863, 2, 118, 670272020),
	(27864, 2, 119, 670272020),
	(27865, 2, 120, 670272020),
	(27866, 2, 121, 670272020),
	(27867, 2, 9, 536746862),
	(27868, 2, 10, 536746862),
	(27869, 2, 11, 536746862),
	(27870, 2, 12, 536746862),
	(27871, 2, 13, 536746862),
	(27872, 2, 14, 536746862),
	(27873, 2, 15, 536746862),
	(27874, 2, 16, 536746862),
	(27875, 2, 19, 536746862),
	(27876, 2, 20, 536746862),
	(27877, 2, 22, 536746862),
	(27878, 2, 23, 536746862),
	(27879, 2, 24, 536746862),
	(27880, 2, 25, 536746862),
	(27881, 2, 26, 536746862),
	(27882, 2, 30, 536746862),
	(27883, 2, 117, 536746862),
	(27884, 2, 118, 536746862),
	(27885, 2, 119, 536746862),
	(27886, 2, 120, 536746862),
	(27887, 2, 121, 536746862),
	(27888, 2, 9, 864603037),
	(27889, 2, 10, 864603037),
	(27890, 2, 11, 864603037),
	(27891, 2, 12, 864603037),
	(27892, 2, 13, 864603037),
	(27893, 2, 14, 864603037),
	(27894, 2, 15, 864603037),
	(27895, 2, 16, 864603037),
	(27896, 2, 19, 864603037),
	(27897, 2, 20, 864603037),
	(27898, 2, 22, 864603037),
	(27899, 2, 23, 864603037),
	(27900, 2, 24, 864603037),
	(27901, 2, 25, 864603037),
	(27902, 2, 26, 864603037),
	(27903, 2, 30, 864603037),
	(27904, 2, 117, 864603037),
	(27905, 2, 118, 864603037),
	(27906, 2, 119, 864603037),
	(27907, 2, 120, 864603037),
	(27908, 2, 121, 864603037),
	(27909, 2, 9, 251975122),
	(27910, 2, 10, 251975122),
	(27911, 2, 11, 251975122),
	(27912, 2, 12, 251975122),
	(27913, 2, 13, 251975122),
	(27914, 2, 14, 251975122),
	(27915, 2, 15, 251975122),
	(27916, 2, 16, 251975122),
	(27917, 2, 19, 251975122),
	(27918, 2, 20, 251975122),
	(27919, 2, 22, 251975122),
	(27920, 2, 23, 251975122),
	(27921, 2, 24, 251975122),
	(27922, 2, 25, 251975122),
	(27923, 2, 26, 251975122),
	(27924, 2, 30, 251975122),
	(27925, 2, 117, 251975122),
	(27926, 2, 118, 251975122),
	(27927, 2, 119, 251975122),
	(27928, 2, 120, 251975122),
	(27929, 2, 121, 251975122),
	(27930, 2, 9, 910617851),
	(27931, 2, 10, 910617851),
	(27932, 2, 11, 910617851),
	(27933, 2, 12, 910617851),
	(27934, 2, 13, 910617851),
	(27935, 2, 14, 910617851),
	(27936, 2, 15, 910617851),
	(27937, 2, 16, 910617851),
	(27938, 2, 19, 910617851),
	(27939, 2, 20, 910617851),
	(27940, 2, 22, 910617851),
	(27941, 2, 23, 910617851),
	(27942, 2, 24, 910617851),
	(27943, 2, 25, 910617851),
	(27944, 2, 26, 910617851),
	(27945, 2, 30, 910617851),
	(27946, 2, 117, 910617851),
	(27947, 2, 118, 910617851),
	(27948, 2, 119, 910617851),
	(27949, 2, 120, 910617851),
	(27950, 2, 121, 910617851),
	(27951, 2, 9, 984661722),
	(27952, 2, 10, 984661722),
	(27953, 2, 11, 984661722),
	(27954, 2, 12, 984661722),
	(27955, 2, 13, 984661722),
	(27956, 2, 14, 984661722),
	(27957, 2, 15, 984661722),
	(27958, 2, 16, 984661722),
	(27959, 2, 19, 984661722),
	(27960, 2, 20, 984661722),
	(27961, 2, 22, 984661722),
	(27962, 2, 23, 984661722),
	(27963, 2, 24, 984661722),
	(27964, 2, 25, 984661722),
	(27965, 2, 26, 984661722),
	(27966, 2, 30, 984661722),
	(27967, 2, 117, 984661722),
	(27968, 2, 118, 984661722),
	(27969, 2, 119, 984661722),
	(27970, 2, 120, 984661722),
	(27971, 2, 121, 984661722),
	(27972, 2, 9, 398365326),
	(27973, 2, 10, 398365326),
	(27974, 2, 11, 398365326),
	(27975, 2, 12, 398365326),
	(27976, 2, 13, 398365326),
	(27977, 2, 14, 398365326),
	(27978, 2, 15, 398365326),
	(27979, 2, 16, 398365326),
	(27980, 2, 19, 398365326),
	(27981, 2, 20, 398365326),
	(27982, 2, 22, 398365326),
	(27983, 2, 23, 398365326),
	(27984, 2, 24, 398365326),
	(27985, 2, 25, 398365326),
	(27986, 2, 26, 398365326),
	(27987, 2, 30, 398365326),
	(27988, 2, 117, 398365326),
	(27989, 2, 118, 398365326),
	(27990, 2, 119, 398365326),
	(27991, 2, 120, 398365326),
	(27992, 2, 121, 398365326),
	(27993, 2, 9, 854492529),
	(27994, 2, 10, 854492529),
	(27995, 2, 11, 854492529),
	(27996, 2, 12, 854492529),
	(27997, 2, 13, 854492529),
	(27998, 2, 14, 854492529),
	(27999, 2, 15, 854492529),
	(28000, 2, 16, 854492529),
	(28001, 2, 19, 854492529),
	(28002, 2, 20, 854492529),
	(28003, 2, 22, 854492529),
	(28004, 2, 23, 854492529),
	(28005, 2, 24, 854492529),
	(28006, 2, 25, 854492529),
	(28007, 2, 26, 854492529),
	(28008, 2, 30, 854492529),
	(28009, 2, 117, 854492529),
	(28010, 2, 118, 854492529),
	(28011, 2, 119, 854492529),
	(28012, 2, 120, 854492529),
	(28013, 2, 121, 854492529),
	(28014, 2, 9, 361162101),
	(28015, 2, 10, 361162101),
	(28016, 2, 11, 361162101),
	(28017, 2, 12, 361162101),
	(28018, 2, 13, 361162101),
	(28019, 2, 14, 361162101),
	(28020, 2, 15, 361162101),
	(28021, 2, 16, 361162101),
	(28022, 2, 19, 361162101),
	(28023, 2, 20, 361162101),
	(28024, 2, 22, 361162101),
	(28025, 2, 23, 361162101),
	(28026, 2, 24, 361162101),
	(28027, 2, 25, 361162101),
	(28028, 2, 26, 361162101),
	(28029, 2, 30, 361162101),
	(28030, 2, 117, 361162101),
	(28031, 2, 118, 361162101),
	(28032, 2, 119, 361162101),
	(28033, 2, 120, 361162101),
	(28034, 2, 121, 361162101),
	(28035, 2, 9, 306658297),
	(28036, 2, 10, 306658297),
	(28037, 2, 11, 306658297),
	(28038, 2, 12, 306658297),
	(28039, 2, 13, 306658297),
	(28040, 2, 14, 306658297),
	(28041, 2, 15, 306658297),
	(28042, 2, 16, 306658297),
	(28043, 2, 19, 306658297),
	(28044, 2, 20, 306658297),
	(28045, 2, 22, 306658297),
	(28046, 2, 23, 306658297),
	(28047, 2, 24, 306658297),
	(28048, 2, 25, 306658297),
	(28049, 2, 26, 306658297),
	(28050, 2, 30, 306658297),
	(28051, 2, 117, 306658297),
	(28052, 2, 118, 306658297),
	(28053, 2, 119, 306658297),
	(28054, 2, 120, 306658297),
	(28055, 2, 121, 306658297),
	(28056, 2, 9, 869706870),
	(28057, 2, 10, 869706870),
	(28058, 2, 11, 869706870),
	(28059, 2, 12, 869706870),
	(28060, 2, 13, 869706870),
	(28061, 2, 14, 869706870),
	(28062, 2, 15, 869706870),
	(28063, 2, 16, 869706870),
	(28064, 2, 19, 869706870),
	(28065, 2, 20, 869706870),
	(28066, 2, 22, 869706870),
	(28067, 2, 23, 869706870),
	(28068, 2, 24, 869706870),
	(28069, 2, 25, 869706870),
	(28070, 2, 26, 869706870),
	(28071, 2, 30, 869706870),
	(28072, 2, 117, 869706870),
	(28073, 2, 118, 869706870),
	(28074, 2, 119, 869706870),
	(28075, 2, 120, 869706870),
	(28076, 2, 121, 869706870),
	(28077, 2, 9, 763341140),
	(28078, 2, 10, 763341140),
	(28079, 2, 11, 763341140),
	(28080, 2, 12, 763341140),
	(28081, 2, 13, 763341140),
	(28082, 2, 14, 763341140),
	(28083, 2, 15, 763341140),
	(28084, 2, 16, 763341140),
	(28085, 2, 19, 763341140),
	(28086, 2, 20, 763341140),
	(28087, 2, 22, 763341140),
	(28088, 2, 23, 763341140),
	(28089, 2, 24, 763341140),
	(28090, 2, 25, 763341140),
	(28091, 2, 26, 763341140),
	(28092, 2, 30, 763341140),
	(28093, 2, 117, 763341140),
	(28094, 2, 118, 763341140),
	(28095, 2, 119, 763341140),
	(28096, 2, 120, 763341140),
	(28097, 2, 121, 763341140),
	(28098, 2, 9, 421150212),
	(28099, 2, 10, 421150212),
	(28100, 2, 11, 421150212),
	(28101, 2, 12, 421150212),
	(28102, 2, 13, 421150212),
	(28103, 2, 14, 421150212),
	(28104, 2, 15, 421150212),
	(28105, 2, 16, 421150212),
	(28106, 2, 19, 421150212),
	(28107, 2, 20, 421150212),
	(28108, 2, 22, 421150212),
	(28109, 2, 23, 421150212),
	(28110, 2, 24, 421150212),
	(28111, 2, 25, 421150212),
	(28112, 2, 26, 421150212),
	(28113, 2, 30, 421150212),
	(28114, 2, 117, 421150212),
	(28115, 2, 118, 421150212),
	(28116, 2, 119, 421150212),
	(28117, 2, 120, 421150212),
	(28118, 2, 121, 421150212),
	(28119, 2, 9, 950980937),
	(28120, 2, 10, 950980937),
	(28121, 2, 11, 950980937),
	(28122, 2, 12, 950980937),
	(28123, 2, 13, 950980937),
	(28124, 2, 14, 950980937),
	(28125, 2, 15, 950980937),
	(28126, 2, 16, 950980937),
	(28127, 2, 19, 950980937),
	(28128, 2, 20, 950980937),
	(28129, 2, 22, 950980937),
	(28130, 2, 23, 950980937),
	(28131, 2, 24, 950980937),
	(28132, 2, 25, 950980937),
	(28133, 2, 26, 950980937),
	(28134, 2, 30, 950980937),
	(28135, 2, 117, 950980937),
	(28136, 2, 118, 950980937),
	(28137, 2, 119, 950980937),
	(28138, 2, 120, 950980937),
	(28139, 2, 121, 950980937),
	(28140, 2, 9, 448109446),
	(28141, 2, 10, 448109446),
	(28142, 2, 11, 448109446),
	(28143, 2, 12, 448109446),
	(28144, 2, 13, 448109446),
	(28145, 2, 14, 448109446),
	(28146, 2, 15, 448109446),
	(28147, 2, 16, 448109446),
	(28148, 2, 19, 448109446),
	(28149, 2, 20, 448109446),
	(28150, 2, 22, 448109446),
	(28151, 2, 23, 448109446),
	(28152, 2, 24, 448109446),
	(28153, 2, 25, 448109446),
	(28154, 2, 26, 448109446),
	(28155, 2, 30, 448109446),
	(28156, 2, 117, 448109446),
	(28157, 2, 118, 448109446),
	(28158, 2, 119, 448109446),
	(28159, 2, 120, 448109446),
	(28160, 2, 121, 448109446),
	(28161, 2, 9, 359720312),
	(28162, 2, 10, 359720312),
	(28163, 2, 11, 359720312),
	(28164, 2, 12, 359720312),
	(28165, 2, 13, 359720312),
	(28166, 2, 14, 359720312),
	(28167, 2, 15, 359720312),
	(28168, 2, 16, 359720312),
	(28169, 2, 19, 359720312),
	(28170, 2, 20, 359720312),
	(28171, 2, 22, 359720312),
	(28172, 2, 23, 359720312),
	(28173, 2, 24, 359720312),
	(28174, 2, 25, 359720312),
	(28175, 2, 26, 359720312),
	(28176, 2, 30, 359720312),
	(28177, 2, 117, 359720312),
	(28178, 2, 118, 359720312),
	(28179, 2, 119, 359720312),
	(28180, 2, 120, 359720312),
	(28181, 2, 121, 359720312),
	(28182, 2, 9, 664939132),
	(28183, 2, 10, 664939132),
	(28184, 2, 11, 664939132),
	(28185, 2, 12, 664939132),
	(28186, 2, 13, 664939132),
	(28187, 2, 14, 664939132),
	(28188, 2, 15, 664939132),
	(28189, 2, 16, 664939132),
	(28190, 2, 19, 664939132),
	(28191, 2, 20, 664939132),
	(28192, 2, 22, 664939132),
	(28193, 2, 23, 664939132),
	(28194, 2, 24, 664939132),
	(28195, 2, 25, 664939132),
	(28196, 2, 26, 664939132),
	(28197, 2, 30, 664939132),
	(28198, 2, 117, 664939132),
	(28199, 2, 118, 664939132),
	(28200, 2, 119, 664939132),
	(28201, 2, 120, 664939132),
	(28202, 2, 121, 664939132),
	(28203, 2, 9, 172002549),
	(28204, 2, 10, 172002549),
	(28205, 2, 11, 172002549),
	(28206, 2, 12, 172002549),
	(28207, 2, 13, 172002549),
	(28208, 2, 14, 172002549),
	(28209, 2, 15, 172002549),
	(28210, 2, 16, 172002549),
	(28211, 2, 19, 172002549),
	(28212, 2, 20, 172002549),
	(28213, 2, 22, 172002549),
	(28214, 2, 23, 172002549),
	(28215, 2, 24, 172002549),
	(28216, 2, 25, 172002549),
	(28217, 2, 26, 172002549),
	(28218, 2, 30, 172002549),
	(28219, 2, 117, 172002549),
	(28220, 2, 118, 172002549),
	(28221, 2, 119, 172002549),
	(28222, 2, 120, 172002549),
	(28223, 2, 121, 172002549),
	(28224, 2, 9, 340406327),
	(28225, 2, 10, 340406327),
	(28226, 2, 11, 340406327),
	(28227, 2, 12, 340406327),
	(28228, 2, 13, 340406327),
	(28229, 2, 14, 340406327),
	(28230, 2, 15, 340406327),
	(28231, 2, 16, 340406327),
	(28232, 2, 19, 340406327),
	(28233, 2, 20, 340406327),
	(28234, 2, 22, 340406327),
	(28235, 2, 23, 340406327),
	(28236, 2, 24, 340406327),
	(28237, 2, 25, 340406327),
	(28238, 2, 26, 340406327),
	(28239, 2, 30, 340406327),
	(28240, 2, 117, 340406327),
	(28241, 2, 118, 340406327),
	(28242, 2, 119, 340406327),
	(28243, 2, 120, 340406327),
	(28244, 2, 121, 340406327),
	(28245, 2, 9, 101934087),
	(28246, 2, 10, 101934087),
	(28247, 2, 11, 101934087),
	(28248, 2, 12, 101934087),
	(28249, 2, 13, 101934087),
	(28250, 2, 14, 101934087),
	(28251, 2, 15, 101934087),
	(28252, 2, 16, 101934087),
	(28253, 2, 19, 101934087),
	(28254, 2, 20, 101934087),
	(28255, 2, 22, 101934087),
	(28256, 2, 23, 101934087),
	(28257, 2, 24, 101934087),
	(28258, 2, 25, 101934087),
	(28259, 2, 26, 101934087),
	(28260, 2, 30, 101934087),
	(28261, 2, 117, 101934087),
	(28262, 2, 118, 101934087),
	(28263, 2, 119, 101934087),
	(28264, 2, 120, 101934087),
	(28265, 2, 121, 101934087),
	(28266, 2, 9, 863617304),
	(28267, 2, 10, 863617304),
	(28268, 2, 11, 863617304),
	(28269, 2, 12, 863617304),
	(28270, 2, 13, 863617304),
	(28271, 2, 14, 863617304),
	(28272, 2, 15, 863617304),
	(28273, 2, 16, 863617304),
	(28274, 2, 19, 863617304),
	(28275, 2, 20, 863617304),
	(28276, 2, 22, 863617304),
	(28277, 2, 23, 863617304),
	(28278, 2, 24, 863617304),
	(28279, 2, 25, 863617304),
	(28280, 2, 26, 863617304),
	(28281, 2, 30, 863617304),
	(28282, 2, 117, 863617304),
	(28283, 2, 118, 863617304),
	(28284, 2, 119, 863617304),
	(28285, 2, 120, 863617304),
	(28286, 2, 121, 863617304),
	(28287, 2, 9, 595715823),
	(28288, 2, 10, 595715823),
	(28289, 2, 11, 595715823),
	(28290, 2, 12, 595715823),
	(28291, 2, 13, 595715823),
	(28292, 2, 14, 595715823),
	(28293, 2, 15, 595715823),
	(28294, 2, 16, 595715823),
	(28295, 2, 19, 595715823),
	(28296, 2, 20, 595715823),
	(28297, 2, 22, 595715823),
	(28298, 2, 23, 595715823),
	(28299, 2, 24, 595715823),
	(28300, 2, 25, 595715823),
	(28301, 2, 26, 595715823),
	(28302, 2, 30, 595715823),
	(28303, 2, 117, 595715823),
	(28304, 2, 118, 595715823),
	(28305, 2, 119, 595715823),
	(28306, 2, 120, 595715823),
	(28307, 2, 121, 595715823),
	(28308, 2, 9, 820451791),
	(28309, 2, 10, 820451791),
	(28310, 2, 11, 820451791),
	(28311, 2, 12, 820451791),
	(28312, 2, 13, 820451791),
	(28313, 2, 14, 820451791),
	(28314, 2, 15, 820451791),
	(28315, 2, 16, 820451791),
	(28316, 2, 19, 820451791),
	(28317, 2, 20, 820451791),
	(28318, 2, 22, 820451791),
	(28319, 2, 23, 820451791),
	(28320, 2, 24, 820451791),
	(28321, 2, 25, 820451791),
	(28322, 2, 26, 820451791),
	(28323, 2, 30, 820451791),
	(28324, 2, 117, 820451791),
	(28325, 2, 118, 820451791),
	(28326, 2, 119, 820451791),
	(28327, 2, 120, 820451791),
	(28328, 2, 121, 820451791),
	(28791, 2, 35, 181165067),
	(28792, 2, 36, 181165067),
	(28793, 2, 37, 181165067),
	(28794, 2, 39, 181165067),
	(28795, 2, 41, 181165067),
	(28796, 2, 43, 181165067),
	(28797, 2, 46, 181165067),
	(28798, 2, 48, 181165067),
	(28799, 2, 53, 181165067),
	(28800, 2, 62, 181165067),
	(28801, 2, 67, 181165067),
	(28802, 2, 71, 181165067),
	(28803, 2, 127, 181165067),
	(28804, 2, 128, 181165067),
	(28805, 2, 129, 181165067),
	(28806, 2, 130, 181165067),
	(28807, 2, 134, 181165067),
	(28808, 2, 35, 909533042),
	(28809, 2, 36, 909533042),
	(28810, 2, 37, 909533042),
	(28811, 2, 39, 909533042),
	(28812, 2, 41, 909533042),
	(28813, 2, 43, 909533042),
	(28814, 2, 46, 909533042),
	(28815, 2, 48, 909533042),
	(28816, 2, 53, 909533042),
	(28817, 2, 62, 909533042),
	(28818, 2, 67, 909533042),
	(28819, 2, 71, 909533042),
	(28820, 2, 127, 909533042),
	(28821, 2, 128, 909533042),
	(28822, 2, 129, 909533042),
	(28823, 2, 130, 909533042),
	(28824, 2, 134, 909533042),
	(28825, 2, 35, 766324472),
	(28826, 2, 36, 766324472),
	(28827, 2, 37, 766324472),
	(28828, 2, 39, 766324472),
	(28829, 2, 41, 766324472),
	(28830, 2, 43, 766324472),
	(28831, 2, 46, 766324472),
	(28832, 2, 48, 766324472),
	(28833, 2, 53, 766324472),
	(28834, 2, 62, 766324472),
	(28835, 2, 67, 766324472),
	(28836, 2, 71, 766324472),
	(28837, 2, 127, 766324472),
	(28838, 2, 128, 766324472),
	(28839, 2, 129, 766324472),
	(28840, 2, 130, 766324472),
	(28841, 2, 134, 766324472),
	(28842, 2, 35, 194255123),
	(28843, 2, 36, 194255123),
	(28844, 2, 37, 194255123),
	(28845, 2, 39, 194255123),
	(28846, 2, 41, 194255123),
	(28847, 2, 43, 194255123),
	(28848, 2, 46, 194255123),
	(28849, 2, 48, 194255123),
	(28850, 2, 53, 194255123),
	(28851, 2, 62, 194255123),
	(28852, 2, 67, 194255123),
	(28853, 2, 71, 194255123),
	(28854, 2, 127, 194255123),
	(28855, 2, 128, 194255123),
	(28856, 2, 129, 194255123),
	(28857, 2, 130, 194255123),
	(28858, 2, 134, 194255123),
	(28859, 2, 35, 291031778),
	(28860, 2, 36, 291031778),
	(28861, 2, 37, 291031778),
	(28862, 2, 39, 291031778),
	(28863, 2, 41, 291031778),
	(28864, 2, 43, 291031778),
	(28865, 2, 46, 291031778),
	(28866, 2, 48, 291031778),
	(28867, 2, 53, 291031778),
	(28868, 2, 62, 291031778),
	(28869, 2, 67, 291031778),
	(28870, 2, 71, 291031778),
	(28871, 2, 127, 291031778),
	(28872, 2, 128, 291031778),
	(28873, 2, 129, 291031778),
	(28874, 2, 130, 291031778),
	(28875, 2, 134, 291031778),
	(28876, 2, 35, 383693957),
	(28877, 2, 36, 383693957),
	(28878, 2, 37, 383693957),
	(28879, 2, 39, 383693957),
	(28880, 2, 41, 383693957),
	(28881, 2, 43, 383693957),
	(28882, 2, 46, 383693957),
	(28883, 2, 48, 383693957),
	(28884, 2, 53, 383693957),
	(28885, 2, 62, 383693957),
	(28886, 2, 67, 383693957),
	(28887, 2, 71, 383693957),
	(28888, 2, 127, 383693957),
	(28889, 2, 128, 383693957),
	(28890, 2, 129, 383693957),
	(28891, 2, 130, 383693957),
	(28892, 2, 134, 383693957),
	(28893, 2, 35, 276348068),
	(28894, 2, 36, 276348068),
	(28895, 2, 37, 276348068),
	(28896, 2, 39, 276348068),
	(28897, 2, 41, 276348068),
	(28898, 2, 43, 276348068),
	(28899, 2, 46, 276348068),
	(28900, 2, 48, 276348068),
	(28901, 2, 53, 276348068),
	(28902, 2, 62, 276348068),
	(28903, 2, 67, 276348068),
	(28904, 2, 71, 276348068),
	(28905, 2, 127, 276348068),
	(28906, 2, 128, 276348068),
	(28907, 2, 129, 276348068),
	(28908, 2, 130, 276348068),
	(28909, 2, 134, 276348068),
	(28910, 2, 35, 951288120),
	(28911, 2, 36, 951288120),
	(28912, 2, 37, 951288120),
	(28913, 2, 39, 951288120),
	(28914, 2, 41, 951288120),
	(28915, 2, 43, 951288120),
	(28916, 2, 46, 951288120),
	(28917, 2, 48, 951288120),
	(28918, 2, 53, 951288120),
	(28919, 2, 62, 951288120),
	(28920, 2, 67, 951288120),
	(28921, 2, 71, 951288120),
	(28922, 2, 127, 951288120),
	(28923, 2, 128, 951288120),
	(28924, 2, 129, 951288120),
	(28925, 2, 130, 951288120),
	(28926, 2, 134, 951288120),
	(28927, 2, 35, 246369695),
	(28928, 2, 36, 246369695),
	(28929, 2, 37, 246369695),
	(28930, 2, 39, 246369695),
	(28931, 2, 41, 246369695),
	(28932, 2, 43, 246369695),
	(28933, 2, 46, 246369695),
	(28934, 2, 48, 246369695),
	(28935, 2, 53, 246369695),
	(28936, 2, 62, 246369695),
	(28937, 2, 67, 246369695),
	(28938, 2, 71, 246369695),
	(28939, 2, 127, 246369695),
	(28940, 2, 128, 246369695),
	(28941, 2, 129, 246369695),
	(28942, 2, 130, 246369695),
	(28943, 2, 134, 246369695),
	(28944, 2, 35, 728160698),
	(28945, 2, 36, 728160698),
	(28946, 2, 37, 728160698),
	(28947, 2, 39, 728160698),
	(28948, 2, 41, 728160698),
	(28949, 2, 43, 728160698),
	(28950, 2, 46, 728160698),
	(28951, 2, 48, 728160698),
	(28952, 2, 53, 728160698),
	(28953, 2, 62, 728160698),
	(28954, 2, 67, 728160698),
	(28955, 2, 71, 728160698),
	(28956, 2, 127, 728160698),
	(28957, 2, 128, 728160698),
	(28958, 2, 129, 728160698),
	(28959, 2, 130, 728160698),
	(28960, 2, 134, 728160698),
	(28961, 2, 35, 783655446),
	(28962, 2, 36, 783655446),
	(28963, 2, 37, 783655446),
	(28964, 2, 39, 783655446),
	(28965, 2, 41, 783655446),
	(28966, 2, 43, 783655446),
	(28967, 2, 46, 783655446),
	(28968, 2, 48, 783655446),
	(28969, 2, 53, 783655446),
	(28970, 2, 62, 783655446),
	(28971, 2, 67, 783655446),
	(28972, 2, 71, 783655446),
	(28973, 2, 127, 783655446),
	(28974, 2, 128, 783655446),
	(28975, 2, 129, 783655446),
	(28976, 2, 130, 783655446),
	(28977, 2, 134, 783655446),
	(28978, 2, 35, 673356076),
	(28979, 2, 36, 673356076),
	(28980, 2, 37, 673356076),
	(28981, 2, 39, 673356076),
	(28982, 2, 41, 673356076),
	(28983, 2, 43, 673356076),
	(28984, 2, 46, 673356076),
	(28985, 2, 48, 673356076),
	(28986, 2, 53, 673356076),
	(28987, 2, 62, 673356076),
	(28988, 2, 67, 673356076),
	(28989, 2, 71, 673356076),
	(28990, 2, 127, 673356076),
	(28991, 2, 128, 673356076),
	(28992, 2, 129, 673356076),
	(28993, 2, 130, 673356076),
	(28994, 2, 134, 673356076),
	(28995, 2, 35, 434258494),
	(28996, 2, 36, 434258494),
	(28997, 2, 37, 434258494),
	(28998, 2, 39, 434258494),
	(28999, 2, 41, 434258494),
	(29000, 2, 43, 434258494),
	(29001, 2, 46, 434258494),
	(29002, 2, 48, 434258494),
	(29003, 2, 53, 434258494),
	(29004, 2, 62, 434258494),
	(29005, 2, 67, 434258494),
	(29006, 2, 71, 434258494),
	(29007, 2, 127, 434258494),
	(29008, 2, 128, 434258494),
	(29009, 2, 129, 434258494),
	(29010, 2, 130, 434258494),
	(29011, 2, 134, 434258494),
	(29012, 2, 35, 839146084),
	(29013, 2, 36, 839146084),
	(29014, 2, 37, 839146084),
	(29015, 2, 39, 839146084),
	(29016, 2, 41, 839146084),
	(29017, 2, 43, 839146084),
	(29018, 2, 46, 839146084),
	(29019, 2, 48, 839146084),
	(29020, 2, 53, 839146084),
	(29021, 2, 62, 839146084),
	(29022, 2, 67, 839146084),
	(29023, 2, 71, 839146084),
	(29024, 2, 127, 839146084),
	(29025, 2, 128, 839146084),
	(29026, 2, 129, 839146084),
	(29027, 2, 130, 839146084),
	(29028, 2, 134, 839146084),
	(29029, 2, 35, 400921630),
	(29030, 2, 36, 400921630),
	(29031, 2, 37, 400921630),
	(29032, 2, 39, 400921630),
	(29033, 2, 41, 400921630),
	(29034, 2, 43, 400921630),
	(29035, 2, 46, 400921630),
	(29036, 2, 48, 400921630),
	(29037, 2, 53, 400921630),
	(29038, 2, 62, 400921630),
	(29039, 2, 67, 400921630),
	(29040, 2, 71, 400921630),
	(29041, 2, 127, 400921630),
	(29042, 2, 128, 400921630),
	(29043, 2, 129, 400921630),
	(29044, 2, 130, 400921630),
	(29045, 2, 134, 400921630),
	(29046, 2, 35, 295440991),
	(29047, 2, 36, 295440991),
	(29048, 2, 37, 295440991),
	(29049, 2, 39, 295440991),
	(29050, 2, 41, 295440991),
	(29051, 2, 43, 295440991),
	(29052, 2, 46, 295440991),
	(29053, 2, 48, 295440991),
	(29054, 2, 53, 295440991),
	(29055, 2, 62, 295440991),
	(29056, 2, 67, 295440991),
	(29057, 2, 71, 295440991),
	(29058, 2, 127, 295440991),
	(29059, 2, 128, 295440991),
	(29060, 2, 129, 295440991),
	(29061, 2, 130, 295440991),
	(29062, 2, 134, 295440991),
	(29063, 2, 35, 234796262),
	(29064, 2, 36, 234796262),
	(29065, 2, 37, 234796262),
	(29066, 2, 39, 234796262),
	(29067, 2, 41, 234796262),
	(29068, 2, 43, 234796262),
	(29069, 2, 46, 234796262),
	(29070, 2, 48, 234796262),
	(29071, 2, 53, 234796262),
	(29072, 2, 62, 234796262),
	(29073, 2, 67, 234796262),
	(29074, 2, 71, 234796262),
	(29075, 2, 127, 234796262),
	(29076, 2, 128, 234796262),
	(29077, 2, 129, 234796262),
	(29078, 2, 130, 234796262),
	(29079, 2, 134, 234796262),
	(29080, 2, 35, 789862135),
	(29081, 2, 36, 789862135),
	(29082, 2, 37, 789862135),
	(29083, 2, 39, 789862135),
	(29084, 2, 41, 789862135),
	(29085, 2, 43, 789862135),
	(29086, 2, 46, 789862135),
	(29087, 2, 48, 789862135),
	(29088, 2, 53, 789862135),
	(29089, 2, 62, 789862135),
	(29090, 2, 67, 789862135),
	(29091, 2, 71, 789862135),
	(29092, 2, 127, 789862135),
	(29093, 2, 128, 789862135),
	(29094, 2, 129, 789862135),
	(29095, 2, 130, 789862135),
	(29096, 2, 134, 789862135),
	(29097, 2, 35, 230956782),
	(29098, 2, 36, 230956782),
	(29099, 2, 37, 230956782),
	(29100, 2, 39, 230956782),
	(29101, 2, 41, 230956782),
	(29102, 2, 43, 230956782),
	(29103, 2, 46, 230956782),
	(29104, 2, 48, 230956782),
	(29105, 2, 53, 230956782),
	(29106, 2, 62, 230956782),
	(29107, 2, 67, 230956782),
	(29108, 2, 71, 230956782),
	(29109, 2, 127, 230956782),
	(29110, 2, 128, 230956782),
	(29111, 2, 129, 230956782),
	(29112, 2, 130, 230956782),
	(29113, 2, 134, 230956782),
	(29114, 2, 35, 354081664),
	(29115, 2, 36, 354081664),
	(29116, 2, 37, 354081664),
	(29117, 2, 39, 354081664),
	(29118, 2, 41, 354081664),
	(29119, 2, 43, 354081664),
	(29120, 2, 46, 354081664),
	(29121, 2, 48, 354081664),
	(29122, 2, 53, 354081664),
	(29123, 2, 62, 354081664),
	(29124, 2, 67, 354081664),
	(29125, 2, 71, 354081664),
	(29126, 2, 127, 354081664),
	(29127, 2, 128, 354081664),
	(29128, 2, 129, 354081664),
	(29129, 2, 130, 354081664),
	(29130, 2, 134, 354081664),
	(29131, 2, 35, 295388097),
	(29132, 2, 36, 295388097),
	(29133, 2, 37, 295388097),
	(29134, 2, 39, 295388097),
	(29135, 2, 41, 295388097),
	(29136, 2, 43, 295388097),
	(29137, 2, 46, 295388097),
	(29138, 2, 48, 295388097),
	(29139, 2, 53, 295388097),
	(29140, 2, 62, 295388097),
	(29141, 2, 67, 295388097),
	(29142, 2, 71, 295388097),
	(29143, 2, 127, 295388097),
	(29144, 2, 128, 295388097),
	(29145, 2, 129, 295388097),
	(29146, 2, 130, 295388097),
	(29147, 2, 134, 295388097),
	(29148, 2, 35, 126281742),
	(29149, 2, 36, 126281742),
	(29150, 2, 37, 126281742),
	(29151, 2, 39, 126281742),
	(29152, 2, 41, 126281742),
	(29153, 2, 43, 126281742),
	(29154, 2, 46, 126281742),
	(29155, 2, 48, 126281742),
	(29156, 2, 53, 126281742),
	(29157, 2, 62, 126281742),
	(29158, 2, 67, 126281742),
	(29159, 2, 71, 126281742),
	(29160, 2, 127, 126281742),
	(29161, 2, 128, 126281742),
	(29162, 2, 129, 126281742),
	(29163, 2, 130, 126281742),
	(29164, 2, 134, 126281742),
	(29165, 2, 35, 154495233),
	(29166, 2, 36, 154495233),
	(29167, 2, 37, 154495233),
	(29168, 2, 39, 154495233),
	(29169, 2, 41, 154495233),
	(29170, 2, 43, 154495233),
	(29171, 2, 46, 154495233),
	(29172, 2, 48, 154495233),
	(29173, 2, 53, 154495233),
	(29174, 2, 62, 154495233),
	(29175, 2, 67, 154495233),
	(29176, 2, 71, 154495233),
	(29177, 2, 127, 154495233),
	(29178, 2, 128, 154495233),
	(29179, 2, 129, 154495233),
	(29180, 2, 130, 154495233),
	(29181, 2, 134, 154495233),
	(29182, 2, 35, 851482700),
	(29183, 2, 36, 851482700),
	(29184, 2, 37, 851482700),
	(29185, 2, 39, 851482700),
	(29186, 2, 41, 851482700),
	(29187, 2, 43, 851482700),
	(29188, 2, 46, 851482700),
	(29189, 2, 48, 851482700),
	(29190, 2, 53, 851482700),
	(29191, 2, 62, 851482700),
	(29192, 2, 67, 851482700),
	(29193, 2, 71, 851482700),
	(29194, 2, 127, 851482700),
	(29195, 2, 128, 851482700),
	(29196, 2, 129, 851482700),
	(29197, 2, 130, 851482700),
	(29198, 2, 134, 851482700),
	(29199, 2, 35, 368196653),
	(29200, 2, 36, 368196653),
	(29201, 2, 37, 368196653),
	(29202, 2, 39, 368196653),
	(29203, 2, 41, 368196653),
	(29204, 2, 43, 368196653),
	(29205, 2, 46, 368196653),
	(29206, 2, 48, 368196653),
	(29207, 2, 53, 368196653),
	(29208, 2, 62, 368196653),
	(29209, 2, 67, 368196653),
	(29210, 2, 71, 368196653),
	(29211, 2, 127, 368196653),
	(29212, 2, 128, 368196653),
	(29213, 2, 129, 368196653),
	(29214, 2, 130, 368196653),
	(29215, 2, 134, 368196653),
	(29216, 2, 35, 999193491),
	(29217, 2, 36, 999193491),
	(29218, 2, 37, 999193491),
	(29219, 2, 39, 999193491),
	(29220, 2, 41, 999193491),
	(29221, 2, 43, 999193491),
	(29222, 2, 46, 999193491),
	(29223, 2, 48, 999193491),
	(29224, 2, 53, 999193491),
	(29225, 2, 62, 999193491),
	(29226, 2, 67, 999193491),
	(29227, 2, 71, 999193491),
	(29228, 2, 127, 999193491),
	(29229, 2, 128, 999193491),
	(29230, 2, 129, 999193491),
	(29231, 2, 130, 999193491),
	(29232, 2, 134, 999193491),
	(29233, 2, 35, 848557439),
	(29234, 2, 36, 848557439),
	(29235, 2, 37, 848557439),
	(29236, 2, 39, 848557439),
	(29237, 2, 41, 848557439),
	(29238, 2, 43, 848557439),
	(29239, 2, 46, 848557439),
	(29240, 2, 48, 848557439),
	(29241, 2, 53, 848557439),
	(29242, 2, 62, 848557439),
	(29243, 2, 67, 848557439),
	(29244, 2, 71, 848557439),
	(29245, 2, 127, 848557439),
	(29246, 2, 128, 848557439),
	(29247, 2, 129, 848557439),
	(29248, 2, 130, 848557439),
	(29249, 2, 134, 848557439),
	(29250, 2, 35, 771429142),
	(29251, 2, 36, 771429142),
	(29252, 2, 37, 771429142),
	(29253, 2, 39, 771429142),
	(29254, 2, 41, 771429142),
	(29255, 2, 43, 771429142),
	(29256, 2, 46, 771429142),
	(29257, 2, 48, 771429142),
	(29258, 2, 53, 771429142),
	(29259, 2, 62, 771429142),
	(29260, 2, 67, 771429142),
	(29261, 2, 71, 771429142),
	(29262, 2, 127, 771429142),
	(29263, 2, 128, 771429142),
	(29264, 2, 129, 771429142),
	(29265, 2, 130, 771429142),
	(29266, 2, 134, 771429142),
	(29267, 2, 35, 321049496),
	(29268, 2, 36, 321049496),
	(29269, 2, 37, 321049496),
	(29270, 2, 39, 321049496),
	(29271, 2, 41, 321049496),
	(29272, 2, 43, 321049496),
	(29273, 2, 46, 321049496),
	(29274, 2, 48, 321049496),
	(29275, 2, 53, 321049496),
	(29276, 2, 62, 321049496),
	(29277, 2, 67, 321049496),
	(29278, 2, 71, 321049496),
	(29279, 2, 127, 321049496),
	(29280, 2, 128, 321049496),
	(29281, 2, 129, 321049496),
	(29282, 2, 130, 321049496),
	(29283, 2, 134, 321049496),
	(29284, 2, 35, 638829408),
	(29285, 2, 36, 638829408),
	(29286, 2, 37, 638829408),
	(29287, 2, 39, 638829408),
	(29288, 2, 41, 638829408),
	(29289, 2, 43, 638829408),
	(29290, 2, 46, 638829408),
	(29291, 2, 48, 638829408),
	(29292, 2, 53, 638829408),
	(29293, 2, 62, 638829408),
	(29294, 2, 67, 638829408),
	(29295, 2, 71, 638829408),
	(29296, 2, 127, 638829408),
	(29297, 2, 128, 638829408),
	(29298, 2, 129, 638829408),
	(29299, 2, 130, 638829408),
	(29300, 2, 134, 638829408),
	(29777, 2, 9, 383386194),
	(29778, 2, 10, 383386194),
	(29779, 2, 11, 383386194),
	(29780, 2, 12, 383386194),
	(29781, 2, 13, 383386194),
	(29782, 2, 14, 383386194),
	(29783, 2, 15, 383386194),
	(29784, 2, 16, 383386194),
	(29785, 2, 17, 383386194),
	(29786, 2, 18, 383386194),
	(29787, 2, 19, 383386194),
	(29788, 2, 21, 383386194),
	(29789, 2, 22, 383386194),
	(29790, 2, 23, 383386194),
	(29791, 2, 24, 383386194),
	(29792, 2, 25, 383386194),
	(29793, 2, 26, 383386194),
	(29794, 2, 27, 383386194),
	(29795, 2, 28, 383386194),
	(29796, 2, 29, 383386194),
	(29797, 2, 132, 383386194),
	(29798, 2, 9, 936132151),
	(29799, 2, 10, 936132151),
	(29800, 2, 11, 936132151),
	(29801, 2, 12, 936132151),
	(29802, 2, 13, 936132151),
	(29803, 2, 14, 936132151),
	(29804, 2, 15, 936132151),
	(29805, 2, 16, 936132151),
	(29806, 2, 17, 936132151),
	(29807, 2, 18, 936132151),
	(29808, 2, 19, 936132151),
	(29809, 2, 21, 936132151),
	(29810, 2, 22, 936132151),
	(29811, 2, 23, 936132151),
	(29812, 2, 24, 936132151),
	(29813, 2, 25, 936132151),
	(29814, 2, 26, 936132151),
	(29815, 2, 27, 936132151),
	(29816, 2, 28, 936132151),
	(29817, 2, 29, 936132151),
	(29818, 2, 132, 936132151),
	(29819, 2, 9, 348731031),
	(29820, 2, 10, 348731031),
	(29821, 2, 11, 348731031),
	(29822, 2, 12, 348731031),
	(29823, 2, 13, 348731031),
	(29824, 2, 14, 348731031),
	(29825, 2, 15, 348731031),
	(29826, 2, 16, 348731031),
	(29827, 2, 17, 348731031),
	(29828, 2, 18, 348731031),
	(29829, 2, 19, 348731031),
	(29830, 2, 21, 348731031),
	(29831, 2, 22, 348731031),
	(29832, 2, 23, 348731031),
	(29833, 2, 24, 348731031),
	(29834, 2, 25, 348731031),
	(29835, 2, 26, 348731031),
	(29836, 2, 27, 348731031),
	(29837, 2, 28, 348731031),
	(29838, 2, 29, 348731031),
	(29839, 2, 132, 348731031),
	(29840, 2, 9, 780857949),
	(29841, 2, 10, 780857949),
	(29842, 2, 11, 780857949),
	(29843, 2, 12, 780857949),
	(29844, 2, 13, 780857949),
	(29845, 2, 14, 780857949),
	(29846, 2, 15, 780857949),
	(29847, 2, 16, 780857949),
	(29848, 2, 17, 780857949),
	(29849, 2, 18, 780857949),
	(29850, 2, 19, 780857949),
	(29851, 2, 21, 780857949),
	(29852, 2, 22, 780857949),
	(29853, 2, 23, 780857949),
	(29854, 2, 24, 780857949),
	(29855, 2, 25, 780857949),
	(29856, 2, 26, 780857949),
	(29857, 2, 27, 780857949),
	(29858, 2, 28, 780857949),
	(29859, 2, 29, 780857949),
	(29860, 2, 132, 780857949),
	(29861, 2, 9, 176635126),
	(29862, 2, 10, 176635126),
	(29863, 2, 11, 176635126),
	(29864, 2, 12, 176635126),
	(29865, 2, 13, 176635126),
	(29866, 2, 14, 176635126),
	(29867, 2, 15, 176635126),
	(29868, 2, 16, 176635126),
	(29869, 2, 17, 176635126),
	(29870, 2, 18, 176635126),
	(29871, 2, 19, 176635126),
	(29872, 2, 21, 176635126),
	(29873, 2, 22, 176635126),
	(29874, 2, 23, 176635126),
	(29875, 2, 24, 176635126),
	(29876, 2, 25, 176635126),
	(29877, 2, 26, 176635126),
	(29878, 2, 27, 176635126),
	(29879, 2, 28, 176635126),
	(29880, 2, 29, 176635126),
	(29881, 2, 132, 176635126),
	(29882, 2, 9, 873104864),
	(29883, 2, 10, 873104864),
	(29884, 2, 11, 873104864),
	(29885, 2, 12, 873104864),
	(29886, 2, 13, 873104864),
	(29887, 2, 14, 873104864),
	(29888, 2, 15, 873104864),
	(29889, 2, 16, 873104864),
	(29890, 2, 17, 873104864),
	(29891, 2, 18, 873104864),
	(29892, 2, 19, 873104864),
	(29893, 2, 21, 873104864),
	(29894, 2, 22, 873104864),
	(29895, 2, 23, 873104864),
	(29896, 2, 24, 873104864),
	(29897, 2, 25, 873104864),
	(29898, 2, 26, 873104864),
	(29899, 2, 27, 873104864),
	(29900, 2, 28, 873104864),
	(29901, 2, 29, 873104864),
	(29902, 2, 132, 873104864),
	(29903, 2, 9, 809189040),
	(29904, 2, 10, 809189040),
	(29905, 2, 11, 809189040),
	(29906, 2, 12, 809189040),
	(29907, 2, 13, 809189040),
	(29908, 2, 14, 809189040),
	(29909, 2, 15, 809189040),
	(29910, 2, 16, 809189040),
	(29911, 2, 17, 809189040),
	(29912, 2, 18, 809189040),
	(29913, 2, 19, 809189040),
	(29914, 2, 21, 809189040),
	(29915, 2, 22, 809189040),
	(29916, 2, 23, 809189040),
	(29917, 2, 24, 809189040),
	(29918, 2, 25, 809189040),
	(29919, 2, 26, 809189040),
	(29920, 2, 27, 809189040),
	(29921, 2, 28, 809189040),
	(29922, 2, 29, 809189040),
	(29923, 2, 132, 809189040),
	(29924, 2, 9, 316433430),
	(29925, 2, 10, 316433430),
	(29926, 2, 11, 316433430),
	(29927, 2, 12, 316433430),
	(29928, 2, 13, 316433430),
	(29929, 2, 14, 316433430),
	(29930, 2, 15, 316433430),
	(29931, 2, 16, 316433430),
	(29932, 2, 17, 316433430),
	(29933, 2, 18, 316433430),
	(29934, 2, 19, 316433430),
	(29935, 2, 21, 316433430),
	(29936, 2, 22, 316433430),
	(29937, 2, 23, 316433430),
	(29938, 2, 24, 316433430),
	(29939, 2, 25, 316433430),
	(29940, 2, 26, 316433430),
	(29941, 2, 27, 316433430),
	(29942, 2, 28, 316433430),
	(29943, 2, 29, 316433430),
	(29944, 2, 132, 316433430),
	(29945, 2, 9, 489687644),
	(29946, 2, 10, 489687644),
	(29947, 2, 11, 489687644),
	(29948, 2, 12, 489687644),
	(29949, 2, 13, 489687644),
	(29950, 2, 14, 489687644),
	(29951, 2, 15, 489687644),
	(29952, 2, 16, 489687644),
	(29953, 2, 17, 489687644),
	(29954, 2, 18, 489687644),
	(29955, 2, 19, 489687644),
	(29956, 2, 21, 489687644),
	(29957, 2, 22, 489687644),
	(29958, 2, 23, 489687644),
	(29959, 2, 24, 489687644),
	(29960, 2, 25, 489687644),
	(29961, 2, 26, 489687644),
	(29962, 2, 27, 489687644),
	(29963, 2, 28, 489687644),
	(29964, 2, 29, 489687644),
	(29965, 2, 132, 489687644),
	(29966, 2, 9, 867038429),
	(29967, 2, 10, 867038429),
	(29968, 2, 11, 867038429),
	(29969, 2, 12, 867038429),
	(29970, 2, 13, 867038429),
	(29971, 2, 14, 867038429),
	(29972, 2, 15, 867038429),
	(29973, 2, 16, 867038429),
	(29974, 2, 17, 867038429),
	(29975, 2, 18, 867038429),
	(29976, 2, 19, 867038429),
	(29977, 2, 21, 867038429),
	(29978, 2, 22, 867038429),
	(29979, 2, 23, 867038429),
	(29980, 2, 24, 867038429),
	(29981, 2, 25, 867038429),
	(29982, 2, 26, 867038429),
	(29983, 2, 27, 867038429),
	(29984, 2, 28, 867038429),
	(29985, 2, 29, 867038429),
	(29986, 2, 132, 867038429),
	(29987, 2, 9, 789789080),
	(29988, 2, 10, 789789080),
	(29989, 2, 11, 789789080),
	(29990, 2, 12, 789789080),
	(29991, 2, 13, 789789080),
	(29992, 2, 14, 789789080),
	(29993, 2, 15, 789789080),
	(29994, 2, 16, 789789080),
	(29995, 2, 17, 789789080),
	(29996, 2, 18, 789789080),
	(29997, 2, 19, 789789080),
	(29998, 2, 21, 789789080),
	(29999, 2, 22, 789789080),
	(30000, 2, 23, 789789080),
	(30001, 2, 24, 789789080),
	(30002, 2, 25, 789789080),
	(30003, 2, 26, 789789080),
	(30004, 2, 27, 789789080),
	(30005, 2, 28, 789789080),
	(30006, 2, 29, 789789080),
	(30007, 2, 132, 789789080),
	(30008, 2, 9, 282584783),
	(30009, 2, 10, 282584783),
	(30010, 2, 11, 282584783),
	(30011, 2, 12, 282584783),
	(30012, 2, 13, 282584783),
	(30013, 2, 14, 282584783),
	(30014, 2, 15, 282584783),
	(30015, 2, 16, 282584783),
	(30016, 2, 17, 282584783),
	(30017, 2, 18, 282584783),
	(30018, 2, 19, 282584783),
	(30019, 2, 21, 282584783),
	(30020, 2, 22, 282584783),
	(30021, 2, 23, 282584783),
	(30022, 2, 24, 282584783),
	(30023, 2, 25, 282584783),
	(30024, 2, 26, 282584783),
	(30025, 2, 27, 282584783),
	(30026, 2, 28, 282584783),
	(30027, 2, 29, 282584783),
	(30028, 2, 132, 282584783),
	(30029, 2, 9, 110677401),
	(30030, 2, 10, 110677401),
	(30031, 2, 11, 110677401),
	(30032, 2, 12, 110677401),
	(30033, 2, 13, 110677401),
	(30034, 2, 14, 110677401),
	(30035, 2, 15, 110677401),
	(30036, 2, 16, 110677401),
	(30037, 2, 17, 110677401),
	(30038, 2, 18, 110677401),
	(30039, 2, 19, 110677401),
	(30040, 2, 21, 110677401),
	(30041, 2, 22, 110677401),
	(30042, 2, 23, 110677401),
	(30043, 2, 24, 110677401),
	(30044, 2, 25, 110677401),
	(30045, 2, 26, 110677401),
	(30046, 2, 27, 110677401),
	(30047, 2, 28, 110677401),
	(30048, 2, 29, 110677401),
	(30049, 2, 132, 110677401),
	(30050, 2, 9, 920524113),
	(30051, 2, 10, 920524113),
	(30052, 2, 11, 920524113),
	(30053, 2, 12, 920524113),
	(30054, 2, 13, 920524113),
	(30055, 2, 14, 920524113),
	(30056, 2, 15, 920524113),
	(30057, 2, 16, 920524113),
	(30058, 2, 17, 920524113),
	(30059, 2, 18, 920524113),
	(30060, 2, 19, 920524113),
	(30061, 2, 21, 920524113),
	(30062, 2, 22, 920524113),
	(30063, 2, 23, 920524113),
	(30064, 2, 24, 920524113),
	(30065, 2, 25, 920524113),
	(30066, 2, 26, 920524113),
	(30067, 2, 27, 920524113),
	(30068, 2, 28, 920524113),
	(30069, 2, 29, 920524113),
	(30070, 2, 132, 920524113),
	(30071, 2, 9, 874834743),
	(30072, 2, 10, 874834743),
	(30073, 2, 11, 874834743),
	(30074, 2, 12, 874834743),
	(30075, 2, 13, 874834743),
	(30076, 2, 14, 874834743),
	(30077, 2, 15, 874834743),
	(30078, 2, 16, 874834743),
	(30079, 2, 17, 874834743),
	(30080, 2, 18, 874834743),
	(30081, 2, 19, 874834743),
	(30082, 2, 21, 874834743),
	(30083, 2, 22, 874834743),
	(30084, 2, 23, 874834743),
	(30085, 2, 24, 874834743),
	(30086, 2, 25, 874834743),
	(30087, 2, 26, 874834743),
	(30088, 2, 27, 874834743),
	(30089, 2, 28, 874834743),
	(30090, 2, 29, 874834743),
	(30091, 2, 132, 874834743),
	(30092, 2, 9, 567354393),
	(30093, 2, 10, 567354393),
	(30094, 2, 11, 567354393),
	(30095, 2, 12, 567354393),
	(30096, 2, 13, 567354393),
	(30097, 2, 14, 567354393),
	(30098, 2, 15, 567354393),
	(30099, 2, 16, 567354393),
	(30100, 2, 17, 567354393),
	(30101, 2, 18, 567354393),
	(30102, 2, 19, 567354393),
	(30103, 2, 21, 567354393),
	(30104, 2, 22, 567354393),
	(30105, 2, 23, 567354393),
	(30106, 2, 24, 567354393),
	(30107, 2, 25, 567354393),
	(30108, 2, 26, 567354393),
	(30109, 2, 27, 567354393),
	(30110, 2, 28, 567354393),
	(30111, 2, 29, 567354393),
	(30112, 2, 132, 567354393),
	(30113, 2, 9, 482786161),
	(30114, 2, 10, 482786161),
	(30115, 2, 11, 482786161),
	(30116, 2, 12, 482786161),
	(30117, 2, 13, 482786161),
	(30118, 2, 14, 482786161),
	(30119, 2, 15, 482786161),
	(30120, 2, 16, 482786161),
	(30121, 2, 17, 482786161),
	(30122, 2, 18, 482786161),
	(30123, 2, 19, 482786161),
	(30124, 2, 21, 482786161),
	(30125, 2, 22, 482786161),
	(30126, 2, 23, 482786161),
	(30127, 2, 24, 482786161),
	(30128, 2, 25, 482786161),
	(30129, 2, 26, 482786161),
	(30130, 2, 27, 482786161),
	(30131, 2, 28, 482786161),
	(30132, 2, 29, 482786161),
	(30133, 2, 132, 482786161),
	(30134, 2, 9, 684950734),
	(30135, 2, 10, 684950734),
	(30136, 2, 11, 684950734),
	(30137, 2, 12, 684950734),
	(30138, 2, 13, 684950734),
	(30139, 2, 14, 684950734),
	(30140, 2, 15, 684950734),
	(30141, 2, 16, 684950734),
	(30142, 2, 17, 684950734),
	(30143, 2, 18, 684950734),
	(30144, 2, 19, 684950734),
	(30145, 2, 21, 684950734),
	(30146, 2, 22, 684950734),
	(30147, 2, 23, 684950734),
	(30148, 2, 24, 684950734),
	(30149, 2, 25, 684950734),
	(30150, 2, 26, 684950734),
	(30151, 2, 27, 684950734),
	(30152, 2, 28, 684950734),
	(30153, 2, 29, 684950734),
	(30154, 2, 132, 684950734),
	(30155, 2, 9, 589896943),
	(30156, 2, 10, 589896943),
	(30157, 2, 11, 589896943),
	(30158, 2, 12, 589896943),
	(30159, 2, 13, 589896943),
	(30160, 2, 14, 589896943),
	(30161, 2, 15, 589896943),
	(30162, 2, 16, 589896943),
	(30163, 2, 17, 589896943),
	(30164, 2, 18, 589896943),
	(30165, 2, 19, 589896943),
	(30166, 2, 21, 589896943),
	(30167, 2, 22, 589896943),
	(30168, 2, 23, 589896943),
	(30169, 2, 24, 589896943),
	(30170, 2, 25, 589896943),
	(30171, 2, 26, 589896943),
	(30172, 2, 27, 589896943),
	(30173, 2, 28, 589896943),
	(30174, 2, 29, 589896943),
	(30175, 2, 132, 589896943),
	(30176, 2, 9, 284833191),
	(30177, 2, 10, 284833191),
	(30178, 2, 11, 284833191),
	(30179, 2, 12, 284833191),
	(30180, 2, 13, 284833191),
	(30181, 2, 14, 284833191),
	(30182, 2, 15, 284833191),
	(30183, 2, 16, 284833191),
	(30184, 2, 17, 284833191),
	(30185, 2, 18, 284833191),
	(30186, 2, 19, 284833191),
	(30187, 2, 21, 284833191),
	(30188, 2, 22, 284833191),
	(30189, 2, 23, 284833191),
	(30190, 2, 24, 284833191),
	(30191, 2, 25, 284833191),
	(30192, 2, 26, 284833191),
	(30193, 2, 27, 284833191),
	(30194, 2, 28, 284833191),
	(30195, 2, 29, 284833191),
	(30196, 2, 132, 284833191),
	(30197, 2, 9, 196614499),
	(30198, 2, 10, 196614499),
	(30199, 2, 11, 196614499),
	(30200, 2, 12, 196614499),
	(30201, 2, 13, 196614499),
	(30202, 2, 14, 196614499),
	(30203, 2, 15, 196614499),
	(30204, 2, 16, 196614499),
	(30205, 2, 17, 196614499),
	(30206, 2, 18, 196614499),
	(30207, 2, 19, 196614499),
	(30208, 2, 21, 196614499),
	(30209, 2, 22, 196614499),
	(30210, 2, 23, 196614499),
	(30211, 2, 24, 196614499),
	(30212, 2, 25, 196614499),
	(30213, 2, 26, 196614499),
	(30214, 2, 27, 196614499),
	(30215, 2, 28, 196614499),
	(30216, 2, 29, 196614499),
	(30217, 2, 132, 196614499),
	(30218, 2, 9, 953347146),
	(30219, 2, 10, 953347146),
	(30220, 2, 11, 953347146),
	(30221, 2, 12, 953347146),
	(30222, 2, 13, 953347146),
	(30223, 2, 14, 953347146),
	(30224, 2, 15, 953347146),
	(30225, 2, 16, 953347146),
	(30226, 2, 17, 953347146),
	(30227, 2, 18, 953347146),
	(30228, 2, 19, 953347146),
	(30229, 2, 21, 953347146),
	(30230, 2, 22, 953347146),
	(30231, 2, 23, 953347146),
	(30232, 2, 24, 953347146),
	(30233, 2, 25, 953347146),
	(30234, 2, 26, 953347146),
	(30235, 2, 27, 953347146),
	(30236, 2, 28, 953347146),
	(30237, 2, 29, 953347146),
	(30238, 2, 132, 953347146),
	(30239, 2, 9, 409864326),
	(30240, 2, 10, 409864326),
	(30241, 2, 11, 409864326),
	(30242, 2, 12, 409864326),
	(30243, 2, 13, 409864326),
	(30244, 2, 14, 409864326),
	(30245, 2, 15, 409864326),
	(30246, 2, 16, 409864326),
	(30247, 2, 17, 409864326),
	(30248, 2, 18, 409864326),
	(30249, 2, 19, 409864326),
	(30250, 2, 21, 409864326),
	(30251, 2, 22, 409864326),
	(30252, 2, 23, 409864326),
	(30253, 2, 24, 409864326),
	(30254, 2, 25, 409864326),
	(30255, 2, 26, 409864326),
	(30256, 2, 27, 409864326),
	(30257, 2, 28, 409864326),
	(30258, 2, 29, 409864326),
	(30259, 2, 132, 409864326),
	(30260, 2, 9, 833355044),
	(30261, 2, 10, 833355044),
	(30262, 2, 11, 833355044),
	(30263, 2, 12, 833355044),
	(30264, 2, 13, 833355044),
	(30265, 2, 14, 833355044),
	(30266, 2, 15, 833355044),
	(30267, 2, 16, 833355044),
	(30268, 2, 17, 833355044),
	(30269, 2, 18, 833355044),
	(30270, 2, 19, 833355044),
	(30271, 2, 21, 833355044),
	(30272, 2, 22, 833355044),
	(30273, 2, 23, 833355044),
	(30274, 2, 24, 833355044),
	(30275, 2, 25, 833355044),
	(30276, 2, 26, 833355044),
	(30277, 2, 27, 833355044),
	(30278, 2, 28, 833355044),
	(30279, 2, 29, 833355044),
	(30280, 2, 132, 833355044),
	(30281, 2, 9, 534602237),
	(30282, 2, 10, 534602237),
	(30283, 2, 11, 534602237),
	(30284, 2, 12, 534602237),
	(30285, 2, 13, 534602237),
	(30286, 2, 14, 534602237),
	(30287, 2, 15, 534602237),
	(30288, 2, 16, 534602237),
	(30289, 2, 17, 534602237),
	(30290, 2, 18, 534602237),
	(30291, 2, 19, 534602237),
	(30292, 2, 21, 534602237),
	(30293, 2, 22, 534602237),
	(30294, 2, 23, 534602237),
	(30295, 2, 24, 534602237),
	(30296, 2, 25, 534602237),
	(30297, 2, 26, 534602237),
	(30298, 2, 27, 534602237),
	(30299, 2, 28, 534602237),
	(30300, 2, 29, 534602237),
	(30301, 2, 132, 534602237),
	(30302, 2, 9, 116497709),
	(30303, 2, 10, 116497709),
	(30304, 2, 11, 116497709),
	(30305, 2, 12, 116497709),
	(30306, 2, 13, 116497709),
	(30307, 2, 14, 116497709),
	(30308, 2, 15, 116497709),
	(30309, 2, 16, 116497709),
	(30310, 2, 17, 116497709),
	(30311, 2, 18, 116497709),
	(30312, 2, 19, 116497709),
	(30313, 2, 21, 116497709),
	(30314, 2, 22, 116497709),
	(30315, 2, 23, 116497709),
	(30316, 2, 24, 116497709),
	(30317, 2, 25, 116497709),
	(30318, 2, 26, 116497709),
	(30319, 2, 27, 116497709),
	(30320, 2, 28, 116497709),
	(30321, 2, 29, 116497709),
	(30322, 2, 132, 116497709),
	(30323, 2, 9, 384363549),
	(30324, 2, 10, 384363549),
	(30325, 2, 11, 384363549),
	(30326, 2, 12, 384363549),
	(30327, 2, 13, 384363549),
	(30328, 2, 14, 384363549),
	(30329, 2, 15, 384363549),
	(30330, 2, 16, 384363549),
	(30331, 2, 17, 384363549),
	(30332, 2, 18, 384363549),
	(30333, 2, 19, 384363549),
	(30334, 2, 21, 384363549),
	(30335, 2, 22, 384363549),
	(30336, 2, 23, 384363549),
	(30337, 2, 24, 384363549),
	(30338, 2, 25, 384363549),
	(30339, 2, 26, 384363549),
	(30340, 2, 27, 384363549),
	(30341, 2, 28, 384363549),
	(30342, 2, 29, 384363549),
	(30343, 2, 132, 384363549),
	(30344, 2, 9, 250263657),
	(30345, 2, 10, 250263657),
	(30346, 2, 11, 250263657),
	(30347, 2, 12, 250263657),
	(30348, 2, 13, 250263657),
	(30349, 2, 14, 250263657),
	(30350, 2, 15, 250263657),
	(30351, 2, 16, 250263657),
	(30352, 2, 17, 250263657),
	(30353, 2, 18, 250263657),
	(30354, 2, 19, 250263657),
	(30355, 2, 21, 250263657),
	(30356, 2, 22, 250263657),
	(30357, 2, 23, 250263657),
	(30358, 2, 24, 250263657),
	(30359, 2, 25, 250263657),
	(30360, 2, 26, 250263657),
	(30361, 2, 27, 250263657),
	(30362, 2, 28, 250263657),
	(30363, 2, 29, 250263657),
	(30364, 2, 132, 250263657),
	(30365, 2, 9, 758819937),
	(30366, 2, 10, 758819937),
	(30367, 2, 11, 758819937),
	(30368, 2, 12, 758819937),
	(30369, 2, 13, 758819937),
	(30370, 2, 14, 758819937),
	(30371, 2, 15, 758819937),
	(30372, 2, 16, 758819937),
	(30373, 2, 17, 758819937),
	(30374, 2, 18, 758819937),
	(30375, 2, 19, 758819937),
	(30376, 2, 21, 758819937),
	(30377, 2, 22, 758819937),
	(30378, 2, 23, 758819937),
	(30379, 2, 24, 758819937),
	(30380, 2, 25, 758819937),
	(30381, 2, 26, 758819937),
	(30382, 2, 27, 758819937),
	(30383, 2, 28, 758819937),
	(30384, 2, 29, 758819937),
	(30385, 2, 132, 758819937),
	(30386, 2, 9, 703525159),
	(30387, 2, 10, 703525159),
	(30388, 2, 11, 703525159),
	(30389, 2, 12, 703525159),
	(30390, 2, 13, 703525159),
	(30391, 2, 14, 703525159),
	(30392, 2, 15, 703525159),
	(30393, 2, 16, 703525159),
	(30394, 2, 17, 703525159),
	(30395, 2, 18, 703525159),
	(30396, 2, 19, 703525159),
	(30397, 2, 21, 703525159),
	(30398, 2, 22, 703525159),
	(30399, 2, 23, 703525159),
	(30400, 2, 24, 703525159),
	(30401, 2, 25, 703525159),
	(30402, 2, 26, 703525159),
	(30403, 2, 27, 703525159),
	(30404, 2, 28, 703525159),
	(30405, 2, 29, 703525159),
	(30406, 2, 132, 703525159),
	(30407, 2, 35, 300905432),
	(30408, 2, 36, 300905432),
	(30409, 2, 37, 300905432),
	(30410, 2, 39, 300905432),
	(30411, 2, 41, 300905432),
	(30412, 2, 43, 300905432),
	(30413, 2, 46, 300905432),
	(30414, 2, 48, 300905432),
	(30415, 2, 53, 300905432),
	(30416, 2, 62, 300905432),
	(30417, 2, 63, 300905432),
	(30418, 2, 64, 300905432),
	(30419, 2, 67, 300905432),
	(30420, 2, 68, 300905432),
	(30421, 2, 69, 300905432),
	(30422, 2, 71, 300905432),
	(30423, 2, 132, 300905432),
	(30424, 2, 35, 234541909),
	(30425, 2, 36, 234541909),
	(30426, 2, 37, 234541909),
	(30427, 2, 39, 234541909),
	(30428, 2, 41, 234541909),
	(30429, 2, 43, 234541909),
	(30430, 2, 46, 234541909),
	(30431, 2, 48, 234541909),
	(30432, 2, 53, 234541909),
	(30433, 2, 62, 234541909),
	(30434, 2, 63, 234541909),
	(30435, 2, 64, 234541909),
	(30436, 2, 67, 234541909),
	(30437, 2, 68, 234541909),
	(30438, 2, 69, 234541909),
	(30439, 2, 71, 234541909),
	(30440, 2, 132, 234541909),
	(30441, 2, 35, 851871949),
	(30442, 2, 36, 851871949),
	(30443, 2, 37, 851871949),
	(30444, 2, 39, 851871949),
	(30445, 2, 41, 851871949),
	(30446, 2, 43, 851871949),
	(30447, 2, 46, 851871949),
	(30448, 2, 48, 851871949),
	(30449, 2, 53, 851871949),
	(30450, 2, 62, 851871949),
	(30451, 2, 63, 851871949),
	(30452, 2, 64, 851871949),
	(30453, 2, 67, 851871949),
	(30454, 2, 68, 851871949),
	(30455, 2, 69, 851871949),
	(30456, 2, 71, 851871949),
	(30457, 2, 132, 851871949),
	(30458, 2, 35, 508865705),
	(30459, 2, 36, 508865705),
	(30460, 2, 37, 508865705),
	(30461, 2, 39, 508865705),
	(30462, 2, 41, 508865705),
	(30463, 2, 43, 508865705),
	(30464, 2, 46, 508865705),
	(30465, 2, 48, 508865705),
	(30466, 2, 53, 508865705),
	(30467, 2, 62, 508865705),
	(30468, 2, 63, 508865705),
	(30469, 2, 64, 508865705),
	(30470, 2, 67, 508865705),
	(30471, 2, 68, 508865705),
	(30472, 2, 69, 508865705),
	(30473, 2, 71, 508865705),
	(30474, 2, 132, 508865705),
	(30475, 2, 35, 481642946),
	(30476, 2, 36, 481642946),
	(30477, 2, 37, 481642946),
	(30478, 2, 39, 481642946),
	(30479, 2, 41, 481642946),
	(30480, 2, 43, 481642946),
	(30481, 2, 46, 481642946),
	(30482, 2, 48, 481642946),
	(30483, 2, 53, 481642946),
	(30484, 2, 62, 481642946),
	(30485, 2, 63, 481642946),
	(30486, 2, 64, 481642946),
	(30487, 2, 67, 481642946),
	(30488, 2, 68, 481642946),
	(30489, 2, 69, 481642946),
	(30490, 2, 71, 481642946),
	(30491, 2, 132, 481642946),
	(30492, 2, 35, 688450060),
	(30493, 2, 36, 688450060),
	(30494, 2, 37, 688450060),
	(30495, 2, 39, 688450060),
	(30496, 2, 41, 688450060),
	(30497, 2, 43, 688450060),
	(30498, 2, 46, 688450060),
	(30499, 2, 48, 688450060),
	(30500, 2, 53, 688450060),
	(30501, 2, 62, 688450060),
	(30502, 2, 63, 688450060),
	(30503, 2, 64, 688450060),
	(30504, 2, 67, 688450060),
	(30505, 2, 68, 688450060),
	(30506, 2, 69, 688450060),
	(30507, 2, 71, 688450060),
	(30508, 2, 132, 688450060),
	(30509, 2, 35, 699982446),
	(30510, 2, 36, 699982446),
	(30511, 2, 37, 699982446),
	(30512, 2, 39, 699982446),
	(30513, 2, 41, 699982446),
	(30514, 2, 43, 699982446),
	(30515, 2, 46, 699982446),
	(30516, 2, 48, 699982446),
	(30517, 2, 53, 699982446),
	(30518, 2, 62, 699982446),
	(30519, 2, 63, 699982446),
	(30520, 2, 64, 699982446),
	(30521, 2, 67, 699982446),
	(30522, 2, 68, 699982446),
	(30523, 2, 69, 699982446),
	(30524, 2, 71, 699982446),
	(30525, 2, 132, 699982446),
	(30526, 2, 35, 760283377),
	(30527, 2, 36, 760283377),
	(30528, 2, 37, 760283377),
	(30529, 2, 39, 760283377),
	(30530, 2, 41, 760283377),
	(30531, 2, 43, 760283377),
	(30532, 2, 46, 760283377),
	(30533, 2, 48, 760283377),
	(30534, 2, 53, 760283377),
	(30535, 2, 62, 760283377),
	(30536, 2, 63, 760283377),
	(30537, 2, 64, 760283377),
	(30538, 2, 67, 760283377),
	(30539, 2, 68, 760283377),
	(30540, 2, 69, 760283377),
	(30541, 2, 71, 760283377),
	(30542, 2, 132, 760283377),
	(30543, 2, 35, 674021444),
	(30544, 2, 36, 674021444),
	(30545, 2, 37, 674021444),
	(30546, 2, 39, 674021444),
	(30547, 2, 41, 674021444),
	(30548, 2, 43, 674021444),
	(30549, 2, 46, 674021444),
	(30550, 2, 48, 674021444),
	(30551, 2, 53, 674021444),
	(30552, 2, 62, 674021444),
	(30553, 2, 63, 674021444),
	(30554, 2, 64, 674021444),
	(30555, 2, 67, 674021444),
	(30556, 2, 68, 674021444),
	(30557, 2, 69, 674021444),
	(30558, 2, 71, 674021444),
	(30559, 2, 132, 674021444),
	(30560, 2, 35, 831241672),
	(30561, 2, 36, 831241672),
	(30562, 2, 37, 831241672),
	(30563, 2, 39, 831241672),
	(30564, 2, 41, 831241672),
	(30565, 2, 43, 831241672),
	(30566, 2, 46, 831241672),
	(30567, 2, 48, 831241672),
	(30568, 2, 53, 831241672),
	(30569, 2, 62, 831241672),
	(30570, 2, 63, 831241672),
	(30571, 2, 64, 831241672),
	(30572, 2, 67, 831241672),
	(30573, 2, 68, 831241672),
	(30574, 2, 69, 831241672),
	(30575, 2, 71, 831241672),
	(30576, 2, 132, 831241672),
	(30577, 2, 35, 337487349),
	(30578, 2, 36, 337487349),
	(30579, 2, 37, 337487349),
	(30580, 2, 39, 337487349),
	(30581, 2, 41, 337487349),
	(30582, 2, 43, 337487349),
	(30583, 2, 46, 337487349),
	(30584, 2, 48, 337487349),
	(30585, 2, 53, 337487349),
	(30586, 2, 62, 337487349),
	(30587, 2, 63, 337487349),
	(30588, 2, 64, 337487349),
	(30589, 2, 67, 337487349),
	(30590, 2, 68, 337487349),
	(30591, 2, 69, 337487349),
	(30592, 2, 71, 337487349),
	(30593, 2, 132, 337487349),
	(30594, 2, 35, 805670171),
	(30595, 2, 36, 805670171),
	(30596, 2, 37, 805670171),
	(30597, 2, 39, 805670171),
	(30598, 2, 41, 805670171),
	(30599, 2, 43, 805670171),
	(30600, 2, 46, 805670171),
	(30601, 2, 48, 805670171),
	(30602, 2, 53, 805670171),
	(30603, 2, 62, 805670171),
	(30604, 2, 63, 805670171),
	(30605, 2, 64, 805670171),
	(30606, 2, 67, 805670171),
	(30607, 2, 68, 805670171),
	(30608, 2, 69, 805670171),
	(30609, 2, 71, 805670171),
	(30610, 2, 132, 805670171),
	(30611, 2, 35, 725516706),
	(30612, 2, 36, 725516706),
	(30613, 2, 37, 725516706),
	(30614, 2, 39, 725516706),
	(30615, 2, 41, 725516706),
	(30616, 2, 43, 725516706),
	(30617, 2, 46, 725516706),
	(30618, 2, 48, 725516706),
	(30619, 2, 53, 725516706),
	(30620, 2, 62, 725516706),
	(30621, 2, 63, 725516706),
	(30622, 2, 64, 725516706),
	(30623, 2, 67, 725516706),
	(30624, 2, 68, 725516706),
	(30625, 2, 69, 725516706),
	(30626, 2, 71, 725516706),
	(30627, 2, 132, 725516706),
	(30628, 2, 35, 184158591),
	(30629, 2, 36, 184158591),
	(30630, 2, 37, 184158591),
	(30631, 2, 39, 184158591),
	(30632, 2, 41, 184158591),
	(30633, 2, 43, 184158591),
	(30634, 2, 46, 184158591),
	(30635, 2, 48, 184158591),
	(30636, 2, 53, 184158591),
	(30637, 2, 62, 184158591),
	(30638, 2, 63, 184158591),
	(30639, 2, 64, 184158591),
	(30640, 2, 67, 184158591),
	(30641, 2, 68, 184158591),
	(30642, 2, 69, 184158591),
	(30643, 2, 71, 184158591),
	(30644, 2, 132, 184158591),
	(30645, 2, 35, 771068016),
	(30646, 2, 36, 771068016),
	(30647, 2, 37, 771068016),
	(30648, 2, 39, 771068016),
	(30649, 2, 41, 771068016),
	(30650, 2, 43, 771068016),
	(30651, 2, 46, 771068016),
	(30652, 2, 48, 771068016),
	(30653, 2, 53, 771068016),
	(30654, 2, 62, 771068016),
	(30655, 2, 63, 771068016),
	(30656, 2, 64, 771068016),
	(30657, 2, 67, 771068016),
	(30658, 2, 68, 771068016),
	(30659, 2, 69, 771068016),
	(30660, 2, 71, 771068016),
	(30661, 2, 132, 771068016),
	(30662, 2, 35, 656351056),
	(30663, 2, 36, 656351056),
	(30664, 2, 37, 656351056),
	(30665, 2, 39, 656351056),
	(30666, 2, 41, 656351056),
	(30667, 2, 43, 656351056),
	(30668, 2, 46, 656351056),
	(30669, 2, 48, 656351056),
	(30670, 2, 53, 656351056),
	(30671, 2, 62, 656351056),
	(30672, 2, 63, 656351056),
	(30673, 2, 64, 656351056),
	(30674, 2, 67, 656351056),
	(30675, 2, 68, 656351056),
	(30676, 2, 69, 656351056),
	(30677, 2, 71, 656351056),
	(30678, 2, 132, 656351056),
	(30679, 2, 35, 916016890),
	(30680, 2, 36, 916016890),
	(30681, 2, 37, 916016890),
	(30682, 2, 39, 916016890),
	(30683, 2, 41, 916016890),
	(30684, 2, 43, 916016890),
	(30685, 2, 46, 916016890),
	(30686, 2, 48, 916016890),
	(30687, 2, 53, 916016890),
	(30688, 2, 62, 916016890),
	(30689, 2, 63, 916016890),
	(30690, 2, 64, 916016890),
	(30691, 2, 67, 916016890),
	(30692, 2, 68, 916016890),
	(30693, 2, 69, 916016890),
	(30694, 2, 71, 916016890),
	(30695, 2, 132, 916016890),
	(30696, 2, 35, 732198389),
	(30697, 2, 36, 732198389),
	(30698, 2, 37, 732198389),
	(30699, 2, 39, 732198389),
	(30700, 2, 41, 732198389),
	(30701, 2, 43, 732198389),
	(30702, 2, 46, 732198389),
	(30703, 2, 48, 732198389),
	(30704, 2, 53, 732198389),
	(30705, 2, 62, 732198389),
	(30706, 2, 63, 732198389),
	(30707, 2, 64, 732198389),
	(30708, 2, 67, 732198389),
	(30709, 2, 68, 732198389),
	(30710, 2, 69, 732198389),
	(30711, 2, 71, 732198389),
	(30712, 2, 132, 732198389),
	(30713, 2, 35, 791105207),
	(30714, 2, 36, 791105207),
	(30715, 2, 37, 791105207),
	(30716, 2, 39, 791105207),
	(30717, 2, 41, 791105207),
	(30718, 2, 43, 791105207),
	(30719, 2, 46, 791105207),
	(30720, 2, 48, 791105207),
	(30721, 2, 53, 791105207),
	(30722, 2, 62, 791105207),
	(30723, 2, 63, 791105207),
	(30724, 2, 64, 791105207),
	(30725, 2, 67, 791105207),
	(30726, 2, 68, 791105207),
	(30727, 2, 69, 791105207),
	(30728, 2, 71, 791105207),
	(30729, 2, 132, 791105207),
	(30730, 2, 35, 231709819),
	(30731, 2, 36, 231709819),
	(30732, 2, 37, 231709819),
	(30733, 2, 39, 231709819),
	(30734, 2, 41, 231709819),
	(30735, 2, 43, 231709819),
	(30736, 2, 46, 231709819),
	(30737, 2, 48, 231709819),
	(30738, 2, 53, 231709819),
	(30739, 2, 62, 231709819),
	(30740, 2, 63, 231709819),
	(30741, 2, 64, 231709819),
	(30742, 2, 67, 231709819),
	(30743, 2, 68, 231709819),
	(30744, 2, 69, 231709819),
	(30745, 2, 71, 231709819),
	(30746, 2, 132, 231709819),
	(30747, 2, 35, 194309631),
	(30748, 2, 36, 194309631),
	(30749, 2, 37, 194309631),
	(30750, 2, 39, 194309631),
	(30751, 2, 41, 194309631),
	(30752, 2, 43, 194309631),
	(30753, 2, 46, 194309631),
	(30754, 2, 48, 194309631),
	(30755, 2, 53, 194309631),
	(30756, 2, 62, 194309631),
	(30757, 2, 63, 194309631),
	(30758, 2, 64, 194309631),
	(30759, 2, 67, 194309631),
	(30760, 2, 68, 194309631),
	(30761, 2, 69, 194309631),
	(30762, 2, 71, 194309631),
	(30763, 2, 132, 194309631),
	(30764, 2, 35, 501802420),
	(30765, 2, 36, 501802420),
	(30766, 2, 37, 501802420),
	(30767, 2, 39, 501802420),
	(30768, 2, 41, 501802420),
	(30769, 2, 43, 501802420),
	(30770, 2, 46, 501802420),
	(30771, 2, 48, 501802420),
	(30772, 2, 53, 501802420),
	(30773, 2, 62, 501802420),
	(30774, 2, 63, 501802420),
	(30775, 2, 64, 501802420),
	(30776, 2, 67, 501802420),
	(30777, 2, 68, 501802420),
	(30778, 2, 69, 501802420),
	(30779, 2, 71, 501802420),
	(30780, 2, 132, 501802420),
	(30781, 2, 35, 500899243),
	(30782, 2, 36, 500899243),
	(30783, 2, 37, 500899243),
	(30784, 2, 39, 500899243),
	(30785, 2, 41, 500899243),
	(30786, 2, 43, 500899243),
	(30787, 2, 46, 500899243),
	(30788, 2, 48, 500899243),
	(30789, 2, 53, 500899243),
	(30790, 2, 62, 500899243),
	(30791, 2, 63, 500899243),
	(30792, 2, 64, 500899243),
	(30793, 2, 67, 500899243),
	(30794, 2, 68, 500899243),
	(30795, 2, 69, 500899243),
	(30796, 2, 71, 500899243),
	(30797, 2, 132, 500899243),
	(30798, 2, 35, 769618054),
	(30799, 2, 36, 769618054),
	(30800, 2, 37, 769618054),
	(30801, 2, 39, 769618054),
	(30802, 2, 41, 769618054),
	(30803, 2, 43, 769618054),
	(30804, 2, 46, 769618054),
	(30805, 2, 48, 769618054),
	(30806, 2, 53, 769618054),
	(30807, 2, 62, 769618054),
	(30808, 2, 63, 769618054),
	(30809, 2, 64, 769618054),
	(30810, 2, 67, 769618054),
	(30811, 2, 68, 769618054),
	(30812, 2, 69, 769618054),
	(30813, 2, 71, 769618054),
	(30814, 2, 132, 769618054),
	(30815, 2, 35, 304145127),
	(30816, 2, 36, 304145127),
	(30817, 2, 37, 304145127),
	(30818, 2, 39, 304145127),
	(30819, 2, 41, 304145127),
	(30820, 2, 43, 304145127),
	(30821, 2, 46, 304145127),
	(30822, 2, 48, 304145127),
	(30823, 2, 53, 304145127),
	(30824, 2, 62, 304145127),
	(30825, 2, 63, 304145127),
	(30826, 2, 64, 304145127),
	(30827, 2, 67, 304145127),
	(30828, 2, 68, 304145127),
	(30829, 2, 69, 304145127),
	(30830, 2, 71, 304145127),
	(30831, 2, 132, 304145127),
	(30832, 2, 35, 751016682),
	(30833, 2, 36, 751016682),
	(30834, 2, 37, 751016682),
	(30835, 2, 39, 751016682),
	(30836, 2, 41, 751016682),
	(30837, 2, 43, 751016682),
	(30838, 2, 46, 751016682),
	(30839, 2, 48, 751016682),
	(30840, 2, 53, 751016682),
	(30841, 2, 62, 751016682),
	(30842, 2, 63, 751016682),
	(30843, 2, 64, 751016682),
	(30844, 2, 67, 751016682),
	(30845, 2, 68, 751016682),
	(30846, 2, 69, 751016682),
	(30847, 2, 71, 751016682),
	(30848, 2, 132, 751016682),
	(30849, 2, 35, 194059759),
	(30850, 2, 36, 194059759),
	(30851, 2, 37, 194059759),
	(30852, 2, 39, 194059759),
	(30853, 2, 41, 194059759),
	(30854, 2, 43, 194059759),
	(30855, 2, 46, 194059759),
	(30856, 2, 48, 194059759),
	(30857, 2, 53, 194059759),
	(30858, 2, 62, 194059759),
	(30859, 2, 63, 194059759),
	(30860, 2, 64, 194059759),
	(30861, 2, 67, 194059759),
	(30862, 2, 68, 194059759),
	(30863, 2, 69, 194059759),
	(30864, 2, 71, 194059759),
	(30865, 2, 132, 194059759),
	(30866, 2, 35, 658680424),
	(30867, 2, 36, 658680424),
	(30868, 2, 37, 658680424),
	(30869, 2, 39, 658680424),
	(30870, 2, 41, 658680424),
	(30871, 2, 43, 658680424),
	(30872, 2, 46, 658680424),
	(30873, 2, 48, 658680424),
	(30874, 2, 53, 658680424),
	(30875, 2, 62, 658680424),
	(30876, 2, 63, 658680424),
	(30877, 2, 64, 658680424),
	(30878, 2, 67, 658680424),
	(30879, 2, 68, 658680424),
	(30880, 2, 69, 658680424),
	(30881, 2, 71, 658680424),
	(30882, 2, 132, 658680424),
	(30883, 2, 35, 972182568),
	(30884, 2, 36, 972182568),
	(30885, 2, 37, 972182568),
	(30886, 2, 39, 972182568),
	(30887, 2, 41, 972182568),
	(30888, 2, 43, 972182568),
	(30889, 2, 46, 972182568),
	(30890, 2, 48, 972182568),
	(30891, 2, 53, 972182568),
	(30892, 2, 62, 972182568),
	(30893, 2, 63, 972182568),
	(30894, 2, 64, 972182568),
	(30895, 2, 67, 972182568),
	(30896, 2, 68, 972182568),
	(30897, 2, 69, 972182568),
	(30898, 2, 71, 972182568),
	(30899, 2, 132, 972182568),
	(30900, 2, 35, 989251085),
	(30901, 2, 36, 989251085),
	(30902, 2, 37, 989251085),
	(30903, 2, 39, 989251085),
	(30904, 2, 41, 989251085),
	(30905, 2, 43, 989251085),
	(30906, 2, 46, 989251085),
	(30907, 2, 48, 989251085),
	(30908, 2, 53, 989251085),
	(30909, 2, 62, 989251085),
	(30910, 2, 63, 989251085),
	(30911, 2, 64, 989251085),
	(30912, 2, 67, 989251085),
	(30913, 2, 68, 989251085),
	(30914, 2, 69, 989251085),
	(30915, 2, 71, 989251085),
	(30916, 2, 132, 989251085),
	(30917, 2, 9, 782851960),
	(30918, 2, 10, 782851960),
	(30919, 2, 11, 782851960),
	(30920, 2, 12, 782851960),
	(30921, 2, 13, 782851960),
	(30922, 2, 14, 782851960),
	(30923, 2, 15, 782851960),
	(30924, 2, 16, 782851960),
	(30925, 2, 19, 782851960),
	(30926, 2, 20, 782851960),
	(30927, 2, 22, 782851960),
	(30928, 2, 23, 782851960),
	(30929, 2, 24, 782851960),
	(30930, 2, 25, 782851960),
	(30931, 2, 26, 782851960),
	(30932, 2, 55, 782851960),
	(30933, 2, 72, 782851960),
	(30934, 2, 73, 782851960),
	(30935, 2, 74, 782851960),
	(30936, 2, 75, 782851960),
	(30937, 2, 76, 782851960),
	(30938, 2, 77, 782851960),
	(30939, 2, 80, 782851960),
	(30940, 2, 9, 631271869),
	(30941, 2, 10, 631271869),
	(30942, 2, 11, 631271869),
	(30943, 2, 12, 631271869),
	(30944, 2, 13, 631271869),
	(30945, 2, 14, 631271869),
	(30946, 2, 15, 631271869),
	(30947, 2, 16, 631271869),
	(30948, 2, 19, 631271869),
	(30949, 2, 20, 631271869),
	(30950, 2, 22, 631271869),
	(30951, 2, 23, 631271869),
	(30952, 2, 24, 631271869),
	(30953, 2, 25, 631271869),
	(30954, 2, 26, 631271869),
	(30955, 2, 55, 631271869),
	(30956, 2, 72, 631271869),
	(30957, 2, 73, 631271869),
	(30958, 2, 74, 631271869),
	(30959, 2, 75, 631271869),
	(30960, 2, 76, 631271869),
	(30961, 2, 77, 631271869),
	(30962, 2, 80, 631271869),
	(30963, 2, 9, 850199217),
	(30964, 2, 10, 850199217),
	(30965, 2, 11, 850199217),
	(30966, 2, 12, 850199217),
	(30967, 2, 13, 850199217),
	(30968, 2, 14, 850199217),
	(30969, 2, 15, 850199217),
	(30970, 2, 16, 850199217),
	(30971, 2, 19, 850199217),
	(30972, 2, 20, 850199217),
	(30973, 2, 22, 850199217),
	(30974, 2, 23, 850199217),
	(30975, 2, 24, 850199217),
	(30976, 2, 25, 850199217),
	(30977, 2, 26, 850199217),
	(30978, 2, 55, 850199217),
	(30979, 2, 72, 850199217),
	(30980, 2, 73, 850199217),
	(30981, 2, 74, 850199217),
	(30982, 2, 75, 850199217),
	(30983, 2, 76, 850199217),
	(30984, 2, 77, 850199217),
	(30985, 2, 80, 850199217),
	(30986, 2, 9, 655784454),
	(30987, 2, 10, 655784454),
	(30988, 2, 11, 655784454),
	(30989, 2, 12, 655784454),
	(30990, 2, 13, 655784454),
	(30991, 2, 14, 655784454),
	(30992, 2, 15, 655784454),
	(30993, 2, 16, 655784454),
	(30994, 2, 19, 655784454),
	(30995, 2, 20, 655784454),
	(30996, 2, 22, 655784454),
	(30997, 2, 23, 655784454),
	(30998, 2, 24, 655784454),
	(30999, 2, 25, 655784454),
	(31000, 2, 26, 655784454),
	(31001, 2, 55, 655784454),
	(31002, 2, 72, 655784454),
	(31003, 2, 73, 655784454),
	(31004, 2, 74, 655784454),
	(31005, 2, 75, 655784454),
	(31006, 2, 76, 655784454),
	(31007, 2, 77, 655784454),
	(31008, 2, 80, 655784454),
	(31009, 2, 9, 807235669),
	(31010, 2, 10, 807235669),
	(31011, 2, 11, 807235669),
	(31012, 2, 12, 807235669),
	(31013, 2, 13, 807235669),
	(31014, 2, 14, 807235669),
	(31015, 2, 15, 807235669),
	(31016, 2, 16, 807235669),
	(31017, 2, 19, 807235669),
	(31018, 2, 20, 807235669),
	(31019, 2, 22, 807235669),
	(31020, 2, 23, 807235669),
	(31021, 2, 24, 807235669),
	(31022, 2, 25, 807235669),
	(31023, 2, 26, 807235669),
	(31024, 2, 55, 807235669),
	(31025, 2, 72, 807235669),
	(31026, 2, 73, 807235669),
	(31027, 2, 74, 807235669),
	(31028, 2, 75, 807235669),
	(31029, 2, 76, 807235669),
	(31030, 2, 77, 807235669),
	(31031, 2, 80, 807235669),
	(31032, 2, 9, 379289781),
	(31033, 2, 10, 379289781),
	(31034, 2, 11, 379289781),
	(31035, 2, 12, 379289781),
	(31036, 2, 13, 379289781),
	(31037, 2, 14, 379289781),
	(31038, 2, 15, 379289781),
	(31039, 2, 16, 379289781),
	(31040, 2, 19, 379289781),
	(31041, 2, 20, 379289781),
	(31042, 2, 22, 379289781),
	(31043, 2, 23, 379289781),
	(31044, 2, 24, 379289781),
	(31045, 2, 25, 379289781),
	(31046, 2, 26, 379289781),
	(31047, 2, 55, 379289781),
	(31048, 2, 72, 379289781),
	(31049, 2, 73, 379289781),
	(31050, 2, 74, 379289781),
	(31051, 2, 75, 379289781),
	(31052, 2, 76, 379289781),
	(31053, 2, 77, 379289781),
	(31054, 2, 80, 379289781),
	(31055, 2, 9, 480644832),
	(31056, 2, 10, 480644832),
	(31057, 2, 11, 480644832),
	(31058, 2, 12, 480644832),
	(31059, 2, 13, 480644832),
	(31060, 2, 14, 480644832),
	(31061, 2, 15, 480644832),
	(31062, 2, 16, 480644832),
	(31063, 2, 19, 480644832),
	(31064, 2, 20, 480644832),
	(31065, 2, 22, 480644832),
	(31066, 2, 23, 480644832),
	(31067, 2, 24, 480644832),
	(31068, 2, 25, 480644832),
	(31069, 2, 26, 480644832),
	(31070, 2, 55, 480644832),
	(31071, 2, 72, 480644832),
	(31072, 2, 73, 480644832),
	(31073, 2, 74, 480644832),
	(31074, 2, 75, 480644832),
	(31075, 2, 76, 480644832),
	(31076, 2, 77, 480644832),
	(31077, 2, 80, 480644832),
	(31078, 2, 9, 879421695),
	(31079, 2, 10, 879421695),
	(31080, 2, 11, 879421695),
	(31081, 2, 12, 879421695),
	(31082, 2, 13, 879421695),
	(31083, 2, 14, 879421695),
	(31084, 2, 15, 879421695),
	(31085, 2, 16, 879421695),
	(31086, 2, 19, 879421695),
	(31087, 2, 20, 879421695),
	(31088, 2, 22, 879421695),
	(31089, 2, 23, 879421695),
	(31090, 2, 24, 879421695),
	(31091, 2, 25, 879421695),
	(31092, 2, 26, 879421695),
	(31093, 2, 55, 879421695),
	(31094, 2, 72, 879421695),
	(31095, 2, 73, 879421695),
	(31096, 2, 74, 879421695),
	(31097, 2, 75, 879421695),
	(31098, 2, 76, 879421695),
	(31099, 2, 77, 879421695),
	(31100, 2, 80, 879421695),
	(31101, 2, 9, 903795950),
	(31102, 2, 10, 903795950),
	(31103, 2, 11, 903795950),
	(31104, 2, 12, 903795950),
	(31105, 2, 13, 903795950),
	(31106, 2, 14, 903795950),
	(31107, 2, 15, 903795950),
	(31108, 2, 16, 903795950),
	(31109, 2, 19, 903795950),
	(31110, 2, 20, 903795950),
	(31111, 2, 22, 903795950),
	(31112, 2, 23, 903795950),
	(31113, 2, 24, 903795950),
	(31114, 2, 25, 903795950),
	(31115, 2, 26, 903795950),
	(31116, 2, 55, 903795950),
	(31117, 2, 72, 903795950),
	(31118, 2, 73, 903795950),
	(31119, 2, 74, 903795950),
	(31120, 2, 75, 903795950),
	(31121, 2, 76, 903795950),
	(31122, 2, 77, 903795950),
	(31123, 2, 80, 903795950),
	(31124, 2, 9, 370723835),
	(31125, 2, 10, 370723835),
	(31126, 2, 11, 370723835),
	(31127, 2, 12, 370723835),
	(31128, 2, 13, 370723835),
	(31129, 2, 14, 370723835),
	(31130, 2, 15, 370723835),
	(31131, 2, 16, 370723835),
	(31132, 2, 19, 370723835),
	(31133, 2, 20, 370723835),
	(31134, 2, 22, 370723835),
	(31135, 2, 23, 370723835),
	(31136, 2, 24, 370723835),
	(31137, 2, 25, 370723835),
	(31138, 2, 26, 370723835),
	(31139, 2, 55, 370723835),
	(31140, 2, 72, 370723835),
	(31141, 2, 73, 370723835),
	(31142, 2, 74, 370723835),
	(31143, 2, 75, 370723835),
	(31144, 2, 76, 370723835),
	(31145, 2, 77, 370723835),
	(31146, 2, 80, 370723835),
	(31147, 2, 9, 344184862),
	(31148, 2, 10, 344184862),
	(31149, 2, 11, 344184862),
	(31150, 2, 12, 344184862),
	(31151, 2, 13, 344184862),
	(31152, 2, 14, 344184862),
	(31153, 2, 15, 344184862),
	(31154, 2, 16, 344184862),
	(31155, 2, 19, 344184862),
	(31156, 2, 20, 344184862),
	(31157, 2, 22, 344184862),
	(31158, 2, 23, 344184862),
	(31159, 2, 24, 344184862),
	(31160, 2, 25, 344184862),
	(31161, 2, 26, 344184862),
	(31162, 2, 55, 344184862),
	(31163, 2, 72, 344184862),
	(31164, 2, 73, 344184862),
	(31165, 2, 74, 344184862),
	(31166, 2, 75, 344184862),
	(31167, 2, 76, 344184862),
	(31168, 2, 77, 344184862),
	(31169, 2, 80, 344184862),
	(31170, 2, 9, 564447922),
	(31171, 2, 10, 564447922),
	(31172, 2, 11, 564447922),
	(31173, 2, 12, 564447922),
	(31174, 2, 13, 564447922),
	(31175, 2, 14, 564447922),
	(31176, 2, 15, 564447922),
	(31177, 2, 16, 564447922),
	(31178, 2, 19, 564447922),
	(31179, 2, 20, 564447922),
	(31180, 2, 22, 564447922),
	(31181, 2, 23, 564447922),
	(31182, 2, 24, 564447922),
	(31183, 2, 25, 564447922),
	(31184, 2, 26, 564447922),
	(31185, 2, 55, 564447922),
	(31186, 2, 72, 564447922),
	(31187, 2, 73, 564447922),
	(31188, 2, 74, 564447922),
	(31189, 2, 75, 564447922),
	(31190, 2, 76, 564447922),
	(31191, 2, 77, 564447922),
	(31192, 2, 80, 564447922),
	(31193, 2, 9, 155407313),
	(31194, 2, 10, 155407313),
	(31195, 2, 11, 155407313),
	(31196, 2, 12, 155407313),
	(31197, 2, 13, 155407313),
	(31198, 2, 14, 155407313),
	(31199, 2, 15, 155407313),
	(31200, 2, 16, 155407313),
	(31201, 2, 19, 155407313),
	(31202, 2, 20, 155407313),
	(31203, 2, 22, 155407313),
	(31204, 2, 23, 155407313),
	(31205, 2, 24, 155407313),
	(31206, 2, 25, 155407313),
	(31207, 2, 26, 155407313),
	(31208, 2, 55, 155407313),
	(31209, 2, 72, 155407313),
	(31210, 2, 73, 155407313),
	(31211, 2, 74, 155407313),
	(31212, 2, 75, 155407313),
	(31213, 2, 76, 155407313),
	(31214, 2, 77, 155407313),
	(31215, 2, 80, 155407313),
	(31216, 2, 9, 912254661),
	(31217, 2, 10, 912254661),
	(31218, 2, 11, 912254661),
	(31219, 2, 12, 912254661),
	(31220, 2, 13, 912254661),
	(31221, 2, 14, 912254661),
	(31222, 2, 15, 912254661),
	(31223, 2, 16, 912254661),
	(31224, 2, 19, 912254661),
	(31225, 2, 20, 912254661),
	(31226, 2, 22, 912254661),
	(31227, 2, 23, 912254661),
	(31228, 2, 24, 912254661),
	(31229, 2, 25, 912254661),
	(31230, 2, 26, 912254661),
	(31231, 2, 55, 912254661),
	(31232, 2, 72, 912254661),
	(31233, 2, 73, 912254661),
	(31234, 2, 74, 912254661),
	(31235, 2, 75, 912254661),
	(31236, 2, 76, 912254661),
	(31237, 2, 77, 912254661),
	(31238, 2, 80, 912254661),
	(31239, 2, 9, 409772293),
	(31240, 2, 10, 409772293),
	(31241, 2, 11, 409772293),
	(31242, 2, 12, 409772293),
	(31243, 2, 13, 409772293),
	(31244, 2, 14, 409772293),
	(31245, 2, 15, 409772293),
	(31246, 2, 16, 409772293),
	(31247, 2, 19, 409772293),
	(31248, 2, 20, 409772293),
	(31249, 2, 22, 409772293),
	(31250, 2, 23, 409772293),
	(31251, 2, 24, 409772293),
	(31252, 2, 25, 409772293),
	(31253, 2, 26, 409772293),
	(31254, 2, 55, 409772293),
	(31255, 2, 72, 409772293),
	(31256, 2, 73, 409772293),
	(31257, 2, 74, 409772293),
	(31258, 2, 75, 409772293),
	(31259, 2, 76, 409772293),
	(31260, 2, 77, 409772293),
	(31261, 2, 80, 409772293),
	(31262, 2, 9, 434518036),
	(31263, 2, 10, 434518036),
	(31264, 2, 11, 434518036),
	(31265, 2, 12, 434518036),
	(31266, 2, 13, 434518036),
	(31267, 2, 14, 434518036),
	(31268, 2, 15, 434518036),
	(31269, 2, 16, 434518036),
	(31270, 2, 19, 434518036),
	(31271, 2, 20, 434518036),
	(31272, 2, 22, 434518036),
	(31273, 2, 23, 434518036),
	(31274, 2, 24, 434518036),
	(31275, 2, 25, 434518036),
	(31276, 2, 26, 434518036),
	(31277, 2, 55, 434518036),
	(31278, 2, 72, 434518036),
	(31279, 2, 73, 434518036),
	(31280, 2, 74, 434518036),
	(31281, 2, 75, 434518036),
	(31282, 2, 76, 434518036),
	(31283, 2, 77, 434518036),
	(31284, 2, 80, 434518036),
	(31285, 2, 9, 626062445),
	(31286, 2, 10, 626062445),
	(31287, 2, 11, 626062445),
	(31288, 2, 12, 626062445),
	(31289, 2, 13, 626062445),
	(31290, 2, 14, 626062445),
	(31291, 2, 15, 626062445),
	(31292, 2, 16, 626062445),
	(31293, 2, 19, 626062445),
	(31294, 2, 20, 626062445),
	(31295, 2, 22, 626062445),
	(31296, 2, 23, 626062445),
	(31297, 2, 24, 626062445),
	(31298, 2, 25, 626062445),
	(31299, 2, 26, 626062445),
	(31300, 2, 55, 626062445),
	(31301, 2, 72, 626062445),
	(31302, 2, 73, 626062445),
	(31303, 2, 74, 626062445),
	(31304, 2, 75, 626062445),
	(31305, 2, 76, 626062445),
	(31306, 2, 77, 626062445),
	(31307, 2, 80, 626062445),
	(31308, 2, 9, 829381292),
	(31309, 2, 10, 829381292),
	(31310, 2, 11, 829381292),
	(31311, 2, 12, 829381292),
	(31312, 2, 13, 829381292),
	(31313, 2, 14, 829381292),
	(31314, 2, 15, 829381292),
	(31315, 2, 16, 829381292),
	(31316, 2, 19, 829381292),
	(31317, 2, 20, 829381292),
	(31318, 2, 22, 829381292),
	(31319, 2, 23, 829381292),
	(31320, 2, 24, 829381292),
	(31321, 2, 25, 829381292),
	(31322, 2, 26, 829381292),
	(31323, 2, 55, 829381292),
	(31324, 2, 72, 829381292),
	(31325, 2, 73, 829381292),
	(31326, 2, 74, 829381292),
	(31327, 2, 75, 829381292),
	(31328, 2, 76, 829381292),
	(31329, 2, 77, 829381292),
	(31330, 2, 80, 829381292),
	(31331, 2, 9, 585215620),
	(31332, 2, 10, 585215620),
	(31333, 2, 11, 585215620),
	(31334, 2, 12, 585215620),
	(31335, 2, 13, 585215620),
	(31336, 2, 14, 585215620),
	(31337, 2, 15, 585215620),
	(31338, 2, 16, 585215620),
	(31339, 2, 19, 585215620),
	(31340, 2, 20, 585215620),
	(31341, 2, 22, 585215620),
	(31342, 2, 23, 585215620),
	(31343, 2, 24, 585215620),
	(31344, 2, 25, 585215620),
	(31345, 2, 26, 585215620),
	(31346, 2, 55, 585215620),
	(31347, 2, 72, 585215620),
	(31348, 2, 73, 585215620),
	(31349, 2, 74, 585215620),
	(31350, 2, 75, 585215620),
	(31351, 2, 76, 585215620),
	(31352, 2, 77, 585215620),
	(31353, 2, 80, 585215620),
	(31354, 2, 9, 591476684),
	(31355, 2, 10, 591476684),
	(31356, 2, 11, 591476684),
	(31357, 2, 12, 591476684),
	(31358, 2, 13, 591476684),
	(31359, 2, 14, 591476684),
	(31360, 2, 15, 591476684),
	(31361, 2, 16, 591476684),
	(31362, 2, 19, 591476684),
	(31363, 2, 20, 591476684),
	(31364, 2, 22, 591476684),
	(31365, 2, 23, 591476684),
	(31366, 2, 24, 591476684),
	(31367, 2, 25, 591476684),
	(31368, 2, 26, 591476684),
	(31369, 2, 55, 591476684),
	(31370, 2, 72, 591476684),
	(31371, 2, 73, 591476684),
	(31372, 2, 74, 591476684),
	(31373, 2, 75, 591476684),
	(31374, 2, 76, 591476684),
	(31375, 2, 77, 591476684),
	(31376, 2, 80, 591476684),
	(31377, 2, 9, 456811054),
	(31378, 2, 10, 456811054),
	(31379, 2, 11, 456811054),
	(31380, 2, 12, 456811054),
	(31381, 2, 13, 456811054),
	(31382, 2, 14, 456811054),
	(31383, 2, 15, 456811054),
	(31384, 2, 16, 456811054),
	(31385, 2, 19, 456811054),
	(31386, 2, 20, 456811054),
	(31387, 2, 22, 456811054),
	(31388, 2, 23, 456811054),
	(31389, 2, 24, 456811054),
	(31390, 2, 25, 456811054),
	(31391, 2, 26, 456811054),
	(31392, 2, 55, 456811054),
	(31393, 2, 72, 456811054),
	(31394, 2, 73, 456811054),
	(31395, 2, 74, 456811054),
	(31396, 2, 75, 456811054),
	(31397, 2, 76, 456811054),
	(31398, 2, 77, 456811054),
	(31399, 2, 80, 456811054),
	(31400, 2, 9, 550442059),
	(31401, 2, 10, 550442059),
	(31402, 2, 11, 550442059),
	(31403, 2, 12, 550442059),
	(31404, 2, 13, 550442059),
	(31405, 2, 14, 550442059),
	(31406, 2, 15, 550442059),
	(31407, 2, 16, 550442059),
	(31408, 2, 19, 550442059),
	(31409, 2, 20, 550442059),
	(31410, 2, 22, 550442059),
	(31411, 2, 23, 550442059),
	(31412, 2, 24, 550442059),
	(31413, 2, 25, 550442059),
	(31414, 2, 26, 550442059),
	(31415, 2, 55, 550442059),
	(31416, 2, 72, 550442059),
	(31417, 2, 73, 550442059),
	(31418, 2, 74, 550442059),
	(31419, 2, 75, 550442059),
	(31420, 2, 76, 550442059),
	(31421, 2, 77, 550442059),
	(31422, 2, 80, 550442059),
	(31423, 2, 9, 422580329),
	(31424, 2, 10, 422580329),
	(31425, 2, 11, 422580329),
	(31426, 2, 12, 422580329),
	(31427, 2, 13, 422580329),
	(31428, 2, 14, 422580329),
	(31429, 2, 15, 422580329),
	(31430, 2, 16, 422580329),
	(31431, 2, 19, 422580329),
	(31432, 2, 20, 422580329),
	(31433, 2, 22, 422580329),
	(31434, 2, 23, 422580329),
	(31435, 2, 24, 422580329),
	(31436, 2, 25, 422580329),
	(31437, 2, 26, 422580329),
	(31438, 2, 55, 422580329),
	(31439, 2, 72, 422580329),
	(31440, 2, 73, 422580329),
	(31441, 2, 74, 422580329),
	(31442, 2, 75, 422580329),
	(31443, 2, 76, 422580329),
	(31444, 2, 77, 422580329),
	(31445, 2, 80, 422580329),
	(31446, 2, 9, 274577775),
	(31447, 2, 10, 274577775),
	(31448, 2, 11, 274577775),
	(31449, 2, 12, 274577775),
	(31450, 2, 13, 274577775),
	(31451, 2, 14, 274577775),
	(31452, 2, 15, 274577775),
	(31453, 2, 16, 274577775),
	(31454, 2, 19, 274577775),
	(31455, 2, 20, 274577775),
	(31456, 2, 22, 274577775),
	(31457, 2, 23, 274577775),
	(31458, 2, 24, 274577775),
	(31459, 2, 25, 274577775),
	(31460, 2, 26, 274577775),
	(31461, 2, 55, 274577775),
	(31462, 2, 72, 274577775),
	(31463, 2, 73, 274577775),
	(31464, 2, 74, 274577775),
	(31465, 2, 75, 274577775),
	(31466, 2, 76, 274577775),
	(31467, 2, 77, 274577775),
	(31468, 2, 80, 274577775),
	(31469, 2, 9, 762894197),
	(31470, 2, 10, 762894197),
	(31471, 2, 11, 762894197),
	(31472, 2, 12, 762894197),
	(31473, 2, 13, 762894197),
	(31474, 2, 14, 762894197),
	(31475, 2, 15, 762894197),
	(31476, 2, 16, 762894197),
	(31477, 2, 19, 762894197),
	(31478, 2, 20, 762894197),
	(31479, 2, 22, 762894197),
	(31480, 2, 23, 762894197),
	(31481, 2, 24, 762894197),
	(31482, 2, 25, 762894197),
	(31483, 2, 26, 762894197),
	(31484, 2, 55, 762894197),
	(31485, 2, 72, 762894197),
	(31486, 2, 73, 762894197),
	(31487, 2, 74, 762894197),
	(31488, 2, 75, 762894197),
	(31489, 2, 76, 762894197),
	(31490, 2, 77, 762894197),
	(31491, 2, 80, 762894197),
	(31492, 2, 9, 492380083),
	(31493, 2, 10, 492380083),
	(31494, 2, 11, 492380083),
	(31495, 2, 12, 492380083),
	(31496, 2, 13, 492380083),
	(31497, 2, 14, 492380083),
	(31498, 2, 15, 492380083),
	(31499, 2, 16, 492380083),
	(31500, 2, 19, 492380083),
	(31501, 2, 20, 492380083),
	(31502, 2, 22, 492380083),
	(31503, 2, 23, 492380083),
	(31504, 2, 24, 492380083),
	(31505, 2, 25, 492380083),
	(31506, 2, 26, 492380083),
	(31507, 2, 55, 492380083),
	(31508, 2, 72, 492380083),
	(31509, 2, 73, 492380083),
	(31510, 2, 74, 492380083),
	(31511, 2, 75, 492380083),
	(31512, 2, 76, 492380083),
	(31513, 2, 77, 492380083),
	(31514, 2, 80, 492380083),
	(31515, 2, 9, 473107403),
	(31516, 2, 10, 473107403),
	(31517, 2, 11, 473107403),
	(31518, 2, 12, 473107403),
	(31519, 2, 13, 473107403),
	(31520, 2, 14, 473107403),
	(31521, 2, 15, 473107403),
	(31522, 2, 16, 473107403),
	(31523, 2, 19, 473107403),
	(31524, 2, 20, 473107403),
	(31525, 2, 22, 473107403),
	(31526, 2, 23, 473107403),
	(31527, 2, 24, 473107403),
	(31528, 2, 25, 473107403),
	(31529, 2, 26, 473107403),
	(31530, 2, 55, 473107403),
	(31531, 2, 72, 473107403),
	(31532, 2, 73, 473107403),
	(31533, 2, 74, 473107403),
	(31534, 2, 75, 473107403),
	(31535, 2, 76, 473107403),
	(31536, 2, 77, 473107403),
	(31537, 2, 80, 473107403),
	(31538, 2, 9, 689375635),
	(31539, 2, 10, 689375635),
	(31540, 2, 11, 689375635),
	(31541, 2, 12, 689375635),
	(31542, 2, 13, 689375635),
	(31543, 2, 14, 689375635),
	(31544, 2, 15, 689375635),
	(31545, 2, 16, 689375635),
	(31546, 2, 19, 689375635),
	(31547, 2, 20, 689375635),
	(31548, 2, 22, 689375635),
	(31549, 2, 23, 689375635),
	(31550, 2, 24, 689375635),
	(31551, 2, 25, 689375635),
	(31552, 2, 26, 689375635),
	(31553, 2, 55, 689375635),
	(31554, 2, 72, 689375635),
	(31555, 2, 73, 689375635),
	(31556, 2, 74, 689375635),
	(31557, 2, 75, 689375635),
	(31558, 2, 76, 689375635),
	(31559, 2, 77, 689375635),
	(31560, 2, 80, 689375635),
	(31561, 2, 9, 904115887),
	(31562, 2, 10, 904115887),
	(31563, 2, 11, 904115887),
	(31564, 2, 12, 904115887),
	(31565, 2, 13, 904115887),
	(31566, 2, 14, 904115887),
	(31567, 2, 15, 904115887),
	(31568, 2, 16, 904115887),
	(31569, 2, 19, 904115887),
	(31570, 2, 20, 904115887),
	(31571, 2, 22, 904115887),
	(31572, 2, 23, 904115887),
	(31573, 2, 24, 904115887),
	(31574, 2, 25, 904115887),
	(31575, 2, 26, 904115887),
	(31576, 2, 55, 904115887),
	(31577, 2, 72, 904115887),
	(31578, 2, 73, 904115887),
	(31579, 2, 74, 904115887),
	(31580, 2, 75, 904115887),
	(31581, 2, 76, 904115887),
	(31582, 2, 77, 904115887),
	(31583, 2, 80, 904115887),
	(31584, 2, 9, 356459008),
	(31585, 2, 10, 356459008),
	(31586, 2, 11, 356459008),
	(31587, 2, 12, 356459008),
	(31588, 2, 13, 356459008),
	(31589, 2, 14, 356459008),
	(31590, 2, 15, 356459008),
	(31591, 2, 16, 356459008),
	(31592, 2, 19, 356459008),
	(31593, 2, 20, 356459008),
	(31594, 2, 22, 356459008),
	(31595, 2, 23, 356459008),
	(31596, 2, 24, 356459008),
	(31597, 2, 25, 356459008),
	(31598, 2, 26, 356459008),
	(31599, 2, 55, 356459008),
	(31600, 2, 72, 356459008),
	(31601, 2, 73, 356459008),
	(31602, 2, 74, 356459008),
	(31603, 2, 75, 356459008),
	(31604, 2, 76, 356459008),
	(31605, 2, 77, 356459008),
	(31606, 2, 80, 356459008),
	(31722, 2, 33, 832534762),
	(31723, 2, 34, 832534762),
	(31724, 2, 38, 832534762),
	(31725, 2, 40, 832534762),
	(31726, 2, 42, 832534762),
	(31727, 2, 44, 832534762),
	(31728, 2, 45, 832534762),
	(31729, 2, 47, 832534762),
	(31730, 2, 51, 832534762),
	(31731, 2, 52, 832534762),
	(31732, 2, 61, 832534762),
	(31733, 2, 62, 832534762),
	(31734, 2, 66, 832534762),
	(31735, 2, 67, 832534762),
	(31736, 2, 70, 832534762),
	(31737, 2, 71, 832534762),
	(31738, 2, 78, 832534762),
	(31739, 2, 81, 832534762),
	(31740, 2, 83, 832534762),
	(31741, 2, 84, 832534762),
	(31742, 2, 85, 832534762),
	(31743, 2, 88, 832534762),
	(31744, 2, 89, 832534762),
	(31745, 2, 131, 832534762),
	(31746, 2, 133, 832534762),
	(31747, 2, 33, 772485031),
	(31748, 2, 34, 772485031),
	(31749, 2, 38, 772485031),
	(31750, 2, 40, 772485031),
	(31751, 2, 42, 772485031),
	(31752, 2, 44, 772485031),
	(31753, 2, 45, 772485031),
	(31754, 2, 47, 772485031),
	(31755, 2, 51, 772485031),
	(31756, 2, 52, 772485031),
	(31757, 2, 61, 772485031),
	(31758, 2, 62, 772485031),
	(31759, 2, 66, 772485031),
	(31760, 2, 67, 772485031),
	(31761, 2, 70, 772485031),
	(31762, 2, 71, 772485031),
	(31763, 2, 78, 772485031),
	(31764, 2, 81, 772485031),
	(31765, 2, 83, 772485031),
	(31766, 2, 84, 772485031),
	(31767, 2, 85, 772485031),
	(31768, 2, 88, 772485031),
	(31769, 2, 89, 772485031),
	(31770, 2, 131, 772485031),
	(31771, 2, 133, 772485031),
	(31772, 2, 33, 152472717),
	(31773, 2, 34, 152472717),
	(31774, 2, 38, 152472717),
	(31775, 2, 40, 152472717),
	(31776, 2, 42, 152472717),
	(31777, 2, 44, 152472717),
	(31778, 2, 45, 152472717),
	(31779, 2, 47, 152472717),
	(31780, 2, 51, 152472717),
	(31781, 2, 52, 152472717),
	(31782, 2, 61, 152472717),
	(31783, 2, 62, 152472717),
	(31784, 2, 66, 152472717),
	(31785, 2, 67, 152472717),
	(31786, 2, 70, 152472717),
	(31787, 2, 71, 152472717),
	(31788, 2, 78, 152472717),
	(31789, 2, 81, 152472717),
	(31790, 2, 83, 152472717),
	(31791, 2, 84, 152472717),
	(31792, 2, 85, 152472717),
	(31793, 2, 88, 152472717),
	(31794, 2, 89, 152472717),
	(31795, 2, 131, 152472717),
	(31796, 2, 133, 152472717),
	(31797, 2, 33, 117577685),
	(31798, 2, 34, 117577685),
	(31799, 2, 38, 117577685),
	(31800, 2, 40, 117577685),
	(31801, 2, 42, 117577685),
	(31802, 2, 44, 117577685),
	(31803, 2, 45, 117577685),
	(31804, 2, 47, 117577685),
	(31805, 2, 51, 117577685),
	(31806, 2, 52, 117577685),
	(31807, 2, 61, 117577685),
	(31808, 2, 62, 117577685),
	(31809, 2, 66, 117577685),
	(31810, 2, 67, 117577685),
	(31811, 2, 70, 117577685),
	(31812, 2, 71, 117577685),
	(31813, 2, 78, 117577685),
	(31814, 2, 81, 117577685),
	(31815, 2, 83, 117577685),
	(31816, 2, 84, 117577685),
	(31817, 2, 85, 117577685),
	(31818, 2, 88, 117577685),
	(31819, 2, 89, 117577685),
	(31820, 2, 131, 117577685),
	(31821, 2, 133, 117577685),
	(31822, 2, 33, 278311906),
	(31823, 2, 34, 278311906),
	(31824, 2, 38, 278311906),
	(31825, 2, 40, 278311906),
	(31826, 2, 42, 278311906),
	(31827, 2, 44, 278311906),
	(31828, 2, 45, 278311906),
	(31829, 2, 47, 278311906),
	(31830, 2, 51, 278311906),
	(31831, 2, 52, 278311906),
	(31832, 2, 61, 278311906),
	(31833, 2, 62, 278311906),
	(31834, 2, 66, 278311906),
	(31835, 2, 67, 278311906),
	(31836, 2, 70, 278311906),
	(31837, 2, 71, 278311906),
	(31838, 2, 78, 278311906),
	(31839, 2, 81, 278311906),
	(31840, 2, 83, 278311906),
	(31841, 2, 84, 278311906),
	(31842, 2, 85, 278311906),
	(31843, 2, 88, 278311906),
	(31844, 2, 89, 278311906),
	(31845, 2, 131, 278311906),
	(31846, 2, 133, 278311906),
	(31847, 2, 33, 216651344),
	(31848, 2, 34, 216651344),
	(31849, 2, 38, 216651344),
	(31850, 2, 40, 216651344),
	(31851, 2, 42, 216651344),
	(31852, 2, 44, 216651344),
	(31853, 2, 45, 216651344),
	(31854, 2, 47, 216651344),
	(31855, 2, 51, 216651344),
	(31856, 2, 52, 216651344),
	(31857, 2, 61, 216651344),
	(31858, 2, 62, 216651344),
	(31859, 2, 66, 216651344),
	(31860, 2, 67, 216651344),
	(31861, 2, 70, 216651344),
	(31862, 2, 71, 216651344),
	(31863, 2, 78, 216651344),
	(31864, 2, 81, 216651344),
	(31865, 2, 83, 216651344),
	(31866, 2, 84, 216651344),
	(31867, 2, 85, 216651344),
	(31868, 2, 88, 216651344),
	(31869, 2, 89, 216651344),
	(31870, 2, 131, 216651344),
	(31871, 2, 133, 216651344),
	(31872, 2, 33, 812163252),
	(31873, 2, 34, 812163252),
	(31874, 2, 38, 812163252),
	(31875, 2, 40, 812163252),
	(31876, 2, 42, 812163252),
	(31877, 2, 44, 812163252),
	(31878, 2, 45, 812163252),
	(31879, 2, 47, 812163252),
	(31880, 2, 51, 812163252),
	(31881, 2, 52, 812163252),
	(31882, 2, 61, 812163252),
	(31883, 2, 62, 812163252),
	(31884, 2, 66, 812163252),
	(31885, 2, 67, 812163252),
	(31886, 2, 70, 812163252),
	(31887, 2, 71, 812163252),
	(31888, 2, 78, 812163252),
	(31889, 2, 81, 812163252),
	(31890, 2, 83, 812163252),
	(31891, 2, 84, 812163252),
	(31892, 2, 85, 812163252),
	(31893, 2, 88, 812163252),
	(31894, 2, 89, 812163252),
	(31895, 2, 131, 812163252),
	(31896, 2, 133, 812163252),
	(31897, 2, 33, 740850663),
	(31898, 2, 34, 740850663),
	(31899, 2, 38, 740850663),
	(31900, 2, 40, 740850663),
	(31901, 2, 42, 740850663),
	(31902, 2, 44, 740850663),
	(31903, 2, 45, 740850663),
	(31904, 2, 47, 740850663),
	(31905, 2, 51, 740850663),
	(31906, 2, 52, 740850663),
	(31907, 2, 61, 740850663),
	(31908, 2, 62, 740850663),
	(31909, 2, 66, 740850663),
	(31910, 2, 67, 740850663),
	(31911, 2, 70, 740850663),
	(31912, 2, 71, 740850663),
	(31913, 2, 78, 740850663),
	(31914, 2, 81, 740850663),
	(31915, 2, 83, 740850663),
	(31916, 2, 84, 740850663),
	(31917, 2, 85, 740850663),
	(31918, 2, 88, 740850663),
	(31919, 2, 89, 740850663),
	(31920, 2, 131, 740850663),
	(31921, 2, 133, 740850663),
	(31922, 2, 33, 852169390),
	(31923, 2, 34, 852169390),
	(31924, 2, 38, 852169390),
	(31925, 2, 40, 852169390),
	(31926, 2, 42, 852169390),
	(31927, 2, 44, 852169390),
	(31928, 2, 45, 852169390),
	(31929, 2, 47, 852169390),
	(31930, 2, 51, 852169390),
	(31931, 2, 52, 852169390),
	(31932, 2, 61, 852169390),
	(31933, 2, 62, 852169390),
	(31934, 2, 66, 852169390),
	(31935, 2, 67, 852169390),
	(31936, 2, 70, 852169390),
	(31937, 2, 71, 852169390),
	(31938, 2, 78, 852169390),
	(31939, 2, 81, 852169390),
	(31940, 2, 83, 852169390),
	(31941, 2, 84, 852169390),
	(31942, 2, 85, 852169390),
	(31943, 2, 88, 852169390),
	(31944, 2, 89, 852169390),
	(31945, 2, 131, 852169390),
	(31946, 2, 133, 852169390),
	(31947, 2, 33, 703567418),
	(31948, 2, 34, 703567418),
	(31949, 2, 38, 703567418),
	(31950, 2, 40, 703567418),
	(31951, 2, 42, 703567418),
	(31952, 2, 44, 703567418),
	(31953, 2, 45, 703567418),
	(31954, 2, 47, 703567418),
	(31955, 2, 51, 703567418),
	(31956, 2, 52, 703567418),
	(31957, 2, 61, 703567418),
	(31958, 2, 62, 703567418),
	(31959, 2, 66, 703567418),
	(31960, 2, 67, 703567418),
	(31961, 2, 70, 703567418),
	(31962, 2, 71, 703567418),
	(31963, 2, 78, 703567418),
	(31964, 2, 81, 703567418),
	(31965, 2, 83, 703567418),
	(31966, 2, 84, 703567418),
	(31967, 2, 85, 703567418),
	(31968, 2, 88, 703567418),
	(31969, 2, 89, 703567418),
	(31970, 2, 131, 703567418),
	(31971, 2, 133, 703567418),
	(31972, 2, 33, 682547600),
	(31973, 2, 34, 682547600),
	(31974, 2, 38, 682547600),
	(31975, 2, 40, 682547600),
	(31976, 2, 42, 682547600),
	(31977, 2, 44, 682547600),
	(31978, 2, 45, 682547600),
	(31979, 2, 47, 682547600),
	(31980, 2, 51, 682547600),
	(31981, 2, 52, 682547600),
	(31982, 2, 61, 682547600),
	(31983, 2, 62, 682547600),
	(31984, 2, 66, 682547600),
	(31985, 2, 67, 682547600),
	(31986, 2, 70, 682547600),
	(31987, 2, 71, 682547600),
	(31988, 2, 78, 682547600),
	(31989, 2, 81, 682547600),
	(31990, 2, 83, 682547600),
	(31991, 2, 84, 682547600),
	(31992, 2, 85, 682547600),
	(31993, 2, 88, 682547600),
	(31994, 2, 89, 682547600),
	(31995, 2, 131, 682547600),
	(31996, 2, 133, 682547600),
	(31997, 2, 33, 237200339),
	(31998, 2, 34, 237200339),
	(31999, 2, 38, 237200339),
	(32000, 2, 40, 237200339),
	(32001, 2, 42, 237200339),
	(32002, 2, 44, 237200339),
	(32003, 2, 45, 237200339),
	(32004, 2, 47, 237200339),
	(32005, 2, 51, 237200339),
	(32006, 2, 52, 237200339),
	(32007, 2, 61, 237200339),
	(32008, 2, 62, 237200339),
	(32009, 2, 66, 237200339),
	(32010, 2, 67, 237200339),
	(32011, 2, 70, 237200339),
	(32012, 2, 71, 237200339),
	(32013, 2, 78, 237200339),
	(32014, 2, 81, 237200339),
	(32015, 2, 83, 237200339),
	(32016, 2, 84, 237200339),
	(32017, 2, 85, 237200339),
	(32018, 2, 88, 237200339),
	(32019, 2, 89, 237200339),
	(32020, 2, 131, 237200339),
	(32021, 2, 133, 237200339),
	(32022, 2, 33, 432204877),
	(32023, 2, 34, 432204877),
	(32024, 2, 38, 432204877),
	(32025, 2, 40, 432204877),
	(32026, 2, 42, 432204877),
	(32027, 2, 44, 432204877),
	(32028, 2, 45, 432204877),
	(32029, 2, 47, 432204877),
	(32030, 2, 51, 432204877),
	(32031, 2, 52, 432204877),
	(32032, 2, 61, 432204877),
	(32033, 2, 62, 432204877),
	(32034, 2, 66, 432204877),
	(32035, 2, 67, 432204877),
	(32036, 2, 70, 432204877),
	(32037, 2, 71, 432204877),
	(32038, 2, 78, 432204877),
	(32039, 2, 81, 432204877),
	(32040, 2, 83, 432204877),
	(32041, 2, 84, 432204877),
	(32042, 2, 85, 432204877),
	(32043, 2, 88, 432204877),
	(32044, 2, 89, 432204877),
	(32045, 2, 131, 432204877),
	(32046, 2, 133, 432204877),
	(32047, 2, 33, 931094546),
	(32048, 2, 34, 931094546),
	(32049, 2, 38, 931094546),
	(32050, 2, 40, 931094546),
	(32051, 2, 42, 931094546),
	(32052, 2, 44, 931094546),
	(32053, 2, 45, 931094546),
	(32054, 2, 47, 931094546),
	(32055, 2, 51, 931094546),
	(32056, 2, 52, 931094546),
	(32057, 2, 61, 931094546),
	(32058, 2, 62, 931094546),
	(32059, 2, 66, 931094546),
	(32060, 2, 67, 931094546),
	(32061, 2, 70, 931094546),
	(32062, 2, 71, 931094546),
	(32063, 2, 78, 931094546),
	(32064, 2, 81, 931094546),
	(32065, 2, 83, 931094546),
	(32066, 2, 84, 931094546),
	(32067, 2, 85, 931094546),
	(32068, 2, 88, 931094546),
	(32069, 2, 89, 931094546),
	(32070, 2, 131, 931094546),
	(32071, 2, 133, 931094546),
	(32072, 2, 33, 654583411),
	(32073, 2, 34, 654583411),
	(32074, 2, 38, 654583411),
	(32075, 2, 40, 654583411),
	(32076, 2, 42, 654583411),
	(32077, 2, 44, 654583411),
	(32078, 2, 45, 654583411),
	(32079, 2, 47, 654583411),
	(32080, 2, 51, 654583411),
	(32081, 2, 52, 654583411),
	(32082, 2, 61, 654583411),
	(32083, 2, 62, 654583411),
	(32084, 2, 66, 654583411),
	(32085, 2, 67, 654583411),
	(32086, 2, 70, 654583411),
	(32087, 2, 71, 654583411),
	(32088, 2, 78, 654583411),
	(32089, 2, 81, 654583411),
	(32090, 2, 83, 654583411),
	(32091, 2, 84, 654583411),
	(32092, 2, 85, 654583411),
	(32093, 2, 88, 654583411),
	(32094, 2, 89, 654583411),
	(32095, 2, 131, 654583411),
	(32096, 2, 133, 654583411),
	(32097, 2, 33, 352549313),
	(32098, 2, 34, 352549313),
	(32099, 2, 38, 352549313),
	(32100, 2, 40, 352549313),
	(32101, 2, 42, 352549313),
	(32102, 2, 44, 352549313),
	(32103, 2, 45, 352549313),
	(32104, 2, 47, 352549313),
	(32105, 2, 51, 352549313),
	(32106, 2, 52, 352549313),
	(32107, 2, 61, 352549313),
	(32108, 2, 62, 352549313),
	(32109, 2, 66, 352549313),
	(32110, 2, 67, 352549313),
	(32111, 2, 70, 352549313),
	(32112, 2, 71, 352549313),
	(32113, 2, 78, 352549313),
	(32114, 2, 81, 352549313),
	(32115, 2, 83, 352549313),
	(32116, 2, 84, 352549313),
	(32117, 2, 85, 352549313),
	(32118, 2, 88, 352549313),
	(32119, 2, 89, 352549313),
	(32120, 2, 131, 352549313),
	(32121, 2, 133, 352549313),
	(32122, 2, 33, 785900323),
	(32123, 2, 34, 785900323),
	(32124, 2, 38, 785900323),
	(32125, 2, 40, 785900323),
	(32126, 2, 42, 785900323),
	(32127, 2, 44, 785900323),
	(32128, 2, 45, 785900323),
	(32129, 2, 47, 785900323),
	(32130, 2, 51, 785900323),
	(32131, 2, 52, 785900323),
	(32132, 2, 61, 785900323),
	(32133, 2, 62, 785900323),
	(32134, 2, 66, 785900323),
	(32135, 2, 67, 785900323),
	(32136, 2, 70, 785900323),
	(32137, 2, 71, 785900323),
	(32138, 2, 78, 785900323),
	(32139, 2, 81, 785900323),
	(32140, 2, 83, 785900323),
	(32141, 2, 84, 785900323),
	(32142, 2, 85, 785900323),
	(32143, 2, 88, 785900323),
	(32144, 2, 89, 785900323),
	(32145, 2, 131, 785900323),
	(32146, 2, 133, 785900323),
	(32147, 2, 33, 264354363),
	(32148, 2, 34, 264354363),
	(32149, 2, 38, 264354363),
	(32150, 2, 40, 264354363),
	(32151, 2, 42, 264354363),
	(32152, 2, 44, 264354363),
	(32153, 2, 45, 264354363),
	(32154, 2, 47, 264354363),
	(32155, 2, 51, 264354363),
	(32156, 2, 52, 264354363),
	(32157, 2, 61, 264354363),
	(32158, 2, 62, 264354363),
	(32159, 2, 66, 264354363),
	(32160, 2, 67, 264354363),
	(32161, 2, 70, 264354363),
	(32162, 2, 71, 264354363),
	(32163, 2, 78, 264354363),
	(32164, 2, 81, 264354363),
	(32165, 2, 83, 264354363),
	(32166, 2, 84, 264354363),
	(32167, 2, 85, 264354363),
	(32168, 2, 88, 264354363),
	(32169, 2, 89, 264354363),
	(32170, 2, 131, 264354363),
	(32171, 2, 133, 264354363),
	(32172, 2, 33, 948205736),
	(32173, 2, 34, 948205736),
	(32174, 2, 38, 948205736),
	(32175, 2, 40, 948205736),
	(32176, 2, 42, 948205736),
	(32177, 2, 44, 948205736),
	(32178, 2, 45, 948205736),
	(32179, 2, 47, 948205736),
	(32180, 2, 51, 948205736),
	(32181, 2, 52, 948205736),
	(32182, 2, 61, 948205736),
	(32183, 2, 62, 948205736),
	(32184, 2, 66, 948205736),
	(32185, 2, 67, 948205736),
	(32186, 2, 70, 948205736),
	(32187, 2, 71, 948205736),
	(32188, 2, 78, 948205736),
	(32189, 2, 81, 948205736),
	(32190, 2, 83, 948205736),
	(32191, 2, 84, 948205736),
	(32192, 2, 85, 948205736),
	(32193, 2, 88, 948205736),
	(32194, 2, 89, 948205736),
	(32195, 2, 131, 948205736),
	(32196, 2, 133, 948205736),
	(32197, 2, 33, 224928372),
	(32198, 2, 34, 224928372),
	(32199, 2, 38, 224928372),
	(32200, 2, 40, 224928372),
	(32201, 2, 42, 224928372),
	(32202, 2, 44, 224928372),
	(32203, 2, 45, 224928372),
	(32204, 2, 47, 224928372),
	(32205, 2, 51, 224928372),
	(32206, 2, 52, 224928372),
	(32207, 2, 61, 224928372),
	(32208, 2, 62, 224928372),
	(32209, 2, 66, 224928372),
	(32210, 2, 67, 224928372),
	(32211, 2, 70, 224928372),
	(32212, 2, 71, 224928372),
	(32213, 2, 78, 224928372),
	(32214, 2, 81, 224928372),
	(32215, 2, 83, 224928372),
	(32216, 2, 84, 224928372),
	(32217, 2, 85, 224928372),
	(32218, 2, 88, 224928372),
	(32219, 2, 89, 224928372),
	(32220, 2, 131, 224928372),
	(32221, 2, 133, 224928372),
	(32222, 2, 33, 176642555),
	(32223, 2, 34, 176642555),
	(32224, 2, 38, 176642555),
	(32225, 2, 40, 176642555),
	(32226, 2, 42, 176642555),
	(32227, 2, 44, 176642555),
	(32228, 2, 45, 176642555),
	(32229, 2, 47, 176642555),
	(32230, 2, 51, 176642555),
	(32231, 2, 52, 176642555),
	(32232, 2, 61, 176642555),
	(32233, 2, 62, 176642555),
	(32234, 2, 66, 176642555),
	(32235, 2, 67, 176642555),
	(32236, 2, 70, 176642555),
	(32237, 2, 71, 176642555),
	(32238, 2, 78, 176642555),
	(32239, 2, 81, 176642555),
	(32240, 2, 83, 176642555),
	(32241, 2, 84, 176642555),
	(32242, 2, 85, 176642555),
	(32243, 2, 88, 176642555),
	(32244, 2, 89, 176642555),
	(32245, 2, 131, 176642555),
	(32246, 2, 133, 176642555),
	(32247, 2, 33, 360603123),
	(32248, 2, 34, 360603123),
	(32249, 2, 38, 360603123),
	(32250, 2, 40, 360603123),
	(32251, 2, 42, 360603123),
	(32252, 2, 44, 360603123),
	(32253, 2, 45, 360603123),
	(32254, 2, 47, 360603123),
	(32255, 2, 51, 360603123),
	(32256, 2, 52, 360603123),
	(32257, 2, 61, 360603123),
	(32258, 2, 62, 360603123),
	(32259, 2, 66, 360603123),
	(32260, 2, 67, 360603123),
	(32261, 2, 70, 360603123),
	(32262, 2, 71, 360603123),
	(32263, 2, 78, 360603123),
	(32264, 2, 81, 360603123),
	(32265, 2, 83, 360603123),
	(32266, 2, 84, 360603123),
	(32267, 2, 85, 360603123),
	(32268, 2, 88, 360603123),
	(32269, 2, 89, 360603123),
	(32270, 2, 131, 360603123),
	(32271, 2, 133, 360603123),
	(32272, 2, 33, 482871634),
	(32273, 2, 34, 482871634),
	(32274, 2, 38, 482871634),
	(32275, 2, 40, 482871634),
	(32276, 2, 42, 482871634),
	(32277, 2, 44, 482871634),
	(32278, 2, 45, 482871634),
	(32279, 2, 47, 482871634),
	(32280, 2, 51, 482871634),
	(32281, 2, 52, 482871634),
	(32282, 2, 61, 482871634),
	(32283, 2, 62, 482871634),
	(32284, 2, 66, 482871634),
	(32285, 2, 67, 482871634),
	(32286, 2, 70, 482871634),
	(32287, 2, 71, 482871634),
	(32288, 2, 78, 482871634),
	(32289, 2, 81, 482871634),
	(32290, 2, 83, 482871634),
	(32291, 2, 84, 482871634),
	(32292, 2, 85, 482871634),
	(32293, 2, 88, 482871634),
	(32294, 2, 89, 482871634),
	(32295, 2, 131, 482871634),
	(32296, 2, 133, 482871634),
	(32297, 2, 33, 161032341),
	(32298, 2, 34, 161032341),
	(32299, 2, 38, 161032341),
	(32300, 2, 40, 161032341),
	(32301, 2, 42, 161032341),
	(32302, 2, 44, 161032341),
	(32303, 2, 45, 161032341),
	(32304, 2, 47, 161032341),
	(32305, 2, 51, 161032341),
	(32306, 2, 52, 161032341),
	(32307, 2, 61, 161032341),
	(32308, 2, 62, 161032341),
	(32309, 2, 66, 161032341),
	(32310, 2, 67, 161032341),
	(32311, 2, 70, 161032341),
	(32312, 2, 71, 161032341),
	(32313, 2, 78, 161032341),
	(32314, 2, 81, 161032341),
	(32315, 2, 83, 161032341),
	(32316, 2, 84, 161032341),
	(32317, 2, 85, 161032341),
	(32318, 2, 88, 161032341),
	(32319, 2, 89, 161032341),
	(32320, 2, 131, 161032341),
	(32321, 2, 133, 161032341),
	(32322, 2, 33, 957725605),
	(32323, 2, 34, 957725605),
	(32324, 2, 38, 957725605),
	(32325, 2, 40, 957725605),
	(32326, 2, 42, 957725605),
	(32327, 2, 44, 957725605),
	(32328, 2, 45, 957725605),
	(32329, 2, 47, 957725605),
	(32330, 2, 51, 957725605),
	(32331, 2, 52, 957725605),
	(32332, 2, 61, 957725605),
	(32333, 2, 62, 957725605),
	(32334, 2, 66, 957725605),
	(32335, 2, 67, 957725605),
	(32336, 2, 70, 957725605),
	(32337, 2, 71, 957725605),
	(32338, 2, 78, 957725605),
	(32339, 2, 81, 957725605),
	(32340, 2, 83, 957725605),
	(32341, 2, 84, 957725605),
	(32342, 2, 85, 957725605),
	(32343, 2, 88, 957725605),
	(32344, 2, 89, 957725605),
	(32345, 2, 131, 957725605),
	(32346, 2, 133, 957725605),
	(32347, 2, 33, 240158606),
	(32348, 2, 34, 240158606),
	(32349, 2, 38, 240158606),
	(32350, 2, 40, 240158606),
	(32351, 2, 42, 240158606),
	(32352, 2, 44, 240158606),
	(32353, 2, 45, 240158606),
	(32354, 2, 47, 240158606),
	(32355, 2, 51, 240158606),
	(32356, 2, 52, 240158606),
	(32357, 2, 61, 240158606),
	(32358, 2, 62, 240158606),
	(32359, 2, 66, 240158606),
	(32360, 2, 67, 240158606),
	(32361, 2, 70, 240158606),
	(32362, 2, 71, 240158606),
	(32363, 2, 78, 240158606),
	(32364, 2, 81, 240158606),
	(32365, 2, 83, 240158606),
	(32366, 2, 84, 240158606),
	(32367, 2, 85, 240158606),
	(32368, 2, 88, 240158606),
	(32369, 2, 89, 240158606),
	(32370, 2, 131, 240158606),
	(32371, 2, 133, 240158606),
	(32372, 2, 33, 910091365),
	(32373, 2, 34, 910091365),
	(32374, 2, 38, 910091365),
	(32375, 2, 40, 910091365),
	(32376, 2, 42, 910091365),
	(32377, 2, 44, 910091365),
	(32378, 2, 45, 910091365),
	(32379, 2, 47, 910091365),
	(32380, 2, 51, 910091365),
	(32381, 2, 52, 910091365),
	(32382, 2, 61, 910091365),
	(32383, 2, 62, 910091365),
	(32384, 2, 66, 910091365),
	(32385, 2, 67, 910091365),
	(32386, 2, 70, 910091365),
	(32387, 2, 71, 910091365),
	(32388, 2, 78, 910091365),
	(32389, 2, 81, 910091365),
	(32390, 2, 83, 910091365),
	(32391, 2, 84, 910091365),
	(32392, 2, 85, 910091365),
	(32393, 2, 88, 910091365),
	(32394, 2, 89, 910091365),
	(32395, 2, 131, 910091365),
	(32396, 2, 133, 910091365),
	(32397, 2, 33, 434296921),
	(32398, 2, 34, 434296921),
	(32399, 2, 38, 434296921),
	(32400, 2, 40, 434296921),
	(32401, 2, 42, 434296921),
	(32402, 2, 44, 434296921),
	(32403, 2, 45, 434296921),
	(32404, 2, 47, 434296921),
	(32405, 2, 51, 434296921),
	(32406, 2, 52, 434296921),
	(32407, 2, 61, 434296921),
	(32408, 2, 62, 434296921),
	(32409, 2, 66, 434296921),
	(32410, 2, 67, 434296921),
	(32411, 2, 70, 434296921),
	(32412, 2, 71, 434296921),
	(32413, 2, 78, 434296921),
	(32414, 2, 81, 434296921),
	(32415, 2, 83, 434296921),
	(32416, 2, 84, 434296921),
	(32417, 2, 85, 434296921),
	(32418, 2, 88, 434296921),
	(32419, 2, 89, 434296921),
	(32420, 2, 131, 434296921),
	(32421, 2, 133, 434296921),
	(32422, 2, 33, 415169544),
	(32423, 2, 34, 415169544),
	(32424, 2, 38, 415169544),
	(32425, 2, 40, 415169544),
	(32426, 2, 42, 415169544),
	(32427, 2, 44, 415169544),
	(32428, 2, 45, 415169544),
	(32429, 2, 47, 415169544),
	(32430, 2, 51, 415169544),
	(32431, 2, 52, 415169544),
	(32432, 2, 61, 415169544),
	(32433, 2, 62, 415169544),
	(32434, 2, 66, 415169544),
	(32435, 2, 67, 415169544),
	(32436, 2, 70, 415169544),
	(32437, 2, 71, 415169544),
	(32438, 2, 78, 415169544),
	(32439, 2, 81, 415169544),
	(32440, 2, 83, 415169544),
	(32441, 2, 84, 415169544),
	(32442, 2, 85, 415169544),
	(32443, 2, 88, 415169544),
	(32444, 2, 89, 415169544),
	(32445, 2, 131, 415169544),
	(32446, 2, 133, 415169544),
	(32447, 2, 33, 203678439),
	(32448, 2, 34, 203678439),
	(32449, 2, 38, 203678439),
	(32450, 2, 40, 203678439),
	(32451, 2, 42, 203678439),
	(32452, 2, 44, 203678439),
	(32453, 2, 45, 203678439),
	(32454, 2, 47, 203678439),
	(32455, 2, 51, 203678439),
	(32456, 2, 52, 203678439),
	(32457, 2, 61, 203678439),
	(32458, 2, 62, 203678439),
	(32459, 2, 66, 203678439),
	(32460, 2, 67, 203678439),
	(32461, 2, 70, 203678439),
	(32462, 2, 71, 203678439),
	(32463, 2, 78, 203678439),
	(32464, 2, 81, 203678439),
	(32465, 2, 83, 203678439),
	(32466, 2, 84, 203678439),
	(32467, 2, 85, 203678439),
	(32468, 2, 88, 203678439),
	(32469, 2, 89, 203678439),
	(32470, 2, 131, 203678439),
	(32471, 2, 133, 203678439),
	(32472, 2, 32, 617868471),
	(32473, 2, 33, 617868471),
	(32474, 2, 34, 617868471),
	(32475, 2, 38, 617868471),
	(32476, 2, 40, 617868471),
	(32477, 2, 42, 617868471),
	(32478, 2, 44, 617868471),
	(32479, 2, 45, 617868471),
	(32480, 2, 47, 617868471),
	(32481, 2, 51, 617868471),
	(32482, 2, 52, 617868471),
	(32483, 2, 61, 617868471),
	(32484, 2, 62, 617868471),
	(32485, 2, 66, 617868471),
	(32486, 2, 70, 617868471),
	(32487, 2, 96, 617868471),
	(32488, 2, 102, 617868471),
	(32489, 2, 104, 617868471),
	(32490, 2, 105, 617868471),
	(32491, 2, 106, 617868471),
	(32492, 2, 107, 617868471),
	(32493, 2, 108, 617868471),
	(32494, 2, 109, 617868471),
	(32495, 2, 32, 888472133),
	(32496, 2, 33, 888472133),
	(32497, 2, 34, 888472133),
	(32498, 2, 38, 888472133),
	(32499, 2, 40, 888472133),
	(32500, 2, 42, 888472133),
	(32501, 2, 44, 888472133),
	(32502, 2, 45, 888472133),
	(32503, 2, 47, 888472133),
	(32504, 2, 51, 888472133),
	(32505, 2, 52, 888472133),
	(32506, 2, 61, 888472133),
	(32507, 2, 62, 888472133),
	(32508, 2, 66, 888472133),
	(32509, 2, 70, 888472133),
	(32510, 2, 96, 888472133),
	(32511, 2, 102, 888472133),
	(32512, 2, 104, 888472133),
	(32513, 2, 105, 888472133),
	(32514, 2, 106, 888472133),
	(32515, 2, 107, 888472133),
	(32516, 2, 108, 888472133),
	(32517, 2, 109, 888472133),
	(32518, 2, 32, 635826424),
	(32519, 2, 33, 635826424),
	(32520, 2, 34, 635826424),
	(32521, 2, 38, 635826424),
	(32522, 2, 40, 635826424),
	(32523, 2, 42, 635826424),
	(32524, 2, 44, 635826424),
	(32525, 2, 45, 635826424),
	(32526, 2, 47, 635826424),
	(32527, 2, 51, 635826424),
	(32528, 2, 52, 635826424),
	(32529, 2, 61, 635826424),
	(32530, 2, 62, 635826424),
	(32531, 2, 66, 635826424),
	(32532, 2, 70, 635826424),
	(32533, 2, 96, 635826424),
	(32534, 2, 102, 635826424),
	(32535, 2, 104, 635826424),
	(32536, 2, 105, 635826424),
	(32537, 2, 106, 635826424),
	(32538, 2, 107, 635826424),
	(32539, 2, 108, 635826424),
	(32540, 2, 109, 635826424),
	(32541, 2, 32, 474721732),
	(32542, 2, 33, 474721732),
	(32543, 2, 34, 474721732),
	(32544, 2, 38, 474721732),
	(32545, 2, 40, 474721732),
	(32546, 2, 42, 474721732),
	(32547, 2, 44, 474721732),
	(32548, 2, 45, 474721732),
	(32549, 2, 47, 474721732),
	(32550, 2, 51, 474721732),
	(32551, 2, 52, 474721732),
	(32552, 2, 61, 474721732),
	(32553, 2, 62, 474721732),
	(32554, 2, 66, 474721732),
	(32555, 2, 70, 474721732),
	(32556, 2, 96, 474721732),
	(32557, 2, 102, 474721732),
	(32558, 2, 104, 474721732),
	(32559, 2, 105, 474721732),
	(32560, 2, 106, 474721732),
	(32561, 2, 107, 474721732),
	(32562, 2, 108, 474721732),
	(32563, 2, 109, 474721732),
	(32564, 2, 32, 316555751),
	(32565, 2, 33, 316555751),
	(32566, 2, 34, 316555751),
	(32567, 2, 38, 316555751),
	(32568, 2, 40, 316555751),
	(32569, 2, 42, 316555751),
	(32570, 2, 44, 316555751),
	(32571, 2, 45, 316555751),
	(32572, 2, 47, 316555751),
	(32573, 2, 51, 316555751),
	(32574, 2, 52, 316555751),
	(32575, 2, 61, 316555751),
	(32576, 2, 62, 316555751),
	(32577, 2, 66, 316555751),
	(32578, 2, 70, 316555751),
	(32579, 2, 96, 316555751),
	(32580, 2, 102, 316555751),
	(32581, 2, 104, 316555751),
	(32582, 2, 105, 316555751),
	(32583, 2, 106, 316555751),
	(32584, 2, 107, 316555751),
	(32585, 2, 108, 316555751),
	(32586, 2, 109, 316555751),
	(32587, 2, 32, 997686718),
	(32588, 2, 33, 997686718),
	(32589, 2, 34, 997686718),
	(32590, 2, 38, 997686718),
	(32591, 2, 40, 997686718),
	(32592, 2, 42, 997686718),
	(32593, 2, 44, 997686718),
	(32594, 2, 45, 997686718),
	(32595, 2, 47, 997686718),
	(32596, 2, 51, 997686718),
	(32597, 2, 52, 997686718),
	(32598, 2, 61, 997686718),
	(32599, 2, 62, 997686718),
	(32600, 2, 66, 997686718),
	(32601, 2, 70, 997686718),
	(32602, 2, 96, 997686718),
	(32603, 2, 102, 997686718),
	(32604, 2, 104, 997686718),
	(32605, 2, 105, 997686718),
	(32606, 2, 106, 997686718),
	(32607, 2, 107, 997686718),
	(32608, 2, 108, 997686718),
	(32609, 2, 109, 997686718),
	(32610, 2, 32, 633981816),
	(32611, 2, 33, 633981816),
	(32612, 2, 34, 633981816),
	(32613, 2, 38, 633981816),
	(32614, 2, 40, 633981816),
	(32615, 2, 42, 633981816),
	(32616, 2, 44, 633981816),
	(32617, 2, 45, 633981816),
	(32618, 2, 47, 633981816),
	(32619, 2, 51, 633981816),
	(32620, 2, 52, 633981816),
	(32621, 2, 61, 633981816),
	(32622, 2, 62, 633981816),
	(32623, 2, 66, 633981816),
	(32624, 2, 70, 633981816),
	(32625, 2, 96, 633981816),
	(32626, 2, 102, 633981816),
	(32627, 2, 104, 633981816),
	(32628, 2, 105, 633981816),
	(32629, 2, 106, 633981816),
	(32630, 2, 107, 633981816),
	(32631, 2, 108, 633981816),
	(32632, 2, 109, 633981816),
	(32633, 2, 32, 966514843),
	(32634, 2, 33, 966514843),
	(32635, 2, 34, 966514843),
	(32636, 2, 38, 966514843),
	(32637, 2, 40, 966514843),
	(32638, 2, 42, 966514843),
	(32639, 2, 44, 966514843),
	(32640, 2, 45, 966514843),
	(32641, 2, 47, 966514843),
	(32642, 2, 51, 966514843),
	(32643, 2, 52, 966514843),
	(32644, 2, 61, 966514843),
	(32645, 2, 62, 966514843),
	(32646, 2, 66, 966514843),
	(32647, 2, 70, 966514843),
	(32648, 2, 96, 966514843),
	(32649, 2, 102, 966514843),
	(32650, 2, 104, 966514843),
	(32651, 2, 105, 966514843),
	(32652, 2, 106, 966514843),
	(32653, 2, 107, 966514843),
	(32654, 2, 108, 966514843),
	(32655, 2, 109, 966514843),
	(32656, 2, 32, 875024790),
	(32657, 2, 33, 875024790),
	(32658, 2, 34, 875024790),
	(32659, 2, 38, 875024790),
	(32660, 2, 40, 875024790),
	(32661, 2, 42, 875024790),
	(32662, 2, 44, 875024790),
	(32663, 2, 45, 875024790),
	(32664, 2, 47, 875024790),
	(32665, 2, 51, 875024790),
	(32666, 2, 52, 875024790),
	(32667, 2, 61, 875024790),
	(32668, 2, 62, 875024790),
	(32669, 2, 66, 875024790),
	(32670, 2, 70, 875024790),
	(32671, 2, 96, 875024790),
	(32672, 2, 102, 875024790),
	(32673, 2, 104, 875024790),
	(32674, 2, 105, 875024790),
	(32675, 2, 106, 875024790),
	(32676, 2, 107, 875024790),
	(32677, 2, 108, 875024790),
	(32678, 2, 109, 875024790),
	(32679, 2, 32, 178422343),
	(32680, 2, 33, 178422343),
	(32681, 2, 34, 178422343),
	(32682, 2, 38, 178422343),
	(32683, 2, 40, 178422343),
	(32684, 2, 42, 178422343),
	(32685, 2, 44, 178422343),
	(32686, 2, 45, 178422343),
	(32687, 2, 47, 178422343),
	(32688, 2, 51, 178422343),
	(32689, 2, 52, 178422343),
	(32690, 2, 61, 178422343),
	(32691, 2, 62, 178422343),
	(32692, 2, 66, 178422343),
	(32693, 2, 70, 178422343),
	(32694, 2, 96, 178422343),
	(32695, 2, 102, 178422343),
	(32696, 2, 104, 178422343),
	(32697, 2, 105, 178422343),
	(32698, 2, 106, 178422343),
	(32699, 2, 107, 178422343),
	(32700, 2, 108, 178422343),
	(32701, 2, 109, 178422343),
	(32702, 2, 32, 555797311),
	(32703, 2, 33, 555797311),
	(32704, 2, 34, 555797311),
	(32705, 2, 38, 555797311),
	(32706, 2, 40, 555797311),
	(32707, 2, 42, 555797311),
	(32708, 2, 44, 555797311),
	(32709, 2, 45, 555797311),
	(32710, 2, 47, 555797311),
	(32711, 2, 51, 555797311),
	(32712, 2, 52, 555797311),
	(32713, 2, 61, 555797311),
	(32714, 2, 62, 555797311),
	(32715, 2, 66, 555797311),
	(32716, 2, 70, 555797311),
	(32717, 2, 96, 555797311),
	(32718, 2, 102, 555797311),
	(32719, 2, 104, 555797311),
	(32720, 2, 105, 555797311),
	(32721, 2, 106, 555797311),
	(32722, 2, 107, 555797311),
	(32723, 2, 108, 555797311),
	(32724, 2, 109, 555797311),
	(32725, 2, 32, 880063697),
	(32726, 2, 33, 880063697),
	(32727, 2, 34, 880063697),
	(32728, 2, 38, 880063697),
	(32729, 2, 40, 880063697),
	(32730, 2, 42, 880063697),
	(32731, 2, 44, 880063697),
	(32732, 2, 45, 880063697),
	(32733, 2, 47, 880063697),
	(32734, 2, 51, 880063697),
	(32735, 2, 52, 880063697),
	(32736, 2, 61, 880063697),
	(32737, 2, 62, 880063697),
	(32738, 2, 66, 880063697),
	(32739, 2, 70, 880063697),
	(32740, 2, 96, 880063697),
	(32741, 2, 102, 880063697),
	(32742, 2, 104, 880063697),
	(32743, 2, 105, 880063697),
	(32744, 2, 106, 880063697),
	(32745, 2, 107, 880063697),
	(32746, 2, 108, 880063697),
	(32747, 2, 109, 880063697),
	(32748, 2, 32, 966320919),
	(32749, 2, 33, 966320919),
	(32750, 2, 34, 966320919),
	(32751, 2, 38, 966320919),
	(32752, 2, 40, 966320919),
	(32753, 2, 42, 966320919),
	(32754, 2, 44, 966320919),
	(32755, 2, 45, 966320919),
	(32756, 2, 47, 966320919),
	(32757, 2, 51, 966320919),
	(32758, 2, 52, 966320919),
	(32759, 2, 61, 966320919),
	(32760, 2, 62, 966320919),
	(32761, 2, 66, 966320919),
	(32762, 2, 70, 966320919),
	(32763, 2, 96, 966320919),
	(32764, 2, 102, 966320919),
	(32765, 2, 104, 966320919),
	(32766, 2, 105, 966320919),
	(32767, 2, 106, 966320919),
	(32768, 2, 107, 966320919),
	(32769, 2, 108, 966320919),
	(32770, 2, 109, 966320919),
	(32771, 2, 32, 209850113),
	(32772, 2, 33, 209850113),
	(32773, 2, 34, 209850113),
	(32774, 2, 38, 209850113),
	(32775, 2, 40, 209850113),
	(32776, 2, 42, 209850113),
	(32777, 2, 44, 209850113),
	(32778, 2, 45, 209850113),
	(32779, 2, 47, 209850113),
	(32780, 2, 51, 209850113),
	(32781, 2, 52, 209850113),
	(32782, 2, 61, 209850113),
	(32783, 2, 62, 209850113),
	(32784, 2, 66, 209850113),
	(32785, 2, 70, 209850113),
	(32786, 2, 96, 209850113),
	(32787, 2, 102, 209850113),
	(32788, 2, 104, 209850113),
	(32789, 2, 105, 209850113),
	(32790, 2, 106, 209850113),
	(32791, 2, 107, 209850113),
	(32792, 2, 108, 209850113),
	(32793, 2, 109, 209850113),
	(32794, 2, 32, 566431482),
	(32795, 2, 33, 566431482),
	(32796, 2, 34, 566431482),
	(32797, 2, 38, 566431482),
	(32798, 2, 40, 566431482),
	(32799, 2, 42, 566431482),
	(32800, 2, 44, 566431482),
	(32801, 2, 45, 566431482),
	(32802, 2, 47, 566431482),
	(32803, 2, 51, 566431482),
	(32804, 2, 52, 566431482),
	(32805, 2, 61, 566431482),
	(32806, 2, 62, 566431482),
	(32807, 2, 66, 566431482),
	(32808, 2, 70, 566431482),
	(32809, 2, 96, 566431482),
	(32810, 2, 102, 566431482),
	(32811, 2, 104, 566431482),
	(32812, 2, 105, 566431482),
	(32813, 2, 106, 566431482),
	(32814, 2, 107, 566431482),
	(32815, 2, 108, 566431482),
	(32816, 2, 109, 566431482),
	(32817, 2, 32, 197519747),
	(32818, 2, 33, 197519747),
	(32819, 2, 34, 197519747),
	(32820, 2, 38, 197519747),
	(32821, 2, 40, 197519747),
	(32822, 2, 42, 197519747),
	(32823, 2, 44, 197519747),
	(32824, 2, 45, 197519747),
	(32825, 2, 47, 197519747),
	(32826, 2, 51, 197519747),
	(32827, 2, 52, 197519747),
	(32828, 2, 61, 197519747),
	(32829, 2, 62, 197519747),
	(32830, 2, 66, 197519747),
	(32831, 2, 70, 197519747),
	(32832, 2, 96, 197519747),
	(32833, 2, 102, 197519747),
	(32834, 2, 104, 197519747),
	(32835, 2, 105, 197519747),
	(32836, 2, 106, 197519747),
	(32837, 2, 107, 197519747),
	(32838, 2, 108, 197519747),
	(32839, 2, 109, 197519747),
	(32840, 2, 32, 284631444),
	(32841, 2, 33, 284631444),
	(32842, 2, 34, 284631444),
	(32843, 2, 38, 284631444),
	(32844, 2, 40, 284631444),
	(32845, 2, 42, 284631444),
	(32846, 2, 44, 284631444),
	(32847, 2, 45, 284631444),
	(32848, 2, 47, 284631444),
	(32849, 2, 51, 284631444),
	(32850, 2, 52, 284631444),
	(32851, 2, 61, 284631444),
	(32852, 2, 62, 284631444),
	(32853, 2, 66, 284631444),
	(32854, 2, 70, 284631444),
	(32855, 2, 96, 284631444),
	(32856, 2, 102, 284631444),
	(32857, 2, 104, 284631444),
	(32858, 2, 105, 284631444),
	(32859, 2, 106, 284631444),
	(32860, 2, 107, 284631444),
	(32861, 2, 108, 284631444),
	(32862, 2, 109, 284631444),
	(32863, 2, 32, 815544475),
	(32864, 2, 33, 815544475),
	(32865, 2, 34, 815544475),
	(32866, 2, 38, 815544475),
	(32867, 2, 40, 815544475),
	(32868, 2, 42, 815544475),
	(32869, 2, 44, 815544475),
	(32870, 2, 45, 815544475),
	(32871, 2, 47, 815544475),
	(32872, 2, 51, 815544475),
	(32873, 2, 52, 815544475),
	(32874, 2, 61, 815544475),
	(32875, 2, 62, 815544475),
	(32876, 2, 66, 815544475),
	(32877, 2, 70, 815544475),
	(32878, 2, 96, 815544475),
	(32879, 2, 102, 815544475),
	(32880, 2, 104, 815544475),
	(32881, 2, 105, 815544475),
	(32882, 2, 106, 815544475),
	(32883, 2, 107, 815544475),
	(32884, 2, 108, 815544475),
	(32885, 2, 109, 815544475),
	(32886, 2, 32, 949446583),
	(32887, 2, 33, 949446583),
	(32888, 2, 34, 949446583),
	(32889, 2, 38, 949446583),
	(32890, 2, 40, 949446583),
	(32891, 2, 42, 949446583),
	(32892, 2, 44, 949446583),
	(32893, 2, 45, 949446583),
	(32894, 2, 47, 949446583),
	(32895, 2, 51, 949446583),
	(32896, 2, 52, 949446583),
	(32897, 2, 61, 949446583),
	(32898, 2, 62, 949446583),
	(32899, 2, 66, 949446583),
	(32900, 2, 70, 949446583),
	(32901, 2, 96, 949446583),
	(32902, 2, 102, 949446583),
	(32903, 2, 104, 949446583),
	(32904, 2, 105, 949446583),
	(32905, 2, 106, 949446583),
	(32906, 2, 107, 949446583),
	(32907, 2, 108, 949446583),
	(32908, 2, 109, 949446583),
	(32909, 2, 32, 350547892),
	(32910, 2, 33, 350547892),
	(32911, 2, 34, 350547892),
	(32912, 2, 38, 350547892),
	(32913, 2, 40, 350547892),
	(32914, 2, 42, 350547892),
	(32915, 2, 44, 350547892),
	(32916, 2, 45, 350547892),
	(32917, 2, 47, 350547892),
	(32918, 2, 51, 350547892),
	(32919, 2, 52, 350547892),
	(32920, 2, 61, 350547892),
	(32921, 2, 62, 350547892),
	(32922, 2, 66, 350547892),
	(32923, 2, 70, 350547892),
	(32924, 2, 96, 350547892),
	(32925, 2, 102, 350547892),
	(32926, 2, 104, 350547892),
	(32927, 2, 105, 350547892),
	(32928, 2, 106, 350547892),
	(32929, 2, 107, 350547892),
	(32930, 2, 108, 350547892),
	(32931, 2, 109, 350547892),
	(32932, 2, 32, 488509023),
	(32933, 2, 33, 488509023),
	(32934, 2, 34, 488509023),
	(32935, 2, 38, 488509023),
	(32936, 2, 40, 488509023),
	(32937, 2, 42, 488509023),
	(32938, 2, 44, 488509023),
	(32939, 2, 45, 488509023),
	(32940, 2, 47, 488509023),
	(32941, 2, 51, 488509023),
	(32942, 2, 52, 488509023),
	(32943, 2, 61, 488509023),
	(32944, 2, 62, 488509023),
	(32945, 2, 66, 488509023),
	(32946, 2, 70, 488509023),
	(32947, 2, 96, 488509023),
	(32948, 2, 102, 488509023),
	(32949, 2, 104, 488509023),
	(32950, 2, 105, 488509023),
	(32951, 2, 106, 488509023),
	(32952, 2, 107, 488509023),
	(32953, 2, 108, 488509023),
	(32954, 2, 109, 488509023),
	(32955, 2, 32, 825363841),
	(32956, 2, 33, 825363841),
	(32957, 2, 34, 825363841),
	(32958, 2, 38, 825363841),
	(32959, 2, 40, 825363841),
	(32960, 2, 42, 825363841),
	(32961, 2, 44, 825363841),
	(32962, 2, 45, 825363841),
	(32963, 2, 47, 825363841),
	(32964, 2, 51, 825363841),
	(32965, 2, 52, 825363841),
	(32966, 2, 61, 825363841),
	(32967, 2, 62, 825363841),
	(32968, 2, 66, 825363841),
	(32969, 2, 70, 825363841),
	(32970, 2, 96, 825363841),
	(32971, 2, 102, 825363841),
	(32972, 2, 104, 825363841),
	(32973, 2, 105, 825363841),
	(32974, 2, 106, 825363841),
	(32975, 2, 107, 825363841),
	(32976, 2, 108, 825363841),
	(32977, 2, 109, 825363841),
	(32978, 2, 32, 189780053),
	(32979, 2, 33, 189780053),
	(32980, 2, 34, 189780053),
	(32981, 2, 38, 189780053),
	(32982, 2, 40, 189780053),
	(32983, 2, 42, 189780053),
	(32984, 2, 44, 189780053),
	(32985, 2, 45, 189780053),
	(32986, 2, 47, 189780053),
	(32987, 2, 51, 189780053),
	(32988, 2, 52, 189780053),
	(32989, 2, 61, 189780053),
	(32990, 2, 62, 189780053),
	(32991, 2, 66, 189780053),
	(32992, 2, 70, 189780053),
	(32993, 2, 96, 189780053),
	(32994, 2, 102, 189780053),
	(32995, 2, 104, 189780053),
	(32996, 2, 105, 189780053),
	(32997, 2, 106, 189780053),
	(32998, 2, 107, 189780053),
	(32999, 2, 108, 189780053),
	(33000, 2, 109, 189780053),
	(33001, 2, 32, 190057349),
	(33002, 2, 33, 190057349),
	(33003, 2, 34, 190057349),
	(33004, 2, 38, 190057349),
	(33005, 2, 40, 190057349),
	(33006, 2, 42, 190057349),
	(33007, 2, 44, 190057349),
	(33008, 2, 45, 190057349),
	(33009, 2, 47, 190057349),
	(33010, 2, 51, 190057349),
	(33011, 2, 52, 190057349),
	(33012, 2, 61, 190057349),
	(33013, 2, 62, 190057349),
	(33014, 2, 66, 190057349),
	(33015, 2, 70, 190057349),
	(33016, 2, 96, 190057349),
	(33017, 2, 102, 190057349),
	(33018, 2, 104, 190057349),
	(33019, 2, 105, 190057349),
	(33020, 2, 106, 190057349),
	(33021, 2, 107, 190057349),
	(33022, 2, 108, 190057349),
	(33023, 2, 109, 190057349),
	(33024, 2, 32, 602678878),
	(33025, 2, 33, 602678878),
	(33026, 2, 34, 602678878),
	(33027, 2, 38, 602678878),
	(33028, 2, 40, 602678878),
	(33029, 2, 42, 602678878),
	(33030, 2, 44, 602678878),
	(33031, 2, 45, 602678878),
	(33032, 2, 47, 602678878),
	(33033, 2, 51, 602678878),
	(33034, 2, 52, 602678878),
	(33035, 2, 61, 602678878),
	(33036, 2, 62, 602678878),
	(33037, 2, 66, 602678878),
	(33038, 2, 70, 602678878),
	(33039, 2, 96, 602678878),
	(33040, 2, 102, 602678878),
	(33041, 2, 104, 602678878),
	(33042, 2, 105, 602678878),
	(33043, 2, 106, 602678878),
	(33044, 2, 107, 602678878),
	(33045, 2, 108, 602678878),
	(33046, 2, 109, 602678878),
	(33047, 2, 32, 282310701),
	(33048, 2, 33, 282310701),
	(33049, 2, 34, 282310701),
	(33050, 2, 38, 282310701),
	(33051, 2, 40, 282310701),
	(33052, 2, 42, 282310701),
	(33053, 2, 44, 282310701),
	(33054, 2, 45, 282310701),
	(33055, 2, 47, 282310701),
	(33056, 2, 51, 282310701),
	(33057, 2, 52, 282310701),
	(33058, 2, 61, 282310701),
	(33059, 2, 62, 282310701),
	(33060, 2, 66, 282310701),
	(33061, 2, 70, 282310701),
	(33062, 2, 96, 282310701),
	(33063, 2, 102, 282310701),
	(33064, 2, 104, 282310701),
	(33065, 2, 105, 282310701),
	(33066, 2, 106, 282310701),
	(33067, 2, 107, 282310701),
	(33068, 2, 108, 282310701),
	(33069, 2, 109, 282310701),
	(33070, 2, 32, 674067405),
	(33071, 2, 33, 674067405),
	(33072, 2, 34, 674067405),
	(33073, 2, 38, 674067405),
	(33074, 2, 40, 674067405),
	(33075, 2, 42, 674067405),
	(33076, 2, 44, 674067405),
	(33077, 2, 45, 674067405),
	(33078, 2, 47, 674067405),
	(33079, 2, 51, 674067405),
	(33080, 2, 52, 674067405),
	(33081, 2, 61, 674067405),
	(33082, 2, 62, 674067405),
	(33083, 2, 66, 674067405),
	(33084, 2, 70, 674067405),
	(33085, 2, 96, 674067405),
	(33086, 2, 102, 674067405),
	(33087, 2, 104, 674067405),
	(33088, 2, 105, 674067405),
	(33089, 2, 106, 674067405),
	(33090, 2, 107, 674067405),
	(33091, 2, 108, 674067405),
	(33092, 2, 109, 674067405),
	(33093, 2, 32, 485114581),
	(33094, 2, 33, 485114581),
	(33095, 2, 34, 485114581),
	(33096, 2, 38, 485114581),
	(33097, 2, 40, 485114581),
	(33098, 2, 42, 485114581),
	(33099, 2, 44, 485114581),
	(33100, 2, 45, 485114581),
	(33101, 2, 47, 485114581),
	(33102, 2, 51, 485114581),
	(33103, 2, 52, 485114581),
	(33104, 2, 61, 485114581),
	(33105, 2, 62, 485114581),
	(33106, 2, 66, 485114581),
	(33107, 2, 70, 485114581),
	(33108, 2, 96, 485114581),
	(33109, 2, 102, 485114581),
	(33110, 2, 104, 485114581),
	(33111, 2, 105, 485114581),
	(33112, 2, 106, 485114581),
	(33113, 2, 107, 485114581),
	(33114, 2, 108, 485114581),
	(33115, 2, 109, 485114581),
	(33116, 2, 32, 619923591),
	(33117, 2, 33, 619923591),
	(33118, 2, 34, 619923591),
	(33119, 2, 38, 619923591),
	(33120, 2, 40, 619923591),
	(33121, 2, 42, 619923591),
	(33122, 2, 44, 619923591),
	(33123, 2, 45, 619923591),
	(33124, 2, 47, 619923591),
	(33125, 2, 51, 619923591),
	(33126, 2, 52, 619923591),
	(33127, 2, 61, 619923591),
	(33128, 2, 62, 619923591),
	(33129, 2, 66, 619923591),
	(33130, 2, 70, 619923591),
	(33131, 2, 96, 619923591),
	(33132, 2, 102, 619923591),
	(33133, 2, 104, 619923591),
	(33134, 2, 105, 619923591),
	(33135, 2, 106, 619923591),
	(33136, 2, 107, 619923591),
	(33137, 2, 108, 619923591),
	(33138, 2, 109, 619923591),
	(33139, 2, 32, 772528173),
	(33140, 2, 33, 772528173),
	(33141, 2, 34, 772528173),
	(33142, 2, 38, 772528173),
	(33143, 2, 40, 772528173),
	(33144, 2, 42, 772528173),
	(33145, 2, 44, 772528173),
	(33146, 2, 45, 772528173),
	(33147, 2, 47, 772528173),
	(33148, 2, 51, 772528173),
	(33149, 2, 52, 772528173),
	(33150, 2, 61, 772528173),
	(33151, 2, 62, 772528173),
	(33152, 2, 66, 772528173),
	(33153, 2, 70, 772528173),
	(33154, 2, 96, 772528173),
	(33155, 2, 102, 772528173),
	(33156, 2, 104, 772528173),
	(33157, 2, 105, 772528173),
	(33158, 2, 106, 772528173),
	(33159, 2, 107, 772528173),
	(33160, 2, 108, 772528173),
	(33161, 2, 109, 772528173),
	(33162, 2, 35, 721611716),
	(33163, 2, 36, 721611716),
	(33164, 2, 37, 721611716),
	(33165, 2, 39, 721611716),
	(33166, 2, 41, 721611716),
	(33167, 2, 43, 721611716),
	(33168, 2, 46, 721611716),
	(33169, 2, 48, 721611716),
	(33170, 2, 53, 721611716),
	(33171, 2, 62, 721611716),
	(33172, 2, 67, 721611716),
	(33173, 2, 71, 721611716),
	(33174, 2, 103, 721611716),
	(33175, 2, 111, 721611716),
	(33176, 2, 112, 721611716),
	(33177, 2, 113, 721611716),
	(33178, 2, 114, 721611716),
	(33179, 2, 115, 721611716),
	(33180, 2, 116, 721611716),
	(33181, 2, 35, 665887147),
	(33182, 2, 36, 665887147),
	(33183, 2, 37, 665887147),
	(33184, 2, 39, 665887147),
	(33185, 2, 41, 665887147),
	(33186, 2, 43, 665887147),
	(33187, 2, 46, 665887147),
	(33188, 2, 48, 665887147),
	(33189, 2, 53, 665887147),
	(33190, 2, 62, 665887147),
	(33191, 2, 67, 665887147),
	(33192, 2, 71, 665887147),
	(33193, 2, 103, 665887147),
	(33194, 2, 111, 665887147),
	(33195, 2, 112, 665887147),
	(33196, 2, 113, 665887147),
	(33197, 2, 114, 665887147),
	(33198, 2, 115, 665887147),
	(33199, 2, 116, 665887147),
	(33200, 2, 35, 189278813),
	(33201, 2, 36, 189278813),
	(33202, 2, 37, 189278813),
	(33203, 2, 39, 189278813),
	(33204, 2, 41, 189278813),
	(33205, 2, 43, 189278813),
	(33206, 2, 46, 189278813),
	(33207, 2, 48, 189278813),
	(33208, 2, 53, 189278813),
	(33209, 2, 62, 189278813),
	(33210, 2, 67, 189278813),
	(33211, 2, 71, 189278813),
	(33212, 2, 103, 189278813),
	(33213, 2, 111, 189278813),
	(33214, 2, 112, 189278813),
	(33215, 2, 113, 189278813),
	(33216, 2, 114, 189278813),
	(33217, 2, 115, 189278813),
	(33218, 2, 116, 189278813),
	(33219, 2, 35, 438275897),
	(33220, 2, 36, 438275897),
	(33221, 2, 37, 438275897),
	(33222, 2, 39, 438275897),
	(33223, 2, 41, 438275897),
	(33224, 2, 43, 438275897),
	(33225, 2, 46, 438275897),
	(33226, 2, 48, 438275897),
	(33227, 2, 53, 438275897),
	(33228, 2, 62, 438275897),
	(33229, 2, 67, 438275897),
	(33230, 2, 71, 438275897),
	(33231, 2, 103, 438275897),
	(33232, 2, 111, 438275897),
	(33233, 2, 112, 438275897),
	(33234, 2, 113, 438275897),
	(33235, 2, 114, 438275897),
	(33236, 2, 115, 438275897),
	(33237, 2, 116, 438275897),
	(33238, 2, 35, 213003015),
	(33239, 2, 36, 213003015),
	(33240, 2, 37, 213003015),
	(33241, 2, 39, 213003015),
	(33242, 2, 41, 213003015),
	(33243, 2, 43, 213003015),
	(33244, 2, 46, 213003015),
	(33245, 2, 48, 213003015),
	(33246, 2, 53, 213003015),
	(33247, 2, 62, 213003015),
	(33248, 2, 67, 213003015),
	(33249, 2, 71, 213003015),
	(33250, 2, 103, 213003015),
	(33251, 2, 111, 213003015),
	(33252, 2, 112, 213003015),
	(33253, 2, 113, 213003015),
	(33254, 2, 114, 213003015),
	(33255, 2, 115, 213003015),
	(33256, 2, 116, 213003015),
	(33257, 2, 35, 804453603),
	(33258, 2, 36, 804453603),
	(33259, 2, 37, 804453603),
	(33260, 2, 39, 804453603),
	(33261, 2, 41, 804453603),
	(33262, 2, 43, 804453603),
	(33263, 2, 46, 804453603),
	(33264, 2, 48, 804453603),
	(33265, 2, 53, 804453603),
	(33266, 2, 62, 804453603),
	(33267, 2, 67, 804453603),
	(33268, 2, 71, 804453603),
	(33269, 2, 103, 804453603),
	(33270, 2, 111, 804453603),
	(33271, 2, 112, 804453603),
	(33272, 2, 113, 804453603),
	(33273, 2, 114, 804453603),
	(33274, 2, 115, 804453603),
	(33275, 2, 116, 804453603),
	(33276, 2, 35, 428704165),
	(33277, 2, 36, 428704165),
	(33278, 2, 37, 428704165),
	(33279, 2, 39, 428704165),
	(33280, 2, 41, 428704165),
	(33281, 2, 43, 428704165),
	(33282, 2, 46, 428704165),
	(33283, 2, 48, 428704165),
	(33284, 2, 53, 428704165),
	(33285, 2, 62, 428704165),
	(33286, 2, 67, 428704165),
	(33287, 2, 71, 428704165),
	(33288, 2, 103, 428704165),
	(33289, 2, 111, 428704165),
	(33290, 2, 112, 428704165),
	(33291, 2, 113, 428704165),
	(33292, 2, 114, 428704165),
	(33293, 2, 115, 428704165),
	(33294, 2, 116, 428704165),
	(33295, 2, 35, 867717516),
	(33296, 2, 36, 867717516),
	(33297, 2, 37, 867717516),
	(33298, 2, 39, 867717516),
	(33299, 2, 41, 867717516),
	(33300, 2, 43, 867717516),
	(33301, 2, 46, 867717516),
	(33302, 2, 48, 867717516),
	(33303, 2, 53, 867717516),
	(33304, 2, 62, 867717516),
	(33305, 2, 67, 867717516),
	(33306, 2, 71, 867717516),
	(33307, 2, 103, 867717516),
	(33308, 2, 111, 867717516),
	(33309, 2, 112, 867717516),
	(33310, 2, 113, 867717516),
	(33311, 2, 114, 867717516),
	(33312, 2, 115, 867717516),
	(33313, 2, 116, 867717516),
	(33314, 2, 35, 635616925),
	(33315, 2, 36, 635616925),
	(33316, 2, 37, 635616925),
	(33317, 2, 39, 635616925),
	(33318, 2, 41, 635616925),
	(33319, 2, 43, 635616925),
	(33320, 2, 46, 635616925),
	(33321, 2, 48, 635616925),
	(33322, 2, 53, 635616925),
	(33323, 2, 62, 635616925),
	(33324, 2, 67, 635616925),
	(33325, 2, 71, 635616925),
	(33326, 2, 103, 635616925),
	(33327, 2, 111, 635616925),
	(33328, 2, 112, 635616925),
	(33329, 2, 113, 635616925),
	(33330, 2, 114, 635616925),
	(33331, 2, 115, 635616925),
	(33332, 2, 116, 635616925),
	(33333, 2, 35, 804684968),
	(33334, 2, 36, 804684968),
	(33335, 2, 37, 804684968),
	(33336, 2, 39, 804684968),
	(33337, 2, 41, 804684968),
	(33338, 2, 43, 804684968),
	(33339, 2, 46, 804684968),
	(33340, 2, 48, 804684968),
	(33341, 2, 53, 804684968),
	(33342, 2, 62, 804684968),
	(33343, 2, 67, 804684968),
	(33344, 2, 71, 804684968),
	(33345, 2, 103, 804684968),
	(33346, 2, 111, 804684968),
	(33347, 2, 112, 804684968),
	(33348, 2, 113, 804684968),
	(33349, 2, 114, 804684968),
	(33350, 2, 115, 804684968),
	(33351, 2, 116, 804684968),
	(33352, 2, 35, 531692576),
	(33353, 2, 36, 531692576),
	(33354, 2, 37, 531692576),
	(33355, 2, 39, 531692576),
	(33356, 2, 41, 531692576),
	(33357, 2, 43, 531692576),
	(33358, 2, 46, 531692576),
	(33359, 2, 48, 531692576),
	(33360, 2, 53, 531692576),
	(33361, 2, 62, 531692576),
	(33362, 2, 67, 531692576),
	(33363, 2, 71, 531692576),
	(33364, 2, 103, 531692576),
	(33365, 2, 111, 531692576),
	(33366, 2, 112, 531692576),
	(33367, 2, 113, 531692576),
	(33368, 2, 114, 531692576),
	(33369, 2, 115, 531692576),
	(33370, 2, 116, 531692576),
	(33371, 2, 35, 116948282),
	(33372, 2, 36, 116948282),
	(33373, 2, 37, 116948282),
	(33374, 2, 39, 116948282),
	(33375, 2, 41, 116948282),
	(33376, 2, 43, 116948282),
	(33377, 2, 46, 116948282),
	(33378, 2, 48, 116948282),
	(33379, 2, 53, 116948282),
	(33380, 2, 62, 116948282),
	(33381, 2, 67, 116948282),
	(33382, 2, 71, 116948282),
	(33383, 2, 103, 116948282),
	(33384, 2, 111, 116948282),
	(33385, 2, 112, 116948282),
	(33386, 2, 113, 116948282),
	(33387, 2, 114, 116948282),
	(33388, 2, 115, 116948282),
	(33389, 2, 116, 116948282),
	(33390, 2, 35, 867285242),
	(33391, 2, 36, 867285242),
	(33392, 2, 37, 867285242),
	(33393, 2, 39, 867285242),
	(33394, 2, 41, 867285242),
	(33395, 2, 43, 867285242),
	(33396, 2, 46, 867285242),
	(33397, 2, 48, 867285242),
	(33398, 2, 53, 867285242),
	(33399, 2, 62, 867285242),
	(33400, 2, 67, 867285242),
	(33401, 2, 71, 867285242),
	(33402, 2, 103, 867285242),
	(33403, 2, 111, 867285242),
	(33404, 2, 112, 867285242),
	(33405, 2, 113, 867285242),
	(33406, 2, 114, 867285242),
	(33407, 2, 115, 867285242),
	(33408, 2, 116, 867285242),
	(33409, 2, 35, 569923216),
	(33410, 2, 36, 569923216),
	(33411, 2, 37, 569923216),
	(33412, 2, 39, 569923216),
	(33413, 2, 41, 569923216),
	(33414, 2, 43, 569923216),
	(33415, 2, 46, 569923216),
	(33416, 2, 48, 569923216),
	(33417, 2, 53, 569923216),
	(33418, 2, 62, 569923216),
	(33419, 2, 67, 569923216),
	(33420, 2, 71, 569923216),
	(33421, 2, 103, 569923216),
	(33422, 2, 111, 569923216),
	(33423, 2, 112, 569923216),
	(33424, 2, 113, 569923216),
	(33425, 2, 114, 569923216),
	(33426, 2, 115, 569923216),
	(33427, 2, 116, 569923216),
	(33428, 2, 35, 117187087),
	(33429, 2, 36, 117187087),
	(33430, 2, 37, 117187087),
	(33431, 2, 39, 117187087),
	(33432, 2, 41, 117187087),
	(33433, 2, 43, 117187087),
	(33434, 2, 46, 117187087),
	(33435, 2, 48, 117187087),
	(33436, 2, 53, 117187087),
	(33437, 2, 62, 117187087),
	(33438, 2, 67, 117187087),
	(33439, 2, 71, 117187087),
	(33440, 2, 103, 117187087),
	(33441, 2, 111, 117187087),
	(33442, 2, 112, 117187087),
	(33443, 2, 113, 117187087),
	(33444, 2, 114, 117187087),
	(33445, 2, 115, 117187087),
	(33446, 2, 116, 117187087),
	(33447, 2, 35, 252733541),
	(33448, 2, 36, 252733541),
	(33449, 2, 37, 252733541),
	(33450, 2, 39, 252733541),
	(33451, 2, 41, 252733541),
	(33452, 2, 43, 252733541),
	(33453, 2, 46, 252733541),
	(33454, 2, 48, 252733541),
	(33455, 2, 53, 252733541),
	(33456, 2, 62, 252733541),
	(33457, 2, 67, 252733541),
	(33458, 2, 71, 252733541),
	(33459, 2, 103, 252733541),
	(33460, 2, 111, 252733541),
	(33461, 2, 112, 252733541),
	(33462, 2, 113, 252733541),
	(33463, 2, 114, 252733541),
	(33464, 2, 115, 252733541),
	(33465, 2, 116, 252733541),
	(33466, 2, 35, 664533432),
	(33467, 2, 36, 664533432),
	(33468, 2, 37, 664533432),
	(33469, 2, 39, 664533432),
	(33470, 2, 41, 664533432),
	(33471, 2, 43, 664533432),
	(33472, 2, 46, 664533432),
	(33473, 2, 48, 664533432),
	(33474, 2, 53, 664533432),
	(33475, 2, 62, 664533432),
	(33476, 2, 67, 664533432),
	(33477, 2, 71, 664533432),
	(33478, 2, 103, 664533432),
	(33479, 2, 111, 664533432),
	(33480, 2, 112, 664533432),
	(33481, 2, 113, 664533432),
	(33482, 2, 114, 664533432),
	(33483, 2, 115, 664533432),
	(33484, 2, 116, 664533432),
	(33485, 2, 35, 482530458),
	(33486, 2, 36, 482530458),
	(33487, 2, 37, 482530458),
	(33488, 2, 39, 482530458),
	(33489, 2, 41, 482530458),
	(33490, 2, 43, 482530458),
	(33491, 2, 46, 482530458),
	(33492, 2, 48, 482530458),
	(33493, 2, 53, 482530458),
	(33494, 2, 62, 482530458),
	(33495, 2, 67, 482530458),
	(33496, 2, 71, 482530458),
	(33497, 2, 103, 482530458),
	(33498, 2, 111, 482530458),
	(33499, 2, 112, 482530458),
	(33500, 2, 113, 482530458),
	(33501, 2, 114, 482530458),
	(33502, 2, 115, 482530458),
	(33503, 2, 116, 482530458),
	(33504, 2, 35, 708025950),
	(33505, 2, 36, 708025950),
	(33506, 2, 37, 708025950),
	(33507, 2, 39, 708025950),
	(33508, 2, 41, 708025950),
	(33509, 2, 43, 708025950),
	(33510, 2, 46, 708025950),
	(33511, 2, 48, 708025950),
	(33512, 2, 53, 708025950),
	(33513, 2, 62, 708025950),
	(33514, 2, 67, 708025950),
	(33515, 2, 71, 708025950),
	(33516, 2, 103, 708025950),
	(33517, 2, 111, 708025950),
	(33518, 2, 112, 708025950),
	(33519, 2, 113, 708025950),
	(33520, 2, 114, 708025950),
	(33521, 2, 115, 708025950),
	(33522, 2, 116, 708025950),
	(33523, 2, 35, 746506927),
	(33524, 2, 36, 746506927),
	(33525, 2, 37, 746506927),
	(33526, 2, 39, 746506927),
	(33527, 2, 41, 746506927),
	(33528, 2, 43, 746506927),
	(33529, 2, 46, 746506927),
	(33530, 2, 48, 746506927),
	(33531, 2, 53, 746506927),
	(33532, 2, 62, 746506927),
	(33533, 2, 67, 746506927),
	(33534, 2, 71, 746506927),
	(33535, 2, 103, 746506927),
	(33536, 2, 111, 746506927),
	(33537, 2, 112, 746506927),
	(33538, 2, 113, 746506927),
	(33539, 2, 114, 746506927),
	(33540, 2, 115, 746506927),
	(33541, 2, 116, 746506927),
	(33542, 2, 35, 560692288),
	(33543, 2, 36, 560692288),
	(33544, 2, 37, 560692288),
	(33545, 2, 39, 560692288),
	(33546, 2, 41, 560692288),
	(33547, 2, 43, 560692288),
	(33548, 2, 46, 560692288),
	(33549, 2, 48, 560692288),
	(33550, 2, 53, 560692288),
	(33551, 2, 62, 560692288),
	(33552, 2, 67, 560692288),
	(33553, 2, 71, 560692288),
	(33554, 2, 103, 560692288),
	(33555, 2, 111, 560692288),
	(33556, 2, 112, 560692288),
	(33557, 2, 113, 560692288),
	(33558, 2, 114, 560692288),
	(33559, 2, 115, 560692288),
	(33560, 2, 116, 560692288),
	(33561, 2, 35, 930555206),
	(33562, 2, 36, 930555206),
	(33563, 2, 37, 930555206),
	(33564, 2, 39, 930555206),
	(33565, 2, 41, 930555206),
	(33566, 2, 43, 930555206),
	(33567, 2, 46, 930555206),
	(33568, 2, 48, 930555206),
	(33569, 2, 53, 930555206),
	(33570, 2, 62, 930555206),
	(33571, 2, 67, 930555206),
	(33572, 2, 71, 930555206),
	(33573, 2, 103, 930555206),
	(33574, 2, 111, 930555206),
	(33575, 2, 112, 930555206),
	(33576, 2, 113, 930555206),
	(33577, 2, 114, 930555206),
	(33578, 2, 115, 930555206),
	(33579, 2, 116, 930555206),
	(33580, 2, 35, 204041304),
	(33581, 2, 36, 204041304),
	(33582, 2, 37, 204041304),
	(33583, 2, 39, 204041304),
	(33584, 2, 41, 204041304),
	(33585, 2, 43, 204041304),
	(33586, 2, 46, 204041304),
	(33587, 2, 48, 204041304),
	(33588, 2, 53, 204041304),
	(33589, 2, 62, 204041304),
	(33590, 2, 67, 204041304),
	(33591, 2, 71, 204041304),
	(33592, 2, 103, 204041304),
	(33593, 2, 111, 204041304),
	(33594, 2, 112, 204041304),
	(33595, 2, 113, 204041304),
	(33596, 2, 114, 204041304),
	(33597, 2, 115, 204041304),
	(33598, 2, 116, 204041304),
	(33599, 2, 35, 370709428),
	(33600, 2, 36, 370709428),
	(33601, 2, 37, 370709428),
	(33602, 2, 39, 370709428),
	(33603, 2, 41, 370709428),
	(33604, 2, 43, 370709428),
	(33605, 2, 46, 370709428),
	(33606, 2, 48, 370709428),
	(33607, 2, 53, 370709428),
	(33608, 2, 62, 370709428),
	(33609, 2, 67, 370709428),
	(33610, 2, 71, 370709428),
	(33611, 2, 103, 370709428),
	(33612, 2, 111, 370709428),
	(33613, 2, 112, 370709428),
	(33614, 2, 113, 370709428),
	(33615, 2, 114, 370709428),
	(33616, 2, 115, 370709428),
	(33617, 2, 116, 370709428),
	(33618, 2, 35, 605893177),
	(33619, 2, 36, 605893177),
	(33620, 2, 37, 605893177),
	(33621, 2, 39, 605893177),
	(33622, 2, 41, 605893177),
	(33623, 2, 43, 605893177),
	(33624, 2, 46, 605893177),
	(33625, 2, 48, 605893177),
	(33626, 2, 53, 605893177),
	(33627, 2, 62, 605893177),
	(33628, 2, 67, 605893177),
	(33629, 2, 71, 605893177),
	(33630, 2, 103, 605893177),
	(33631, 2, 111, 605893177),
	(33632, 2, 112, 605893177),
	(33633, 2, 113, 605893177),
	(33634, 2, 114, 605893177),
	(33635, 2, 115, 605893177),
	(33636, 2, 116, 605893177),
	(33637, 2, 35, 195722975),
	(33638, 2, 36, 195722975),
	(33639, 2, 37, 195722975),
	(33640, 2, 39, 195722975),
	(33641, 2, 41, 195722975),
	(33642, 2, 43, 195722975),
	(33643, 2, 46, 195722975),
	(33644, 2, 48, 195722975),
	(33645, 2, 53, 195722975),
	(33646, 2, 62, 195722975),
	(33647, 2, 67, 195722975),
	(33648, 2, 71, 195722975),
	(33649, 2, 103, 195722975),
	(33650, 2, 111, 195722975),
	(33651, 2, 112, 195722975),
	(33652, 2, 113, 195722975),
	(33653, 2, 114, 195722975),
	(33654, 2, 115, 195722975),
	(33655, 2, 116, 195722975),
	(33656, 2, 35, 427838157),
	(33657, 2, 36, 427838157),
	(33658, 2, 37, 427838157),
	(33659, 2, 39, 427838157),
	(33660, 2, 41, 427838157),
	(33661, 2, 43, 427838157),
	(33662, 2, 46, 427838157),
	(33663, 2, 48, 427838157),
	(33664, 2, 53, 427838157),
	(33665, 2, 62, 427838157),
	(33666, 2, 67, 427838157),
	(33667, 2, 71, 427838157),
	(33668, 2, 103, 427838157),
	(33669, 2, 111, 427838157),
	(33670, 2, 112, 427838157),
	(33671, 2, 113, 427838157),
	(33672, 2, 114, 427838157),
	(33673, 2, 115, 427838157),
	(33674, 2, 116, 427838157),
	(33675, 2, 35, 195430765),
	(33676, 2, 36, 195430765),
	(33677, 2, 37, 195430765),
	(33678, 2, 39, 195430765),
	(33679, 2, 41, 195430765),
	(33680, 2, 43, 195430765),
	(33681, 2, 46, 195430765),
	(33682, 2, 48, 195430765),
	(33683, 2, 53, 195430765),
	(33684, 2, 62, 195430765),
	(33685, 2, 67, 195430765),
	(33686, 2, 71, 195430765),
	(33687, 2, 103, 195430765),
	(33688, 2, 111, 195430765),
	(33689, 2, 112, 195430765),
	(33690, 2, 113, 195430765),
	(33691, 2, 114, 195430765),
	(33692, 2, 115, 195430765),
	(33693, 2, 116, 195430765),
	(33694, 2, 35, 846705380),
	(33695, 2, 36, 846705380),
	(33696, 2, 37, 846705380),
	(33697, 2, 39, 846705380),
	(33698, 2, 41, 846705380),
	(33699, 2, 43, 846705380),
	(33700, 2, 46, 846705380),
	(33701, 2, 48, 846705380),
	(33702, 2, 53, 846705380),
	(33703, 2, 62, 846705380),
	(33704, 2, 67, 846705380),
	(33705, 2, 71, 846705380),
	(33706, 2, 103, 846705380),
	(33707, 2, 111, 846705380),
	(33708, 2, 112, 846705380),
	(33709, 2, 113, 846705380),
	(33710, 2, 114, 846705380),
	(33711, 2, 115, 846705380),
	(33712, 2, 116, 846705380),
	(33713, 2, 35, 397695956),
	(33714, 2, 36, 397695956),
	(33715, 2, 37, 397695956),
	(33716, 2, 39, 397695956),
	(33717, 2, 41, 397695956),
	(33718, 2, 43, 397695956),
	(33719, 2, 46, 397695956),
	(33720, 2, 48, 397695956),
	(33721, 2, 53, 397695956),
	(33722, 2, 62, 397695956),
	(33723, 2, 67, 397695956),
	(33724, 2, 71, 397695956),
	(33725, 2, 103, 397695956),
	(33726, 2, 111, 397695956),
	(33727, 2, 112, 397695956),
	(33728, 2, 113, 397695956),
	(33729, 2, 114, 397695956),
	(33730, 2, 115, 397695956),
	(33731, 2, 116, 397695956);
/*!40000 ALTER TABLE `matriculado` ENABLE KEYS */;

-- Copiando estrutura para tabela diario_new.mensagem
DROP TABLE IF EXISTS `mensagem`;
CREATE TABLE IF NOT EXISTS `mensagem` (
  `id_msg` int(11) NOT NULL AUTO_INCREMENT,
  `txt_msg` text COLLATE latin1_general_cs DEFAULT NULL,
  `tipo_msg` int(1) DEFAULT NULL,
  `data_msg` datetime DEFAULT NULL,
  `id_usur` int(11) DEFAULT NULL,
  PRIMARY KEY (`id_msg`) USING BTREE,
  KEY `id_usur` (`id_usur`),
  CONSTRAINT `FK_mensagem_usuario` FOREIGN KEY (`id_usur`) REFERENCES `usuario` (`id_usur`) ON DELETE NO ACTION ON UPDATE NO ACTION
) ENGINE=InnoDB AUTO_INCREMENT=274 DEFAULT CHARSET=latin1 COLLATE=latin1_general_cs;

-- Copiando dados para a tabela diario_new.mensagem: ~247 rows (aproximadamente)
/*!40000 ALTER TABLE `mensagem` DISABLE KEYS */;
REPLACE INTO `mensagem` (`id_msg`, `txt_msg`, `tipo_msg`, `data_msg`, `id_usur`) VALUES
	(4, 'Aluno Mário foi expulso de sala por desobedecer a ordem de não sair de sala', 4, '2022-10-21 15:12:53', 30),
	(6, 'Reunião COC dia 30/11 para todos os professores.', 4, '2022-10-21 15:22:30', 24),
	(7, 'Prof Walter  Cadastrou uma Frequência.', 3, '2022-10-21 15:35:13', 28),
	(8, 'Admin  Inseriu novo(s) aluno(s).', 3, '2022-10-21 15:44:02', 24),
	(9, 'Admin  Programou Nova Avaliação para a Turma 1201.', 3, '2022-10-21 16:02:14', 24),
	(10, 'Admin  Programou Nova Avaliação para a Turma 3241.', 3, '2022-10-21 16:02:41', 24),
	(11, 'Admin  Avaliou a turma 1151.', 3, '2022-10-21 16:03:16', 24),
	(12, 'Admin  Avaliou a turma 1151.', 3, '2022-10-21 16:05:12', 24),
	(13, 'Admin  Avaliou a turma 1151.', 3, '2022-10-21 16:05:12', 24),
	(14, 'Admin  Avaliou a turma 1151.', 3, '2022-10-21 16:05:12', 24),
	(18, 'Prof Walter Cadastrou uma Frequência para a turma 1151.', 3, '2022-11-21 10:54:31', 28),
	(19, 'Prof Walter Cadastrou uma Frequência para a turma 1151.', 3, '2022-11-21 11:04:04', 28),
	(20, 'Prof Walter Cadastrou uma Frequência para a turma 1151.', 3, '2022-11-21 11:11:03', 28),
	(21, 'Prof Walter Programou Nova Avaliação para a Turma 1151.', 3, '2022-11-21 11:13:06', 28),
	(22, 'Prof Walter Avaliou a turma 1151.', 3, '2022-11-21 11:14:09', 28),
	(23, 'Prof Walter Cadastrou uma Frequência para a turma 1151.', 3, '2022-11-21 11:18:32', 28),
	(24, 'Prof Walter Registrou Novo conteúdo para a Turma 1151.', 3, '2022-11-21 11:19:33', 28),
	(25, 'Prof Walter Programou Nova Avaliação para a Turma 1151.', 3, '2022-11-21 11:20:18', 28),
	(26, 'Prof Walter Avaliou a turma 1151.', 3, '2022-11-21 11:20:55', 28),
	(27, 'Admin Registrou novo Usuário fulano.', 3, '2022-11-21 11:29:17', 24),
	(28, 'Admin Registrou Turma 1121.', 3, '2022-11-21 11:36:28', 24),
	(29, 'Teste', 4, '2022-11-22 09:48:22', 26),
	(30, 'Admin Inseriu novo(s) aluno(s).', 3, '2022-11-22 09:56:04', 24),
	(31, 'Admin Inseriu novo(s) aluno(s).', 3, '2022-11-22 10:18:12', 24),
	(32, 'Admin Inseriu novo(s) aluno(s).', 3, '2022-11-22 10:23:53', 24),
	(33, 'Admin Inseriu novo(s) aluno(s).', 3, '2022-11-22 10:29:28', 24),
	(34, 'Admin Inseriu novo(s) aluno(s).', 3, '2022-11-22 10:33:12', 24),
	(35, 'Admin Inseriu novo(s) aluno(s).', 3, '2022-11-22 10:37:16', 24),
	(36, 'Admin Inseriu novo(s) aluno(s).', 3, '2022-11-22 10:40:49', 24),
	(37, 'Admin Inseriu novo(s) aluno(s).', 3, '2022-11-22 10:43:35', 24),
	(38, 'Admin Inseriu novo(s) aluno(s).', 3, '2022-11-22 10:44:48', 24),
	(39, 'Admin Inseriu novo(s) aluno(s).', 3, '2022-11-22 10:47:18', 24),
	(40, 'Admin Inseriu novo(s) aluno(s).', 3, '2022-11-22 10:50:30', 24),
	(41, 'Admin Cadastrou uma Frequência para a turma 1151.', 3, '2022-11-22 11:01:00', 24),
	(42, 'Admin Cadastrou uma Frequência para a turma 1151.', 3, '2022-11-22 11:01:58', 24),
	(43, 'Admin Cadastrou uma Frequência para a turma 1151.', 3, '2022-11-22 11:02:22', 24),
	(44, 'Admin Cadastrou uma Frequência para a turma 1151.', 3, '2022-11-22 11:03:14', 24),
	(45, 'Admin Cadastrou uma Frequência para a turma 1151.', 3, '2022-11-22 11:21:22', 24),
	(46, 'Admin Cadastrou uma Frequência para a turma 1151.', 3, '2022-11-22 11:21:55', 24),
	(47, 'Admin Cadastrou uma Frequência para a turma 1151.', 3, '2022-11-22 11:23:07', 24),
	(48, 'Admin Cadastrou uma Frequência para a turma 1151.', 3, '2022-11-22 11:23:27', 24),
	(49, 'Admin Cadastrou uma Frequência para a turma 1151.', 3, '2022-11-22 11:23:46', 24),
	(50, 'Admin Cadastrou uma Frequência para a turma 1151.', 3, '2022-11-22 11:24:00', 24),
	(51, 'Admin Cadastrou uma Frequência para a turma 1151.', 3, '2022-11-22 11:24:41', 24),
	(52, 'Admin Cadastrou uma Frequência para a turma 1151.', 3, '2022-11-22 11:25:04', 24),
	(53, 'Admin Cadastrou uma Frequência para a turma 1151.', 3, '2022-11-22 11:28:13', 24),
	(54, 'Admin Cadastrou uma Frequência para a turma 1151.', 3, '2022-11-22 11:28:32', 24),
	(55, 'Admin Cadastrou uma Frequência para a turma 1151.', 3, '2022-11-22 11:29:00', 24),
	(56, 'Admin Cadastrou uma Frequência para a turma 1151.', 3, '2022-11-22 11:29:26', 24),
	(57, 'Admin Cadastrou uma Frequência para a turma 1151.', 3, '2022-11-22 11:30:03', 24),
	(58, 'Admin Cadastrou uma Frequência para a turma 1151.', 3, '2022-11-22 11:30:17', 24),
	(59, 'Admin Cadastrou uma Frequência para a turma 1151.', 3, '2022-11-22 11:30:33', 24),
	(60, 'Admin Cadastrou uma Frequência para a turma 1151.', 3, '2022-11-22 11:30:59', 24),
	(61, 'Admin Cadastrou uma Frequência para a turma 1151.', 3, '2022-11-22 11:31:11', 24),
	(62, 'Admin Cadastrou uma Frequência para a turma 1151.', 3, '2022-11-22 11:31:40', 24),
	(63, 'Admin Cadastrou uma Frequência para a turma 1151.', 3, '2022-11-22 11:31:58', 24),
	(64, 'Admin Cadastrou uma Frequência para a turma 1151.', 3, '2022-11-22 11:32:17', 24),
	(65, 'Admin Cadastrou uma Frequência para a turma 1151.', 3, '2022-11-22 11:32:44', 24),
	(66, 'Admin Cadastrou uma Frequência para a turma 1151.', 3, '2022-11-22 11:33:34', 24),
	(67, 'Admin Cadastrou uma Frequência para a turma 1151.', 3, '2022-11-22 11:33:50', 24),
	(68, 'Admin Cadastrou uma Frequência para a turma 1151.', 3, '2022-11-22 11:34:16', 24),
	(69, 'Admin Cadastrou uma Frequência para a turma 1151.', 3, '2022-11-22 11:34:40', 24),
	(70, 'Admin Cadastrou uma Frequência para a turma 1151.', 3, '2022-11-22 11:34:52', 24),
	(71, 'Admin Cadastrou uma Frequência para a turma 1151.', 3, '2022-11-22 11:35:16', 24),
	(72, 'Admin Avaliou a turma 1151.', 3, '2022-11-22 12:27:04', 24),
	(73, 'Admin Avaliou a turma 1151.', 3, '2022-11-22 12:28:00', 24),
	(74, 'Admin Avaliou a turma 1151.', 3, '2022-11-22 12:37:53', 24),
	(75, 'Admin Avaliou a turma 1151.', 3, '2022-11-22 12:38:38', 24),
	(76, 'Admin Registrou novo Usuário Banca1.', 3, '2022-11-23 14:08:52', 24),
	(77, 'Admin Registrou novo Usuário Banca1.', 3, '2022-11-23 14:11:23', 24),
	(78, 'Admin Registrou novo Usuário Banca2.', 3, '2022-11-23 14:14:09', 24),
	(79, 'Admin Registrou novo Usuário Banca2.', 3, '2022-11-23 14:14:41', 24),
	(80, 'Admin Registrou novo Usuário Banca2.', 3, '2022-11-23 14:17:31', 24),
	(81, 'Admin Registrou novo Usuário Banca2.', 3, '2022-11-23 14:17:43', 24),
	(82, 'Admin Registrou novo Usuário Banca1.', 3, '2022-11-23 14:18:34', 24),
	(83, 'Admin Registrou novo Usuário Banca1.', 3, '2022-11-23 14:18:43', 24),
	(84, 'Admin Registrou novo Usuário Banca1.', 3, '2022-11-23 14:18:45', 24),
	(85, 'Admin Registrou novo Usuário fff.', 3, '2022-11-23 14:20:52', 24),
	(86, 'Admin Registrou novo Usuário fff.', 3, '2022-11-23 14:22:44', 24),
	(87, 'Admin Registrou novo Usuário fff.', 3, '2022-11-23 14:24:59', 24),
	(88, 'Admin Registrou novo Usuário fff.', 3, '2022-11-23 14:25:58', 24),
	(89, 'Admin Registrou novo Usuário fff.', 3, '2022-11-23 14:29:36', 24),
	(90, 'Admin Registrou novo Usuário fff.', 3, '2022-11-23 14:31:45', 24),
	(91, 'Admin Registrou novo Usuário fff.', 3, '2022-11-23 14:32:07', 24),
	(92, 'Admin Registrou novo Usuário fff.', 3, '2022-11-23 14:32:17', 24),
	(93, 'Admin Registrou novo Usuário sadasd.', 3, '2022-11-23 14:33:35', 24),
	(94, 'Admin Registrou novo Usuário sadasd.', 3, '2022-11-23 14:34:00', 24),
	(95, 'Admin Registrou novo Usuário Banca1.', 3, '2022-11-23 14:34:37', 24),
	(96, 'Admin Registrou novo Usuário Banca1.', 3, '2022-11-23 14:35:21', 24),
	(97, 'Admin Registrou novo Usuário Banca3.', 3, '2022-11-23 14:35:48', 24),
	(98, 'Admin Registrou novo Usuário Banca3.', 3, '2022-11-23 14:44:46', 24),
	(99, 'Admin Registrou novo Usuário Banca3.', 3, '2022-11-23 14:45:38', 24),
	(100, 'Admin Registrou novo Usuário Banca3.', 3, '2022-11-23 14:48:08', 24),
	(101, 'Admin Registrou novo Usuário Banca3.', 3, '2022-11-23 14:49:21', 24),
	(102, 'Admin Registrou novo Usuário Banca3.', 3, '2022-11-23 14:50:35', 24),
	(103, 'Admin Registrou novo Usuário sadasd.', 3, '2022-11-23 14:51:41', 24),
	(104, 'Admin Registrou novo Usuário qweqwe.', 3, '2022-11-23 14:52:33', 24),
	(105, 'Admin Registrou novo Usuário qwewq.', 3, '2022-11-23 14:54:09', 24),
	(106, 'Admin Registrou novo Usuário asdsa.', 3, '2022-11-23 14:54:38', 24),
	(107, 'Admin Registrou novo Usuário Banca3.', 3, '2022-11-23 15:01:29', 24),
	(108, 'Admin Registrou novo Usuário Banca3.', 3, '2022-11-23 15:05:36', 24),
	(109, 'Admin Registrou novo Usuário Banca3.', 3, '2022-11-23 15:05:44', 24),
	(110, 'Admin Registrou novo Usuário Banca3.', 3, '2022-11-23 15:06:07', 24),
	(111, 'Admin Registrou novo Usuário Banca3.', 3, '2022-11-23 15:06:38', 24),
	(112, 'Admin Registrou novo Usuário Banca3.', 3, '2022-11-23 15:08:10', 24),
	(113, 'Admin Registrou novo Usuário Banca3.', 3, '2022-11-23 15:08:46', 24),
	(114, 'Admin Registrou novo Usuário Banca3.', 3, '2022-11-23 15:14:14', 24),
	(115, 'Admin Registrou novo Usuário Banca3.', 3, '2022-11-23 15:14:52', 24),
	(116, 'Admin Registrou novo Usuário Banca4.', 3, '2022-11-23 15:15:35', 24),
	(117, 'Admin Registrou novo Usuário Banca4.', 3, '2022-11-23 15:16:05', 24),
	(118, 'Admin Registrou novo Usuário Banca5.', 3, '2022-11-23 15:16:25', 24),
	(119, 'Admin Registrou novo Usuário Banca6.', 3, '2022-11-23 15:27:07', 24),
	(120, 'Admin Registrou novo Usuário Banca6.', 3, '2022-11-23 15:28:23', 24),
	(121, 'Admin Registrou novo Usuário fff.', 3, '2022-11-23 15:28:44', 24),
	(122, 'Admin Registrou novo Usuário fsdfds.', 3, '2022-11-23 15:29:16', 24),
	(123, 'Admin Registrou novo Usuário werew.', 3, '2022-11-23 15:36:41', 24),
	(124, 'Admin Registrou novo Usuário werew.', 3, '2022-11-23 15:36:50', 24),
	(125, 'Admin Registrou novo Usuário werew.', 3, '2022-11-23 15:37:10', 24),
	(126, 'Admin Registrou novo Usuário werew.', 3, '2022-11-23 15:39:54', 24),
	(127, 'Admin Registrou novo Usuário werew.', 3, '2022-11-23 15:40:01', 24),
	(128, 'Admin Registrou novo Usuário werew.', 3, '2022-11-23 15:40:21', 24),
	(129, 'Admin Registrou novo Usuário werew.', 3, '2022-11-23 15:40:51', 24),
	(130, 'Admin Registrou novo Usuário werew.', 3, '2022-11-23 15:41:03', 24),
	(131, 'Admin Registrou novo Usuário werew.', 3, '2022-11-23 15:46:13', 24),
	(132, 'Admin Registrou novo Usuário werew.', 3, '2022-11-23 15:46:20', 24),
	(133, 'Admin Registrou novo Usuário werew.', 3, '2022-11-23 15:46:29', 24),
	(134, 'Admin Registrou novo Usuário werew.', 3, '2022-11-23 15:46:43', 24),
	(135, 'Admin Registrou novo Usuário werew.', 3, '2022-11-23 15:54:16', 24),
	(136, 'Admin Registrou novo Usuário werew.', 3, '2022-11-23 15:54:41', 24),
	(137, 'Admin Registrou novo Usuário werew.', 3, '2022-11-23 15:56:32', 24),
	(138, 'Admin Registrou novo Usuário Banca5.', 3, '2022-11-23 15:57:12', 24),
	(139, 'Admin Registrou novo Usuário Banca5.', 3, '2022-11-23 15:59:39', 24),
	(140, 'Admin Registrou novo Usuário Banca5.', 3, '2022-11-23 16:01:15', 24),
	(141, 'Admin Registrou novo Usuário Banca5.', 3, '2022-11-23 16:01:17', 24),
	(142, 'Admin Registrou novo Usuário Banca5.', 3, '2022-11-23 16:01:29', 24),
	(143, 'Admin Registrou novo Usuário Banca5.', 3, '2022-11-23 16:02:52', 24),
	(144, 'Admin Registrou novo Usuário Banca5.', 3, '2022-11-23 16:03:55', 24),
	(145, 'Admin Registrou novo Usuário Banca5.', 3, '2022-11-23 16:04:38', 24),
	(146, 'Admin Registrou novo Usuário Banca5.', 3, '2022-11-23 16:05:15', 24),
	(147, 'Admin Registrou novo Usuário Banca5.', 3, '2022-11-23 16:06:22', 24),
	(148, 'Admin Registrou novo Usuário Banca5.', 3, '2022-11-23 16:07:06', 24),
	(149, 'Admin Registrou novo Usuário Banca5.', 3, '2022-11-23 16:08:56', 24),
	(150, 'Admin Registrou novo Usuário Banca5.', 3, '2022-11-23 16:13:35', 24),
	(151, 'Admin Registrou novo Usuário Banca5.', 3, '2022-11-23 16:14:29', 24),
	(152, 'Admin Registrou novo Usuário Banca5.', 3, '2022-11-23 16:15:55', 24),
	(153, 'Admin Registrou novo Usuário Banca5.', 3, '2022-11-23 16:23:49', 24),
	(154, 'Admin Registrou novo Usuário Banca5.', 3, '2022-11-23 16:24:12', 24),
	(155, 'Admin Registrou novo Usuário Banca5.', 3, '2022-11-23 16:25:38', 24),
	(156, 'Admin Registrou novo Usuário Banca5.', 3, '2022-11-23 16:26:33', 24),
	(157, 'Admin Registrou novo Usuário Banca5.', 3, '2022-11-23 16:38:33', 24),
	(158, 'Admin Registrou novo Usuário Banca5.', 3, '2022-11-23 16:38:59', 24),
	(159, 'Admin Registrou novo Usuário sadas.', 3, '2022-11-23 16:39:12', 24),
	(160, 'Admin Registrou novo Usuário Banca5.', 3, '2022-11-23 16:40:09', 24),
	(161, 'Admin Registrou novo Usuário Banca5.', 3, '2022-11-23 16:40:17', 24),
	(162, 'Admin Registrou novo Usuário Banca5.', 3, '2022-11-23 16:40:36', 24),
	(163, 'Admin Registrou novo Usuário Banca5.', 3, '2022-11-23 16:52:29', 24),
	(164, 'Admin Registrou novo Usuário Banca5.', 3, '2022-11-23 16:53:01', 24),
	(165, 'Admin Registrou novo Usuário Teste.', 3, '2022-11-23 16:58:32', 24),
	(166, 'Admin Registrou novo Usuário Teste.', 3, '2022-11-23 16:59:04', 24),
	(167, 'Admin Registrou novo Usuário Teste.', 3, '2022-11-23 17:00:10', 24),
	(168, 'Admin Registrou novo Usuário Teste.', 3, '2022-11-23 17:01:20', 24),
	(169, 'Admin Registrou novo Usuário Teste.', 3, '2022-11-23 17:01:31', 24),
	(170, 'Admin Registrou novo Usuário Teste.', 3, '2022-11-23 17:01:42', 24),
	(171, 'Admin Registrou novo Usuário Teste.', 3, '2022-11-23 17:02:04', 24),
	(172, 'Admin Registrou novo Usuário Teste.', 3, '2022-11-23 17:06:22', 24),
	(173, 'Admin Registrou novo Usuário Banca5.', 3, '2022-11-23 17:06:49', 24),
	(174, 'Admin Registrou novo Usuário Banca6.', 3, '2022-11-23 17:11:01', 24),
	(175, 'Admin Registrou novo Usuário Banca7.', 3, '2022-11-23 17:26:19', 24),
	(176, 'Admin Registrou novo Usuário Banca8.', 3, '2022-11-23 17:26:35', 24),
	(177, 'Prof Walter Avaliou a turma 1151.', 3, '2022-11-24 08:19:25', 28),
	(178, 'Admin Registrou novo Usuário Xolotl.', 3, '2022-11-24 08:22:30', 24),
	(179, 'Admin Registrou novo Usuário uiuji.', 3, '2022-11-24 08:23:15', 24),
	(180, 'Admin Registrou novo Usuário rattus.', 3, '2022-11-24 08:23:58', 24),
	(181, 'Admin Cadastrou uma Frequência para a turma 1151.', 3, '2022-11-24 08:27:26', 24),
	(182, 'Admin Inseriu novo(s) aluno(s).', 3, '2022-11-24 08:28:37', 24),
	(183, 'Admin Registrou novo Usuário Banca9.', 3, '2022-11-24 08:28:54', 24),
	(184, 'Admin Registrou novo Usuário Vmla.', 3, '2022-11-24 08:34:24', 24),
	(185, 'Admin Registrou novo Usuário Jdkkd.', 3, '2022-11-24 08:48:58', 24),
	(186, 'Admin Registrou novo Usuário Rafael Sigolo.', 3, '2022-11-24 11:13:48', 24),
	(187, 'Admin Registrou novo Usuário Banca9.', 3, '2022-11-24 12:59:51', 24),
	(188, 'Admin Registrou novo Usuário Banca9.', 3, '2022-11-24 13:01:02', 24),
	(189, 'Admin Registrou novo ministra.', 3, '2022-11-24 13:10:02', 24),
	(190, 'Admin Registrou novo ministra.', 3, '2022-11-24 13:10:09', 24),
	(191, 'Admin Registrou novo ministra.', 3, '2022-11-24 13:10:16', 24),
	(192, 'Admin Registrou novo ministra.', 3, '2022-11-24 13:10:23', 24),
	(193, 'Admin Registrou novo ministra.', 3, '2022-11-24 13:10:28', 24),
	(194, 'Admin Registrou novo ministra.', 3, '2022-11-24 13:10:34', 24),
	(195, 'Admin Registrou novo ministra.', 3, '2022-11-24 13:10:43', 24),
	(196, 'Admin Registrou novo ministra.', 3, '2022-11-24 13:10:52', 24),
	(197, 'Prof Walter Programou Nova Avaliação para a Turma 1151.', 3, '2022-11-24 13:35:40', 28),
	(198, 'Prof Walter Registrou Novo conteúdo para a Turma 1151.', 3, '2022-11-24 13:39:55', 28),
	(200, 'Prof Walter Cadastrou uma Frequência para a turma 1151.', 3, '2022-11-24 14:48:50', 28),
	(201, 'Prof Walter Programou Nova Avaliação para a Turma 1151.', 3, '2022-11-24 14:52:46', 28),
	(202, 'Prof Walter Programou Nova Avaliação para a Turma 1151.', 3, '2022-11-24 14:54:18', 28),
	(203, 'Admin Inseriu novo(s) aluno(s).', 3, '2022-11-24 15:02:48', 24),
	(204, 'Admin Inseriu novo(s) aluno(s).', 3, '2022-11-24 15:03:31', 24),
	(205, 'Admin Registrou Novo(s) Dia(s) de Aula.', 3, '2022-11-24 15:22:48', 24),
	(206, 'Admin Registrou novo Usuário Banca10.', 3, '2022-11-24 16:19:08', 24),
	(207, 'Admin Registrou novo Usuário Vasco.', 3, '2022-11-24 16:22:11', 24),
	(208, 'Admin Registrou novo Usuário Banca11.', 3, '2022-11-24 16:23:59', 24),
	(209, 'Prof Walter Registrou Novo conteúdo para a Turma 1151.', 3, '2022-11-24 18:14:21', 28),
	(210, 'Prof Walter Registrou Novo conteúdo para a Turma 1151.', 3, '2022-11-24 18:19:55', 28),
	(211, 'Prof Walter Cadastrou uma Frequência para a turma 1201.', 3, '2022-11-24 18:20:53', 28),
	(212, 'Admin Registrou Nova Disciplina.', 3, '2022-11-24 18:23:38', 24),
	(213, 'Admin Registrou novo ministra.', 3, '2022-11-24 18:24:55', 24),
	(214, 'Admin Inseriu novo Registro de Aulas.', 3, '2022-11-24 18:31:07', 24),
	(215, 'Admin Inseriu novo(s) aluno(s).', 3, '2022-11-24 19:03:49', 24),
	(216, 'Admin Inseriu novo(s) aluno(s).', 3, '2022-11-24 19:06:58', 24),
	(217, 'Admin Inseriu novo(s) aluno(s).', 3, '2022-11-24 19:07:56', 24),
	(218, 'Admin Registrou Nova Disciplina.', 3, '2022-11-24 19:11:09', 24),
	(219, 'Admin Registrou Nova Disciplina.', 3, '2022-11-24 19:28:39', 24),
	(220, 'Admin Registrou Novo Curso.', 3, '2022-11-24 19:43:19', 24),
	(221, 'Admin Registrou Turma 9999.', 3, '2022-11-24 19:48:24', 24),
	(222, 'Admin Registrou Novo Curso.', 3, '2022-11-24 20:02:45', 24),
	(223, 'Admin Registrou Turma 9999.', 3, '2022-11-24 20:05:24', 24),
	(224, 'Admin Inseriu novo(s) aluno(s).', 3, '2022-11-24 20:58:01', 24),
	(238, 'Prof Walter Cadastrou uma Frequência para a turma 1151.', 3, '2022-11-24 21:57:06', 28),
	(239, 'Prof Walter Cadastrou uma Frequência para a turma 1151.', 3, '2022-11-24 22:05:31', 28),
	(240, 'Prof Walter Avaliou a turma 3241.', 3, '2022-11-24 22:32:58', 28),
	(241, 'Prof Walter Avaliou a turma 3241.', 3, '2022-11-24 22:38:03', 28),
	(242, 'Admin Registrou novo Usuário Banca10.', 3, '2022-11-24 23:11:22', 24),
	(243, 'Admin Registrou novo ministra.', 3, '2022-11-25 07:23:00', 24),
	(244, 'Admin Registrou novo Usuário vasco.', 3, '2022-11-25 07:40:04', 24),
	(245, 'Prof Walter Cadastrou uma Frequência para a turma 1151.', 3, '2022-11-25 09:27:38', 28),
	(246, 'Prof Walter Programou Nova Avaliação para a Turma 1151.', 3, '2022-11-25 09:28:24', 28),
	(247, 'Prof Walter Avaliou a turma 1151.', 3, '2022-11-25 09:28:55', 28),
	(248, 'Prof Walter Registrou Novo conteúdo para a Turma 1151.', 3, '2022-11-25 09:29:40', 28),
	(249, 'teste 5', 2, '2022-11-25 09:30:48', 24),
	(250, 'Prof Banca1 Cadastrou uma Frequência para a turma 1151.', 3, '2022-11-25 09:36:48', 60),
	(251, 'Prof Walter Cadastrou uma Frequência para a turma 1151.', 3, '2022-11-25 09:36:52', 28),
	(252, 'Prof Banca4 Cadastrou uma Frequência para a turma 1151.', 3, '2022-11-25 09:36:53', 81),
	(253, 'Prof Banca5 Cadastrou uma Frequência para a turma 1151.', 3, '2022-11-25 09:37:01', 138),
	(254, 'Prof Banca1 Cadastrou uma Frequência para a turma 1151.', 3, '2022-11-25 09:37:15', 60),
	(255, 'Prof Banca5 Cadastrou uma Frequência para a turma 1151.', 3, '2022-11-25 09:37:28', 138),
	(256, 'Prof Banca1 Cadastrou uma Frequência para a turma 1151.', 3, '2022-11-25 09:37:34', 60),
	(257, 'Prof Banca5 Cadastrou uma Frequência para a turma 1151.', 3, '2022-11-25 09:37:56', 138),
	(258, 'Prof Banca1 Cadastrou uma Frequência para a turma 1151.', 3, '2022-11-25 09:37:59', 60),
	(259, 'Prof Banca1 Cadastrou uma Frequência para a turma 1151.', 3, '2022-11-25 09:38:00', 60),
	(260, 'Prof Banca1 Cadastrou uma Frequência para a turma 1151.', 3, '2022-11-25 09:38:16', 60),
	(261, 'Prof Banca5 Cadastrou uma Frequência para a turma 1151.', 3, '2022-11-25 09:38:34', 138),
	(262, 'Prof Banca1 Cadastrou uma Frequência para a turma 1151.', 3, '2022-11-25 09:38:39', 60),
	(263, 'Prof Banca1 Cadastrou uma Frequência para a turma 1151.', 3, '2022-11-25 09:38:40', 60),
	(264, 'Prof Banca5 Cadastrou uma Frequência para a turma 1151.', 3, '2022-11-25 09:38:52', 138),
	(265, 'Prof Banca1 Cadastrou uma Frequência para a turma 1151.', 3, '2022-11-25 09:39:31', 60),
	(266, 'Prof Banca1 Cadastrou uma Frequência para a turma 1151.', 3, '2022-11-25 09:39:43', 60),
	(267, 'Prof Banca5 Cadastrou uma Frequência para a turma 1151.', 3, '2022-11-25 09:39:51', 138),
	(268, 'Prof Banca1 Cadastrou uma Frequência para a turma 1151.', 3, '2022-11-25 09:40:08', 60),
	(269, 'Prof Banca1 Cadastrou uma Frequência para a turma 1151.', 3, '2022-11-25 09:41:04', 60),
	(270, 'Prof Banca1 Cadastrou uma Frequência para a turma 1151.', 3, '2022-11-25 09:42:56', 60),
	(271, 'Prof Banca5 Cadastrou uma Frequência para a turma 1151.', 3, '2022-11-25 09:43:24', 138),
	(272, 'Prof Banca1 Cadastrou uma Frequência para a turma 1151.', 3, '2022-11-25 09:46:01', 60),
	(273, 'Prof Banca5 Cadastrou uma Frequência para a turma 1151.', 3, '2022-11-25 10:16:00', 138);
/*!40000 ALTER TABLE `mensagem` ENABLE KEYS */;

-- Copiando estrutura para tabela diario_new.ministra
DROP TABLE IF EXISTS `ministra`;
CREATE TABLE IF NOT EXISTS `ministra` (
  `id_ministra` int(11) NOT NULL AUTO_INCREMENT,
  `id_cursa` int(11) DEFAULT NULL,
  `mat_prof` int(11) DEFAULT NULL,
  PRIMARY KEY (`id_ministra`),
  KEY `id_cursa` (`id_cursa`),
  KEY `mat_prof` (`mat_prof`),
  CONSTRAINT `ministra_ibfk_1` FOREIGN KEY (`id_cursa`) REFERENCES `cursa` (`id_cursa`) ON DELETE CASCADE ON UPDATE CASCADE,
  CONSTRAINT `ministra_ibfk_2` FOREIGN KEY (`mat_prof`) REFERENCES `professor` (`mat_prof`) ON DELETE CASCADE ON UPDATE CASCADE
) ENGINE=InnoDB AUTO_INCREMENT=33 DEFAULT CHARSET=utf8mb4;

-- Copiando dados para a tabela diario_new.ministra: ~18 rows (aproximadamente)
/*!40000 ALTER TABLE `ministra` DISABLE KEYS */;
REPLACE INTO `ministra` (`id_ministra`, `id_cursa`, `mat_prof`) VALUES
	(12, 227, 654689637),
	(13, 248, 654689637),
	(14, 384, 654689637),
	(15, 229, 131313131),
	(16, 235, 869874578),
	(17, 237, 674853242),
	(18, 238, 562459745),
	(19, 233, 326494915),
	(20, 242, 898656666),
	(21, 240, 891654654),
	(23, 228, 147483647),
	(24, 230, 873039946),
	(25, 237, 877239966),
	(26, 235, 877235468),
	(27, 239, 213652469),
	(28, 240, 877239943),
	(29, 241, 832239964),
	(30, 236, 879356996),
	(32, 231, 87346996);
/*!40000 ALTER TABLE `ministra` ENABLE KEYS */;

-- Copiando estrutura para tabela diario_new.modalidade
DROP TABLE IF EXISTS `modalidade`;
CREATE TABLE IF NOT EXISTS `modalidade` (
  `id_modal` int(11) NOT NULL AUTO_INCREMENT,
  `nome_modal` varchar(20) NOT NULL,
  PRIMARY KEY (`id_modal`)
) ENGINE=InnoDB AUTO_INCREMENT=3 DEFAULT CHARSET=utf8mb4;

-- Copiando dados para a tabela diario_new.modalidade: ~2 rows (aproximadamente)
/*!40000 ALTER TABLE `modalidade` DISABLE KEYS */;
REPLACE INTO `modalidade` (`id_modal`, `nome_modal`) VALUES
	(1, 'Integrado'),
	(2, 'Subsequente');
/*!40000 ALTER TABLE `modalidade` ENABLE KEYS */;

-- Copiando estrutura para evento diario_new.myevent
DROP EVENT IF EXISTS `myevent`;
DELIMITER //
CREATE EVENT `myevent` ON SCHEDULE EVERY '1:0' HOUR_MINUTE STARTS '2022-03-12 18:04:00' ON COMPLETION NOT PRESERVE ENABLE DO CALL apgcod()//
DELIMITER ;

-- Copiando estrutura para tabela diario_new.professor
DROP TABLE IF EXISTS `professor`;
CREATE TABLE IF NOT EXISTS `professor` (
  `mat_prof` int(20) NOT NULL,
  `id_usur` int(11) NOT NULL AUTO_INCREMENT,
  PRIMARY KEY (`mat_prof`),
  KEY `id_usur` (`id_usur`),
  CONSTRAINT `professor_ibfk_1` FOREIGN KEY (`id_usur`) REFERENCES `usuario` (`id_usur`) ON DELETE CASCADE ON UPDATE CASCADE
) ENGINE=InnoDB AUTO_INCREMENT=1005 DEFAULT CHARSET=utf8mb4;

-- Copiando dados para a tabela diario_new.professor: ~19 rows (aproximadamente)
/*!40000 ALTER TABLE `professor` DISABLE KEYS */;
REPLACE INTO `professor` (`mat_prof`, `id_usur`) VALUES
	(654689637, 28),
	(869874578, 29),
	(674853242, 30),
	(562459745, 31),
	(659823654, 32),
	(326494915, 33),
	(996454892, 34),
	(131313131, 35),
	(891654654, 36),
	(898656666, 37),
	(873039946, 48),
	(147483647, 60),
	(877239966, 78),
	(877235468, 81),
	(213652469, 138),
	(877239943, 139),
	(832239964, 140),
	(879356996, 141),
	(87346996, 150),
	(877298374, 152),
	(8746736, 153);
/*!40000 ALTER TABLE `professor` ENABLE KEYS */;

-- Copiando estrutura para tabela diario_new.rec_conta
DROP TABLE IF EXISTS `rec_conta`;
CREATE TABLE IF NOT EXISTS `rec_conta` (
  `id_rec` int(11) NOT NULL AUTO_INCREMENT,
  `id_usur` int(11) DEFAULT NULL,
  `cod_rec` varchar(50) NOT NULL DEFAULT '',
  `data_rec` datetime NOT NULL,
  PRIMARY KEY (`id_rec`),
  KEY `id_usur` (`id_usur`),
  CONSTRAINT `FK_rec_conta_usuario` FOREIGN KEY (`id_usur`) REFERENCES `usuario` (`id_usur`)
) ENGINE=InnoDB AUTO_INCREMENT=4 DEFAULT CHARSET=utf8mb4;

-- Copiando dados para a tabela diario_new.rec_conta: ~0 rows (aproximadamente)
/*!40000 ALTER TABLE `rec_conta` DISABLE KEYS */;
/*!40000 ALTER TABLE `rec_conta` ENABLE KEYS */;

-- Copiando estrutura para tabela diario_new.turma
DROP TABLE IF EXISTS `turma`;
CREATE TABLE IF NOT EXISTS `turma` (
  `n_turma` int(11) NOT NULL,
  `id_turno` int(11) DEFAULT NULL,
  `id_curso` int(11) DEFAULT NULL,
  `id_modal` int(11) DEFAULT NULL,
  `ano_modulo` int(11) DEFAULT NULL,
  PRIMARY KEY (`n_turma`),
  KEY `id_turno` (`id_turno`),
  KEY `id_curso` (`id_curso`),
  KEY `id_modal` (`id_modal`),
  CONSTRAINT `turma_ibfk_1` FOREIGN KEY (`id_turno`) REFERENCES `turno` (`id_turno`) ON DELETE CASCADE ON UPDATE CASCADE,
  CONSTRAINT `turma_ibfk_2` FOREIGN KEY (`id_curso`) REFERENCES `curso` (`id_curso`) ON DELETE CASCADE ON UPDATE CASCADE,
  CONSTRAINT `turma_ibfk_3` FOREIGN KEY (`id_modal`) REFERENCES `modalidade` (`id_modal`) ON DELETE CASCADE ON UPDATE CASCADE
) ENGINE=InnoDB DEFAULT CHARSET=utf8mb4;

-- Copiando dados para a tabela diario_new.turma: ~9 rows (aproximadamente)
/*!40000 ALTER TABLE `turma` DISABLE KEYS */;
REPLACE INTO `turma` (`n_turma`, `id_turno`, `id_curso`, `id_modal`, `ano_modulo`) VALUES
	(1151, 1, 5, 1, 1),
	(1201, 4, 1, 1, 1),
	(1231, 4, 3, 1, 1),
	(2131, 4, 3, 1, 2),
	(2241, 4, 4, 1, 2),
	(3101, 1, 1, 1, 3),
	(3151, 1, 5, 1, 3),
	(3241, 1, 4, 1, 3);
/*!40000 ALTER TABLE `turma` ENABLE KEYS */;

-- Copiando estrutura para tabela diario_new.turno
DROP TABLE IF EXISTS `turno`;
CREATE TABLE IF NOT EXISTS `turno` (
  `id_turno` int(11) NOT NULL AUTO_INCREMENT,
  `turno` varchar(20) DEFAULT NULL,
  PRIMARY KEY (`id_turno`)
) ENGINE=InnoDB AUTO_INCREMENT=5 DEFAULT CHARSET=utf8mb4;

-- Copiando dados para a tabela diario_new.turno: ~4 rows (aproximadamente)
/*!40000 ALTER TABLE `turno` DISABLE KEYS */;
REPLACE INTO `turno` (`id_turno`, `turno`) VALUES
	(1, 'Manhã'),
	(2, 'Tarde'),
	(3, 'Noite'),
	(4, 'Integral');
/*!40000 ALTER TABLE `turno` ENABLE KEYS */;

-- Copiando estrutura para tabela diario_new.usuario
DROP TABLE IF EXISTS `usuario`;
CREATE TABLE IF NOT EXISTS `usuario` (
  `id_usur` int(11) NOT NULL AUTO_INCREMENT,
  `usuario` varchar(50) DEFAULT NULL,
  `senha` varchar(50) DEFAULT NULL,
  `email` varchar(50) DEFAULT NULL,
  `ativo` tinyint(1) DEFAULT NULL,
  `funcao` int(11) DEFAULT NULL,
  `nome` varchar(50) DEFAULT NULL,
  `foto` varchar(50) DEFAULT NULL,
  PRIMARY KEY (`id_usur`),
  KEY `id_func` (`funcao`) USING BTREE,
  CONSTRAINT `FK_usuario_funcao` FOREIGN KEY (`funcao`) REFERENCES `funcao` (`id_func`)
) ENGINE=InnoDB AUTO_INCREMENT=154 DEFAULT CHARSET=utf8mb4;

-- Copiando dados para a tabela diario_new.usuario: ~28 rows (aproximadamente)
/*!40000 ALTER TABLE `usuario` DISABLE KEYS */;
REPLACE INTO `usuario` (`id_usur`, `usuario`, `senha`, `email`, `ativo`, `funcao`, `nome`, `foto`) VALUES
	(24, 'Admin', '40bd001563085fc35165329ea1ff5c5ecbdbbeef', 'robertcostafernandespinto33@hotmail.com', 1, 1, 'Admin', 'user24.jpg'),
	(25, 'Diretor', '40bd001563085fc35165329ea1ff5c5ecbdbbeef', 'Diretor@Diretor.com', 1, 2, 'Diretor', '0'),
	(26, 'Coord_Info', '40bd001563085fc35165329ea1ff5c5ecbdbbeef', 'Coord@Coord.com', 1, 3, 'Coord_Info', '0'),
	(27, 'Sec', '40bd001563085fc35165329ea1ff5c5ecbdbbeef', 'Sec@Sec.com', 1, 4, 'Sec', '0'),
	(28, 'Walter', '40bd001563085fc35165329ea1ff5c5ecbdbbeef', 'WalterHist@gmail.com', 1, 5, 'Walter', 'user28.png'),
	(29, 'Alexandre', '40bd001563085fc35165329ea1ff5c5ecbdbbeef', 'AlexandreUBER@hotmail.com', 1, 5, 'Alexandre', '0'),
	(30, 'Florence', '40bd001563085fc35165329ea1ff5c5ecbdbbeef', 'FlorenceH20@gmail.com', 1, 5, 'Florence', '0'),
	(31, 'Marconi', '40bd001563085fc35165329ea1ff5c5ecbdbbeef', 'MarconiPI@yahoo.com', 1, 5, 'Marconi', '0'),
	(32, 'André', '40bd001563085fc35165329ea1ff5c5ecbdbbeef', 'AndréN@outlook.com', 1, 5, 'André', '0'),
	(33, 'Elizabeth', '40bd001563085fc35165329ea1ff5c5ecbdbbeef', 'BethHabla@gmail.com', 1, 5, 'Elizabeth', '0'),
	(34, 'Lucia', '40bd001563085fc35165329ea1ff5c5ecbdbbeef', 'HelloLu@hotmail.com', 1, 5, 'Lucia', '0'),
	(35, 'Avennas', '40bd001563085fc35165329ea1ff5c5ecbdbbeef', 'AvennasPT@gmail.com', 1, 5, 'Avennas', '0'),
	(36, 'Claudia', '40bd001563085fc35165329ea1ff5c5ecbdbbeef', 'AbdallaXY@hotmai.com', 1, 5, 'Abdalla', '0'),
	(37, 'Jeany', '40bd001563085fc35165329ea1ff5c5ecbdbbeef', 'JeanyJS@gmail.com', 1, 5, 'Jeany', '0'),
	(38, 'Sup', '40bd001563085fc35165329ea1ff5c5ecbdbbeef', 'sup@sup.com', 1, 6, 'Sup', '0'),
	(39, 'Coord_Analises', '40bd001563085fc35165329ea1ff5c5ecbdbbeef', 'Coord_Anl@Coord.com', 1, 3, 'Coord_Anl', '0'),
	(40, 'Cord_Adm', '40bd001563085fc35165329ea1ff5c5ecbdbbeef', 'Coord_Adm@Coord.com', 1, 3, 'Coord_Adm', '0'),
	(41, 'Coord_Ger', '40bd001563085fc35165329ea1ff5c5ecbdbbeef', 'Coord_Ger@coord.com', 1, 3, 'Coord_Ger', '0'),
	(43, 'suporte', '40bd001563085fc35165329ea1ff5c5ecbdbbeef', 'suporte.eteot@gmail.com', 1, 1, 'Suporte', '0'),
	(48, 'Banca2', 'da39a3ee5e6b4b0d3255bfef95601890afd80709', 'banca2@gmail.com', 1, 5, 'Banca2', '0'),
	(60, 'Banca1', '40bd001563085fc35165329ea1ff5c5ecbdbbeef', 'banca1@gmail.com', 1, 5, 'Banca1', '0'),
	(78, 'Banca3', '40bd001563085fc35165329ea1ff5c5ecbdbbeef', 'banca3@gmail.com', 1, 5, 'Banca3', '0'),
	(81, 'Banca4', '40bd001563085fc35165329ea1ff5c5ecbdbbeef', 'banca4@gmail.com', 1, 5, 'Banca4', '0'),
	(138, 'Banca5', '40bd001563085fc35165329ea1ff5c5ecbdbbeef', 'banca5@gmail.com', 1, 5, 'Banca5', '0'),
	(139, 'Banca6', '40bd001563085fc35165329ea1ff5c5ecbdbbeef', 'banca6@gmail.com', 1, 5, 'Banca6', '0'),
	(140, 'Banca7', '40bd001563085fc35165329ea1ff5c5ecbdbbeef', 'banca7@gmail.com', 1, 5, 'Banca7', '0'),
	(141, 'Banca8', '40bd001563085fc35165329ea1ff5c5ecbdbbeef', 'banca8@gmail.com', 1, 5, 'Banca8', '0'),
	(150, 'Banca9', '40bd001563085fc35165329ea1ff5c5ecbdbbeef', 'banca9@gmail.com', 1, 5, 'Banca9', '0'),
	(152, 'Banca10', '40bd001563085fc35165329ea1ff5c5ecbdbbeef', 'Banca10@gmail.com', 0, 5, 'Banca10', '0'),
	(153, 'vasco', '40bd001563085fc35165329ea1ff5c5ecbdbbeef', 'vasco@gmail.com', 1, 5, 'vasco', '0');
/*!40000 ALTER TABLE `usuario` ENABLE KEYS */;

/*!40101 SET SQL_MODE=IFNULL(@OLD_SQL_MODE, '') */;
/*!40014 SET FOREIGN_KEY_CHECKS=IFNULL(@OLD_FOREIGN_KEY_CHECKS, 1) */;
/*!40101 SET CHARACTER_SET_CLIENT=@OLD_CHARACTER_SET_CLIENT */;
/*!40111 SET SQL_NOTES=IFNULL(@OLD_SQL_NOTES, 1) */;
